CREATE TABLE IF NOT EXISTS PREFIX_DB_aridiuscallback (order_id int(11) NOT NULL AUTO_INCREMENT, product_id int(11) NOT NULL, contact varchar(96) NOT NULL, firstname varchar(96) NOT NULL, email varchar(96) NOT NULL, comment text NOT NULL, comment_manager text NOT NULL, status tinyint(1) NOT NULL, time_in time NOT NULL DEFAULT '00:00:00', time_off time NOT NULL DEFAULT '00:00:00', date_added datetime NOT NULL DEFAULT '0000-00-00 00:00:00', PRIMARY KEY (order_id)) ENGINE=MyISAM DEFAULT CHARSET=utf8;
CREATE TABLE IF NOT EXISTS PREFIX_DB_aridiusfastorder (order_id int(11) NOT NULL AUTO_INCREMENT,product_id int(11) NOT NULL,product_option_value_id int(11) NOT NULL,contact varchar(96) NOT NULL,firstname varchar(96) NOT NULL,email varchar(96) NOT NULL,comment text NOT NULL,comment_manager text NOT NULL,product_name varchar(255) NOT NULL,quantity int(4) NOT NULL,status tinyint(1) NOT NULL,format_option varchar(255) NOT NULL,total decimal(15,4) NOT NULL DEFAULT '0.0000',date_added datetime NOT NULL DEFAULT '0000-00-00 00:00:00',currency_id int(11) NOT NULL,currency_code varchar(3) NOT NULL,currency_value decimal(15,8) NOT NULL DEFAULT '1.00000000',PRIMARY KEY (order_id)) ENGINE=MyISAM DEFAULT CHARSET=utf8;
CREATE TABLE IF NOT EXISTS PREFIX_DB_aridiusinstock (order_id int(11) NOT NULL AUTO_INCREMENT,product_id int(11) NOT NULL,contact varchar(96) NOT NULL,firstname varchar(96) NOT NULL,email varchar(96) NOT NULL,comment_manager text NOT NULL,product_name varchar(255) NOT NULL,status tinyint(1) NOT NULL,date_added datetime NOT NULL DEFAULT '0000-00-00 00:00:00',PRIMARY KEY (order_id)) ENGINE=MyISAM DEFAULT CHARSET=utf8;
CREATE TABLE IF NOT EXISTS PREFIX_DB_aridiusundersell (order_id int(11) NOT NULL AUTO_INCREMENT,product_id int(11) NOT NULL,contact varchar(96) NOT NULL,firstname varchar(96) NOT NULL,email varchar(96) NOT NULL,link text NOT NULL,comment text NOT NULL,comment_manager text NOT NULL,product_name varchar(255) NOT NULL,quantity int(4) NOT NULL,status tinyint(1) NOT NULL,format_option varchar(255) NOT NULL,total decimal(15,4) NOT NULL DEFAULT '0.0000',date_added datetime NOT NULL DEFAULT '0000-00-00 00:00:00',currency_id int(11) NOT NULL,currency_code varchar(3) NOT NULL,currency_value decimal(15,8) NOT NULL DEFAULT '1.00000000',PRIMARY KEY (order_id)) ENGINE=MyISAM DEFAULT CHARSET=utf8;
CREATE TABLE IF NOT EXISTS PREFIX_DB_aridius_letters (email_id int(11) NOT NULL AUTO_INCREMENT,email_user varchar(96) NOT NULL,email_date date NOT NULL,PRIMARY KEY (`email_id`)) ENGINE=MyISAM DEFAULT CHARSET=utf8;
CREATE TABLE IF NOT EXISTS PREFIX_DB_aridius_news (`aridius_news_id` int(11) NOT NULL AUTO_INCREMENT, `image` varchar(255) DEFAULT NULL, `video` varchar(255) DEFAULT NULL, `date_added` datetime NOT NULL,`viewed` int(11) NOT NULL DEFAULT '0', `sort_order` int(3) NOT NULL DEFAULT '0', `status` tinyint(1) NOT NULL, PRIMARY KEY (`aridius_news_id`)) ENGINE=MYISAM DEFAULT CHARSET=utf8 COLLATE=utf8_general_ci;
CREATE TABLE IF NOT EXISTS PREFIX_DB_aridius_news_description (`aridius_news_id` int(11) NOT NULL, `language_id` int(11) NOT NULL, `title` varchar(255) NOT NULL, `meta_description` VARCHAR(255) NOT NULL, `meta_title` VARCHAR(255) NOT NULL, `description` text CHARACTER SET utf8 NOT NULL, `meta_keyword` varchar(255) NOT NULL,  PRIMARY KEY (`aridius_news_id`,`language_id`)) ENGINE=MYISAM DEFAULT CHARSET=utf8 COLLATE=utf8_general_ci;
CREATE TABLE IF NOT EXISTS PREFIX_DB_aridius_news_to_store (`aridius_news_id` int(11) NOT NULL, `store_id` int(11) NOT NULL, PRIMARY KEY (`aridius_news_id`,`store_id`)) ENGINE=MYISAM DEFAULT CHARSET=utf8 COLLATE=utf8_general_ci;
CREATE TABLE IF NOT EXISTS PREFIX_DB_aridius_news_related (`aridius_news_id` int(11) NOT NULL, `related_aridius_news_id` int(11) NOT NULL, PRIMARY KEY (`aridius_news_id`,`related_aridius_news_id`)) ENGINE=MyISAM DEFAULT CHARSET=utf8 COLLATE=utf8_bin;
CREATE TABLE IF NOT EXISTS PREFIX_DB_aridius_news_product_related (`aridius_news_id` int(11) NOT NULL,`product_id` int(11) NOT NULL,PRIMARY KEY (`aridius_news_id`,`product_id`)) ENGINE=MyISAM DEFAULT CHARSET=utf8 COLLATE=utf8_bin;
CREATE TABLE IF NOT EXISTS PREFIX_DB_aridius_review_news (`review_id` int(11) NOT NULL AUTO_INCREMENT, `parent_id` int(11) NOT NULL, `customer_id` int(11) NOT NULL, `news_id` int(11) NOT NULL, `author` varchar(64) NOT NULL, `text` text NOT NULL, `status` tinyint(1) NOT NULL DEFAULT '0', `date_added` datetime NOT NULL, `date_modified` datetime NOT NULL, PRIMARY KEY (`review_id`)) ENGINE=MYISAM DEFAULT CHARSET=utf8 COLLATE=utf8_general_ci;
CREATE TABLE IF NOT EXISTS PREFIX_DB_aridius_review_store (`review_id` int(11) NOT NULL AUTO_INCREMENT, `parent` int(11) NOT NULL, `customer_id` int(11) NOT NULL, `author` varchar(64) NOT NULL, `text` text NOT NULL, `rating` int(1) NOT NULL, `status` tinyint(1) NOT NULL DEFAULT '0', `date_added` datetime NOT NULL, `date_modified` datetime NOT NULL, PRIMARY KEY (`review_id`)) ENGINE=MYISAM DEFAULT CHARSET=utf8 COLLATE=utf8_general_ci;
CREATE TABLE IF NOT EXISTS PREFIX_DB_license (`key` varchar(3) CHARACTER SET utf8,`value` text CHARACTER SET utf8,primary key (`key`)) ENGINE=MyISAM DEFAULT CHARSET=utf8;
CREATE TABLE IF NOT EXISTS PREFIX_DB_review_dig_lim (review_id int(11) NOT NULL AUTO_INCREMENT,dignity text NOT NULL,limitations text NOT NULL,PRIMARY KEY (review_id)) ENGINE=MyISAM DEFAULT CHARSET=utf8;
ALTER TABLE PREFIX_DB_banner_image ADD `description` text NOT NULL AFTER title;
ALTER TABLE PREFIX_DB_product ADD `popupsize` tinyint(1) NOT NULL AFTER stock_status_id;
ALTER TABLE PREFIX_DB_product ADD `stickers` tinyint(1) NOT NULL AFTER stock_status_id;
ALTER TABLE PREFIX_DB_category ADD `stickers` tinyint(1) NOT NULL AFTER status;


TRUNCATE TABLE `PREFIX_DB_information`;

INSERT INTO `PREFIX_DB_information` (`information_id`, `bottom`, `sort_order`, `status`, `noindex`) VALUES ('3', '1', '3', '1', '1');
INSERT INTO `PREFIX_DB_information` (`information_id`, `bottom`, `sort_order`, `status`, `noindex`) VALUES ('4', '1', '1', '1', '1');
INSERT INTO `PREFIX_DB_information` (`information_id`, `bottom`, `sort_order`, `status`, `noindex`) VALUES ('5', '1', '4', '1', '1');
INSERT INTO `PREFIX_DB_information` (`information_id`, `bottom`, `sort_order`, `status`, `noindex`) VALUES ('6', '1', '2', '1', '1');
INSERT INTO `PREFIX_DB_information` (`information_id`, `bottom`, `sort_order`, `status`, `noindex`) VALUES ('7', '0', '100', '1', '1');


TRUNCATE TABLE `PREFIX_DB_information_description`;

INSERT INTO `PREFIX_DB_information_description` (`information_id`, `language_id`, `title`, `description`, `meta_title`, `meta_h1`, `meta_description`, `meta_keyword`) VALUES ('4', '1', 'О нас', '&lt;p&gt;\r\n\tО нас&lt;/p&gt;\r\n', '', '', '', '');
INSERT INTO `PREFIX_DB_information_description` (`information_id`, `language_id`, `title`, `description`, `meta_title`, `meta_h1`, `meta_description`, `meta_keyword`) VALUES ('5', '1', 'Условия соглашения', '&lt;p&gt;\r\n\tУсловия соглашения&lt;/p&gt;\r\n', '', '', '', '');
INSERT INTO `PREFIX_DB_information_description` (`information_id`, `language_id`, `title`, `description`, `meta_title`, `meta_h1`, `meta_description`, `meta_keyword`) VALUES ('3', '1', 'Политика безопасности', '&lt;p&gt;\r\n\tПолитика безопасности&lt;/p&gt;\r\n', '', '', '', '');
INSERT INTO `PREFIX_DB_information_description` (`information_id`, `language_id`, `title`, `description`, `meta_title`, `meta_h1`, `meta_description`, `meta_keyword`) VALUES ('6', '1', 'Информация о доставке', '&lt;p&gt;\r\n\tИнформация о доставке&lt;/p&gt;\r\n', '', '', '', '');
INSERT INTO `PREFIX_DB_information_description` (`information_id`, `language_id`, `title`, `description`, `meta_title`, `meta_h1`, `meta_description`, `meta_keyword`) VALUES ('4', '2', 'About Us', '&lt;p&gt;\r\n\tAbout Us&lt;/p&gt;\r\n', '', '', '', '');
INSERT INTO `PREFIX_DB_information_description` (`information_id`, `language_id`, `title`, `description`, `meta_title`, `meta_h1`, `meta_description`, `meta_keyword`) VALUES ('5', '2', 'Terms &amp; Conditions', '&lt;p&gt;\r\n\tTerms &amp;amp; Conditions&lt;/p&gt;\r\n', '', '', '', '');
INSERT INTO `PREFIX_DB_information_description` (`information_id`, `language_id`, `title`, `description`, `meta_title`, `meta_h1`, `meta_description`, `meta_keyword`) VALUES ('3', '2', 'Privacy Policy', '&lt;p&gt;\r\n\tPrivacy Policy&lt;/p&gt;\r\n', '', '', '', '');
INSERT INTO `PREFIX_DB_information_description` (`information_id`, `language_id`, `title`, `description`, `meta_title`, `meta_h1`, `meta_description`, `meta_keyword`) VALUES ('6', '2', 'Delivery Information', '&lt;p&gt;\r\n\tDelivery Information&lt;/p&gt;\r\n', '', '', '', '');
INSERT INTO `PREFIX_DB_information_description` (`information_id`, `language_id`, `title`, `description`, `meta_title`, `meta_h1`, `meta_description`, `meta_keyword`) VALUES ('7', '1', 'Согласие на обработку персональных данных', '&lt;p&gt;Предоставляя свои персональные данные при регистрации на сайте, \r\nПокупатель даёт Продавцу своё согласие на обработку и использование \r\nсвоих персональных данных согласно ФЗ № 152-ФЗ «О персональных данных» \r\nот 27.07.2006 г. различными способами в целях, указанных в настоящих \r\nПравилах.&lt;/p&gt;&lt;p&gt;&lt;br&gt;&lt;/p&gt;', 'Согласие на обработку персональных данных', 'Согласие на обработку персональных данных', 'Согласие на обработку персональных данных', 'Согласие на обработку персональных данных');
INSERT INTO `PREFIX_DB_information_description` (`information_id`, `language_id`, `title`, `description`, `meta_title`, `meta_h1`, `meta_description`, `meta_keyword`) VALUES ('7', '2', 'Согласие на обработку персональных данных', '&lt;p&gt;Предоставляя свои персональные данные при регистрации на сайте, \r\nПокупатель даёт Продавцу своё согласие на обработку и использование \r\nсвоих персональных данных согласно ФЗ № 152-ФЗ «О персональных данных» \r\nот 27.07.2006 г. различными способами в целях, указанных в настоящих \r\nПравилах.&lt;/p&gt;&lt;p&gt;&lt;br&gt;&lt;/p&gt;&lt;p&gt;&lt;br&gt;&lt;/p&gt;&lt;p&gt;&lt;br&gt;&lt;/p&gt;', 'Согласие на обработку персональных данных', 'Согласие на обработку персональных данных', 'Согласие на обработку персональных данных', 'Согласие на обработку персональных данных');

TRUNCATE TABLE `PREFIX_DB_information_to_store`;

INSERT INTO `PREFIX_DB_information_to_store` (`information_id`, `store_id`) VALUES ('3', '0');
INSERT INTO `PREFIX_DB_information_to_store` (`information_id`, `store_id`) VALUES ('4', '0');
INSERT INTO `PREFIX_DB_information_to_store` (`information_id`, `store_id`) VALUES ('5', '0');
INSERT INTO `PREFIX_DB_information_to_store` (`information_id`, `store_id`) VALUES ('6', '0');
INSERT INTO `PREFIX_DB_information_to_store` (`information_id`, `store_id`) VALUES ('7', '0');


TRUNCATE TABLE `PREFIX_DB_aridius_news`;

INSERT INTO `PREFIX_DB_aridius_news` (`aridius_news_id`, `image`, `date_added`, `viewed`, `sort_order`, `status`) VALUES ('1', 'catalog/1_fractal/main-260x167.png', '2012-12-07 11:53:50', '78', '100', '1');
INSERT INTO `PREFIX_DB_aridius_news` (`aridius_news_id`, `image`, `date_added`, `viewed`, `sort_order`, `status`) VALUES ('2', 'catalog/1_fractal/main3-260x167.png', '2016-12-07 11:54:25', '217', '2', '1');
INSERT INTO `PREFIX_DB_aridius_news` (`aridius_news_id`, `image`, `date_added`, `viewed`, `sort_order`, `status`) VALUES ('3', 'catalog/1_fractal/main2-260x167.png', '2016-12-07 11:54:57', '192', '3', '1');
INSERT INTO `PREFIX_DB_aridius_news` (`aridius_news_id`, `image`, `date_added`, `viewed`, `sort_order`, `status`) VALUES ('4', 'catalog/1_fractal/main45-260x167.png', '2016-12-07 11:56:12', '123', '4', '1');
INSERT INTO `PREFIX_DB_aridius_news` (`aridius_news_id`, `image`, `date_added`, `viewed`, `sort_order`, `status`) VALUES ('5', 'catalog/1_fractal/televizor1-260x167.jpg', '2016-12-07 11:57:09', '70', '5', '1');


TRUNCATE TABLE `PREFIX_DB_aridius_news_description`;

INSERT INTO `PREFIX_DB_aridius_news_description` (`aridius_news_id`, `language_id`, `title`, `meta_description`, `meta_title`, `description`, `meta_keyword`) VALUES ('2', '1', 'Домашний центр в вашем телевизоре', '', '', '&lt;p&gt;&lt;br&gt;&lt;/p&gt;&lt;p&gt;Исключительно красив, необычайно умен: подскажет тебе то, что нужно именно в этот момент, именно в этом месте.&lt;/p&gt;&lt;p&gt;&lt;br&gt;&lt;/p&gt;&lt;p&gt;Жизнь неповторима - живи по полной!&lt;/p&gt;&lt;p&gt;&lt;br&gt;&lt;/p&gt;&lt;p&gt;Двухцветный металлический корпус с зеркальной окантовкой. Скругленные углы и эргономичные формы – этот смартфон создан повторять контуры твоей руки и обеспечивать максимальный комфорт. Цельная задняя панель имеет изогнутую поверхность, ставшую визитной карточкой легендарных смартфонов серии HTC One.&lt;/p&gt;&lt;p&gt;&lt;br&gt;&lt;/p&gt;&lt;p&gt;Со смартфоном HTC One M9 возможности персонализации устройства выходят на принципиально новый уровень. Приложение HTC «Тема» позволяет оформить рабочие экраны по-своему – используй любимые фотографии и картинки с онлайн-ресурсов. Меняй форму и размер иконок, мелодии звонка и даже обои – теперь все в твоих руках! &lt;/p&gt;&lt;p&gt;&lt;br&gt;&lt;/p&gt;&lt;p&gt;Основная камера 20 МП и фронтальная камера с технологией HTC UltraPixel™ позволят тебе контролировать съемочный процесс «от» и «до».  Мощные инструменты из HTC Eye Experience позволят тебе снимать двумя камерами одновременно, делать селфи при помощи голосовых команд, ещё до момента съемки – в процессе визирования – использовать фильтры для ретуши и многое другое. А приложение Zoe позволит монтировать видеоролики, комбинируя свои материалы с фотографиями и видео, снятыми друзьями.&lt;/p&gt;&lt;p&gt;Наслаждайся потрясающими фото – с любой камерой HTC One M9.&lt;br&gt;&lt;/p&gt;&lt;p&gt;Смартфон HTC One M9 создавался в сотрудничестве с лабораторией Dolby, благодаря которому теперь ты будешь слышать объемный звук – как в настоящем кинотеатре. HTC BoomSound™ с Dolby Audio прекрасно справляется с музыкой любой сложности и любого жанра - ему по силам даже многоканальные треки с YouTube.&lt;/p&gt;&lt;p&gt;Твои игры и фильмы звучат потрясающе как через встроенные динамики, так и в наушниках. Такого ты ещё не слышал!источник: http://htc.com/&lt;br&gt;&lt;/p&gt;', '');
INSERT INTO `PREFIX_DB_aridius_news_description` (`aridius_news_id`, `language_id`, `title`, `meta_description`, `meta_title`, `description`, `meta_keyword`) VALUES ('3', '1', 'Смартфон HTC One M9', '', '', '&lt;p&gt;&lt;br&gt;&lt;/p&gt;&lt;p&gt;Исключительно красив, необычайно умен: подскажет тебе то, что нужно именно в этот момент, именно в этом месте.&lt;/p&gt;&lt;p&gt;&lt;br&gt;&lt;/p&gt;&lt;p&gt;Жизнь неповторима - живи по полной!&lt;/p&gt;&lt;p&gt;&lt;br&gt;&lt;/p&gt;&lt;p&gt;Двухцветный металлический корпус с зеркальной окантовкой. Скругленные углы и эргономичные формы – этот смартфон создан повторять контуры твоей руки и обеспечивать максимальный комфорт. Цельная задняя панель имеет изогнутую поверхность, ставшую визитной карточкой легендарных смартфонов серии HTC One.&lt;/p&gt;&lt;p&gt;&lt;br&gt;&lt;/p&gt;&lt;p&gt;Со смартфоном HTC One M9 возможности персонализации устройства выходят на принципиально новый уровень. Приложение HTC «Тема» позволяет оформить рабочие экраны по-своему – используй любимые фотографии и картинки с онлайн-ресурсов. Меняй форму и размер иконок, мелодии звонка и даже обои – теперь все в твоих руках! &lt;/p&gt;&lt;p&gt;&lt;br&gt;&lt;/p&gt;&lt;p&gt;Основная камера 20 МП и фронтальная камера с технологией HTC UltraPixel™ позволят тебе контролировать съемочный процесс «от» и «до».  Мощные инструменты из HTC Eye Experience позволят тебе снимать двумя камерами одновременно, делать селфи при помощи голосовых команд, ещё до момента съемки – в процессе визирования – использовать фильтры для ретуши и многое другое. А приложение Zoe позволит монтировать видеоролики, комбинируя свои материалы с фотографиями и видео, снятыми друзьями.&lt;/p&gt;&lt;p&gt;Наслаждайся потрясающими фото – с любой камерой HTC One M9.&lt;br&gt;&lt;/p&gt;&lt;p&gt;Смартфон HTC One M9 создавался в сотрудничестве с лабораторией Dolby, благодаря которому теперь ты будешь слышать объемный звук – как в настоящем кинотеатре. HTC BoomSound™ с Dolby Audio прекрасно справляется с музыкой любой сложности и любого жанра - ему по силам даже многоканальные треки с YouTube.&lt;/p&gt;&lt;p&gt;Твои игры и фильмы звучат потрясающе как через встроенные динамики, так и в наушниках. Такого ты ещё не слышал!источник: http://htc.com/&lt;br&gt;&lt;/p&gt;', '');
INSERT INTO `PREFIX_DB_aridius_news_description` (`aridius_news_id`, `language_id`, `title`, `meta_description`, `meta_title`, `description`, `meta_keyword`) VALUES ('4', '1', 'Тонкие LED - телевизоры Samsung', '', '', '&lt;p&gt;&lt;br&gt;&lt;/p&gt;&lt;h3&gt;Все содержимое на одном большом экране&lt;/h3&gt;&lt;p&gt;&lt;br&gt;&lt;/p&gt;&lt;p&gt;Мгновенно отображайте на экране телевизора любое содержимое. Просто подключите к телевизору USB-накопитель и наслаждайтесь фильмами, фотографиями и видеоклипами на большом экране. Благодаря входным разъемам HDMI можно с необходимой скоростью передавать на телеэкран цифровые данные высокого разрешения. Так что всем, что вы захотите просмотреть, отныне можно наслаждаться в комфорте своей комнаты на большом экране телевизора Samsung.&lt;br&gt;&lt;br&gt;С помощью функции Screen Mirroring можно с невероятной легкостью просматривать содержимое с мобильных устройств на телеэкране. При этом вам даже не придется изменять источник телевизионного сигнала. Просто откройте панель уведомлений на мобильном устройстве, щелкните значок Screen Mirroring и выберите телевизор. Подобным же образом можно наслаждаться любимыми приложениями, играми и прочим на большом экране.&lt;br&gt;&lt;br&gt;*&amp;nbsp;Функция Screen Mirroring недоступна в Сирии&lt;/p&gt;&lt;p&gt;&lt;br&gt;&lt;/p&gt;&lt;h3&gt;Тонкий и обтекаемый, идеально соответствующий цифровой эре &lt;/h3&gt;&lt;p&gt;&lt;br&gt;&lt;/p&gt;&lt;p&gt;Что же удерживает вас от покупки? Пришло время отказаться от громоздкого телевизора на электронно-лучевой трубке и приобрести тонкий, цифровой и недорогой LED-телевизор Samsung. Вы сможете приобщиться к миру телевидения высокой четкости и наслаждаться великолепным изображением на ярком светодиодном экране. Его можно подключить к цифровой телевизионной абонентской приставке, после чего в вашем распоряжении окажется множество телеканалов. &lt;/p&gt;&lt;p&gt;&lt;br&gt;&lt;/p&gt;', '');
INSERT INTO `PREFIX_DB_aridius_news_description` (`aridius_news_id`, `language_id`, `title`, `meta_description`, `meta_title`, `description`, `meta_keyword`) VALUES ('5', '2', 'Телевизоры Samsung', '', '', '&lt;p&gt;&lt;br&gt;&lt;/p&gt;&lt;p&gt;Исключительно красив, необычайно умен: подскажет тебе то, что нужно именно в этот момент, именно в этом месте.&lt;/p&gt;&lt;p&gt;&lt;br&gt;&lt;/p&gt;&lt;p&gt;Жизнь неповторима - живи по полной!&lt;/p&gt;&lt;p&gt;&lt;br&gt;&lt;/p&gt;&lt;p&gt;Двухцветный металлический корпус с зеркальной окантовкой. Скругленные углы и эргономичные формы – этот смартфон создан повторять контуры твоей руки и обеспечивать максимальный комфорт. Цельная задняя панель имеет изогнутую поверхность, ставшую визитной карточкой легендарных смартфонов серии HTC One.&lt;/p&gt;&lt;p&gt;&lt;br&gt;&lt;/p&gt;&lt;p&gt;Со смартфоном HTC One M9 возможности персонализации устройства выходят на принципиально новый уровень. Приложение HTC «Тема» позволяет оформить рабочие экраны по-своему – используй любимые фотографии и картинки с онлайн-ресурсов. Меняй форму и размер иконок, мелодии звонка и даже обои – теперь все в твоих руках! &lt;/p&gt;&lt;p&gt;&lt;br&gt;&lt;/p&gt;&lt;p&gt;Основная камера 20 МП и фронтальная камера с технологией HTC UltraPixel™ позволят тебе контролировать съемочный процесс «от» и «до».  Мощные инструменты из HTC Eye Experience позволят тебе снимать двумя камерами одновременно, делать селфи при помощи голосовых команд, ещё до момента съемки – в процессе визирования – использовать фильтры для ретуши и многое другое. А приложение Zoe позволит монтировать видеоролики, комбинируя свои материалы с фотографиями и видео, снятыми друзьями.&lt;/p&gt;&lt;p&gt;Наслаждайся потрясающими фото – с любой камерой HTC One M9.&lt;br&gt;&lt;/p&gt;&lt;p&gt;Смартфон HTC One M9 создавался в сотрудничестве с лабораторией Dolby, благодаря которому теперь ты будешь слышать объемный звук – как в настоящем кинотеатре. HTC BoomSound™ с Dolby Audio прекрасно справляется с музыкой любой сложности и любого жанра - ему по силам даже многоканальные треки с YouTube.&lt;/p&gt;&lt;p&gt;Твои игры и фильмы звучат потрясающе как через встроенные динамики, так и в наушниках. Такого ты ещё не слышал!источник: http://htc.com/&lt;br&gt;&lt;/p&gt;', '');
INSERT INTO `PREFIX_DB_aridius_news_description` (`aridius_news_id`, `language_id`, `title`, `meta_description`, `meta_title`, `description`, `meta_keyword`) VALUES ('5', '1', 'Телевизоры Samsung', '', '', '&lt;p&gt;&lt;br&gt;&lt;/p&gt;&lt;p&gt;Исключительно красив, необычайно умен: подскажет тебе то, что нужно именно в этот момент, именно в этом месте.&lt;/p&gt;&lt;p&gt;&lt;br&gt;&lt;/p&gt;&lt;p&gt;Жизнь неповторима - живи по полной!&lt;/p&gt;&lt;p&gt;&lt;br&gt;&lt;/p&gt;&lt;p&gt;Двухцветный металлический корпус с зеркальной окантовкой. Скругленные углы и эргономичные формы – этот смартфон создан повторять контуры твоей руки и обеспечивать максимальный комфорт. Цельная задняя панель имеет изогнутую поверхность, ставшую визитной карточкой легендарных смартфонов серии HTC One.&lt;/p&gt;&lt;p&gt;&lt;br&gt;&lt;/p&gt;&lt;p&gt;Со смартфоном HTC One M9 возможности персонализации устройства выходят на принципиально новый уровень. Приложение HTC «Тема» позволяет оформить рабочие экраны по-своему – используй любимые фотографии и картинки с онлайн-ресурсов. Меняй форму и размер иконок, мелодии звонка и даже обои – теперь все в твоих руках! &lt;/p&gt;&lt;p&gt;&lt;br&gt;&lt;/p&gt;&lt;p&gt;Основная камера 20 МП и фронтальная камера с технологией HTC UltraPixel™ позволят тебе контролировать съемочный процесс «от» и «до».  Мощные инструменты из HTC Eye Experience позволят тебе снимать двумя камерами одновременно, делать селфи при помощи голосовых команд, ещё до момента съемки – в процессе визирования – использовать фильтры для ретуши и многое другое. А приложение Zoe позволит монтировать видеоролики, комбинируя свои материалы с фотографиями и видео, снятыми друзьями.&lt;/p&gt;&lt;p&gt;Наслаждайся потрясающими фото – с любой камерой HTC One M9.&lt;br&gt;&lt;/p&gt;&lt;p&gt;Смартфон HTC One M9 создавался в сотрудничестве с лабораторией Dolby, благодаря которому теперь ты будешь слышать объемный звук – как в настоящем кинотеатре. HTC BoomSound™ с Dolby Audio прекрасно справляется с музыкой любой сложности и любого жанра - ему по силам даже многоканальные треки с YouTube.&lt;/p&gt;&lt;p&gt;Твои игры и фильмы звучат потрясающе как через встроенные динамики, так и в наушниках. Такого ты ещё не слышал!источник: http://htc.com/&lt;br&gt;&lt;/p&gt;', '');
INSERT INTO `PREFIX_DB_aridius_news_description` (`aridius_news_id`, `language_id`, `title`, `meta_description`, `meta_title`, `description`, `meta_keyword`) VALUES ('1', '1', 'Galaxy S: новая эра в эволюции AMOLED', '', '', '&lt;p&gt;&lt;br&gt;&lt;/p&gt;&lt;p&gt;Исключительно красив, необычайно умен: подскажет тебе то, что нужно именно в этот момент, именно в этом месте.&lt;/p&gt;&lt;p&gt;&lt;br&gt;&lt;/p&gt;&lt;p&gt;Жизнь неповторима - живи по полной!&lt;/p&gt;&lt;p&gt;&lt;br&gt;&lt;/p&gt;&lt;p&gt;Двухцветный металлический корпус с зеркальной окантовкой. Скругленные углы и эргономичные формы – этот смартфон создан повторять контуры твоей руки и обеспечивать максимальный комфорт. Цельная задняя панель имеет изогнутую поверхность, ставшую визитной карточкой легендарных смартфонов серии HTC One.&lt;/p&gt;&lt;p&gt;&lt;br&gt;&lt;/p&gt;&lt;p&gt;Со смартфоном HTC One M9 возможности персонализации устройства выходят на принципиально новый уровень. Приложение HTC «Тема» позволяет оформить рабочие экраны по-своему – используй любимые фотографии и картинки с онлайн-ресурсов. Меняй форму и размер иконок, мелодии звонка и даже обои – теперь все в твоих руках! &lt;/p&gt;&lt;p&gt;&lt;br&gt;&lt;/p&gt;&lt;p&gt;Основная камера 20 МП и фронтальная камера с технологией HTC UltraPixel™ позволят тебе контролировать съемочный процесс «от» и «до».  Мощные инструменты из HTC Eye Experience позволят тебе снимать двумя камерами одновременно, делать селфи при помощи голосовых команд, ещё до момента съемки – в процессе визирования – использовать фильтры для ретуши и многое другое. А приложение Zoe позволит монтировать видеоролики, комбинируя свои материалы с фотографиями и видео, снятыми друзьями.&lt;/p&gt;&lt;p&gt;Наслаждайся потрясающими фото – с любой камерой HTC One M9.&lt;br&gt;&lt;/p&gt;&lt;p&gt;Смартфон HTC One M9 создавался в сотрудничестве с лабораторией Dolby, благодаря которому теперь ты будешь слышать объемный звук – как в настоящем кинотеатре. HTC BoomSound™ с Dolby Audio прекрасно справляется с музыкой любой сложности и любого жанра - ему по силам даже многоканальные треки с YouTube.&lt;/p&gt;&lt;p&gt;Твои игры и фильмы звучат потрясающе как через встроенные динамики, так и в наушниках. Такого ты ещё не слышал!источник: http://htc.com/&lt;br&gt;&lt;/p&gt;', '');


TRUNCATE TABLE `PREFIX_DB_aridius_news_product_related`;

INSERT INTO `PREFIX_DB_aridius_news_product_related` (`aridius_news_id`, `product_id`) VALUES ('1', '28');
INSERT INTO `PREFIX_DB_aridius_news_product_related` (`aridius_news_id`, `product_id`) VALUES ('1', '30');
INSERT INTO `PREFIX_DB_aridius_news_product_related` (`aridius_news_id`, `product_id`) VALUES ('1', '41');
INSERT INTO `PREFIX_DB_aridius_news_product_related` (`aridius_news_id`, `product_id`) VALUES ('1', '42');
INSERT INTO `PREFIX_DB_aridius_news_product_related` (`aridius_news_id`, `product_id`) VALUES ('1', '47');
INSERT INTO `PREFIX_DB_aridius_news_product_related` (`aridius_news_id`, `product_id`) VALUES ('2', '28');
INSERT INTO `PREFIX_DB_aridius_news_product_related` (`aridius_news_id`, `product_id`) VALUES ('2', '30');
INSERT INTO `PREFIX_DB_aridius_news_product_related` (`aridius_news_id`, `product_id`) VALUES ('2', '41');
INSERT INTO `PREFIX_DB_aridius_news_product_related` (`aridius_news_id`, `product_id`) VALUES ('2', '42');
INSERT INTO `PREFIX_DB_aridius_news_product_related` (`aridius_news_id`, `product_id`) VALUES ('2', '47');
INSERT INTO `PREFIX_DB_aridius_news_product_related` (`aridius_news_id`, `product_id`) VALUES ('3', '28');
INSERT INTO `PREFIX_DB_aridius_news_product_related` (`aridius_news_id`, `product_id`) VALUES ('3', '30');
INSERT INTO `PREFIX_DB_aridius_news_product_related` (`aridius_news_id`, `product_id`) VALUES ('3', '41');
INSERT INTO `PREFIX_DB_aridius_news_product_related` (`aridius_news_id`, `product_id`) VALUES ('3', '42');
INSERT INTO `PREFIX_DB_aridius_news_product_related` (`aridius_news_id`, `product_id`) VALUES ('3', '47');
INSERT INTO `PREFIX_DB_aridius_news_product_related` (`aridius_news_id`, `product_id`) VALUES ('4', '28');
INSERT INTO `PREFIX_DB_aridius_news_product_related` (`aridius_news_id`, `product_id`) VALUES ('4', '30');
INSERT INTO `PREFIX_DB_aridius_news_product_related` (`aridius_news_id`, `product_id`) VALUES ('4', '41');
INSERT INTO `PREFIX_DB_aridius_news_product_related` (`aridius_news_id`, `product_id`) VALUES ('4', '42');
INSERT INTO `PREFIX_DB_aridius_news_product_related` (`aridius_news_id`, `product_id`) VALUES ('4', '47');
INSERT INTO `PREFIX_DB_aridius_news_product_related` (`aridius_news_id`, `product_id`) VALUES ('5', '28');
INSERT INTO `PREFIX_DB_aridius_news_product_related` (`aridius_news_id`, `product_id`) VALUES ('5', '30');
INSERT INTO `PREFIX_DB_aridius_news_product_related` (`aridius_news_id`, `product_id`) VALUES ('5', '41');
INSERT INTO `PREFIX_DB_aridius_news_product_related` (`aridius_news_id`, `product_id`) VALUES ('5', '42');
INSERT INTO `PREFIX_DB_aridius_news_product_related` (`aridius_news_id`, `product_id`) VALUES ('5', '47');


TRUNCATE TABLE `PREFIX_DB_aridius_news_related`;

INSERT INTO `PREFIX_DB_aridius_news_related` (`aridius_news_id`, `related_aridius_news_id`) VALUES ('1', '2');
INSERT INTO `PREFIX_DB_aridius_news_related` (`aridius_news_id`, `related_aridius_news_id`) VALUES ('1', '3');
INSERT INTO `PREFIX_DB_aridius_news_related` (`aridius_news_id`, `related_aridius_news_id`) VALUES ('1', '4');
INSERT INTO `PREFIX_DB_aridius_news_related` (`aridius_news_id`, `related_aridius_news_id`) VALUES ('1', '5');
INSERT INTO `PREFIX_DB_aridius_news_related` (`aridius_news_id`, `related_aridius_news_id`) VALUES ('2', '1');
INSERT INTO `PREFIX_DB_aridius_news_related` (`aridius_news_id`, `related_aridius_news_id`) VALUES ('2', '3');
INSERT INTO `PREFIX_DB_aridius_news_related` (`aridius_news_id`, `related_aridius_news_id`) VALUES ('2', '4');
INSERT INTO `PREFIX_DB_aridius_news_related` (`aridius_news_id`, `related_aridius_news_id`) VALUES ('2', '5');
INSERT INTO `PREFIX_DB_aridius_news_related` (`aridius_news_id`, `related_aridius_news_id`) VALUES ('3', '1');
INSERT INTO `PREFIX_DB_aridius_news_related` (`aridius_news_id`, `related_aridius_news_id`) VALUES ('3', '2');
INSERT INTO `PREFIX_DB_aridius_news_related` (`aridius_news_id`, `related_aridius_news_id`) VALUES ('3', '4');
INSERT INTO `PREFIX_DB_aridius_news_related` (`aridius_news_id`, `related_aridius_news_id`) VALUES ('3', '5');
INSERT INTO `PREFIX_DB_aridius_news_related` (`aridius_news_id`, `related_aridius_news_id`) VALUES ('4', '1');
INSERT INTO `PREFIX_DB_aridius_news_related` (`aridius_news_id`, `related_aridius_news_id`) VALUES ('4', '2');
INSERT INTO `PREFIX_DB_aridius_news_related` (`aridius_news_id`, `related_aridius_news_id`) VALUES ('4', '3');
INSERT INTO `PREFIX_DB_aridius_news_related` (`aridius_news_id`, `related_aridius_news_id`) VALUES ('4', '5');
INSERT INTO `PREFIX_DB_aridius_news_related` (`aridius_news_id`, `related_aridius_news_id`) VALUES ('5', '1');
INSERT INTO `PREFIX_DB_aridius_news_related` (`aridius_news_id`, `related_aridius_news_id`) VALUES ('5', '2');
INSERT INTO `PREFIX_DB_aridius_news_related` (`aridius_news_id`, `related_aridius_news_id`) VALUES ('5', '3');
INSERT INTO `PREFIX_DB_aridius_news_related` (`aridius_news_id`, `related_aridius_news_id`) VALUES ('5', '4');


TRUNCATE TABLE `PREFIX_DB_aridius_news_to_store`;

INSERT INTO `PREFIX_DB_aridius_news_to_store` (`aridius_news_id`, `store_id`) VALUES ('1', '0');
INSERT INTO `PREFIX_DB_aridius_news_to_store` (`aridius_news_id`, `store_id`) VALUES ('2', '0');
INSERT INTO `PREFIX_DB_aridius_news_to_store` (`aridius_news_id`, `store_id`) VALUES ('3', '0');
INSERT INTO `PREFIX_DB_aridius_news_to_store` (`aridius_news_id`, `store_id`) VALUES ('4', '0');
INSERT INTO `PREFIX_DB_aridius_news_to_store` (`aridius_news_id`, `store_id`) VALUES ('5', '0');



TRUNCATE TABLE `PREFIX_DB_banner`;

INSERT INTO `PREFIX_DB_banner` (`banner_id`, `name`, `status`) VALUES ('7', 'Слайдшоу на главной', '1');
INSERT INTO `PREFIX_DB_banner` (`banner_id`, `name`, `status`) VALUES ('8', 'Производители', '1');
INSERT INTO `PREFIX_DB_banner` (`banner_id`, `name`, `status`) VALUES ('9', 'баннер пр1', '1');
INSERT INTO `PREFIX_DB_banner` (`banner_id`, `name`, `status`) VALUES ('10', 'баннер пр2', '1');
INSERT INTO `PREFIX_DB_banner` (`banner_id`, `name`, `status`) VALUES ('12', 'баннер ср1', '1');
INSERT INTO `PREFIX_DB_banner` (`banner_id`, `name`, `status`) VALUES ('13', 'баннер ср4', '1');
INSERT INTO `PREFIX_DB_banner` (`banner_id`, `name`, `status`) VALUES ('14', 'баннер ср2', '1');
INSERT INTO `PREFIX_DB_banner` (`banner_id`, `name`, `status`) VALUES ('15', 'баннер низ', '1');
INSERT INTO `PREFIX_DB_banner` (`banner_id`, `name`, `status`) VALUES ('16', 'на всю ширину верх', '1');
INSERT INTO `PREFIX_DB_banner` (`banner_id`, `name`, `status`) VALUES ('17', 'баннер ср3', '1');


TRUNCATE TABLE `PREFIX_DB_banner_image`;

INSERT INTO `PREFIX_DB_banner_image` (`banner_image_id`, `banner_id`, `language_id`, `title`, `description`, `link`, `image`, `sort_order`) VALUES ('94', '8', '1', 'NFL', '', '', 'catalog/demo/manufacturer/nfl.png', '0');
INSERT INTO `PREFIX_DB_banner_image` (`banner_image_id`, `banner_id`, `language_id`, `title`, `description`, `link`, `image`, `sort_order`) VALUES ('95', '8', '1', 'RedBull', '', '', 'catalog/demo/manufacturer/redbull.png', '0');
INSERT INTO `PREFIX_DB_banner_image` (`banner_image_id`, `banner_id`, `language_id`, `title`, `description`, `link`, `image`, `sort_order`) VALUES ('96', '8', '1', 'Sony', '', '', 'catalog/demo/manufacturer/sony.png', '0');
INSERT INTO `PREFIX_DB_banner_image` (`banner_image_id`, `banner_id`, `language_id`, `title`, `description`, `link`, `image`, `sort_order`) VALUES ('91', '8', '1', 'Coca Cola', '', '', 'catalog/demo/manufacturer/cocacola.png', '0');
INSERT INTO `PREFIX_DB_banner_image` (`banner_image_id`, `banner_id`, `language_id`, `title`, `description`, `link`, `image`, `sort_order`) VALUES ('92', '8', '1', 'Burger King', '', '', 'catalog/demo/manufacturer/burgerking.png', '0');
INSERT INTO `PREFIX_DB_banner_image` (`banner_image_id`, `banner_id`, `language_id`, `title`, `description`, `link`, `image`, `sort_order`) VALUES ('93', '8', '1', 'Canon', '', '', 'catalog/demo/manufacturer/canon.png', '0');
INSERT INTO `PREFIX_DB_banner_image` (`banner_image_id`, `banner_id`, `language_id`, `title`, `description`, `link`, `image`, `sort_order`) VALUES ('88', '8', '1', 'Harley Davidson', '', '', 'catalog/demo/manufacturer/harley.png', '0');
INSERT INTO `PREFIX_DB_banner_image` (`banner_image_id`, `banner_id`, `language_id`, `title`, `description`, `link`, `image`, `sort_order`) VALUES ('89', '8', '1', 'Dell', '', '', 'catalog/demo/manufacturer/dell.png', '0');
INSERT INTO `PREFIX_DB_banner_image` (`banner_image_id`, `banner_id`, `language_id`, `title`, `description`, `link`, `image`, `sort_order`) VALUES ('90', '8', '1', 'Disney', '', '', 'catalog/demo/manufacturer/disney.png', '0');
INSERT INTO `PREFIX_DB_banner_image` (`banner_image_id`, `banner_id`, `language_id`, `title`, `description`, `link`, `image`, `sort_order`) VALUES ('225', '10', '3', 'одежда женская', '', 'desktops/canon-eos-5d', 'catalog/1_fractal/321-360x243.png', '0');
INSERT INTO `PREFIX_DB_banner_image` (`banner_image_id`, `banner_id`, `language_id`, `title`, `description`, `link`, `image`, `sort_order`) VALUES ('226', '13', '3', 'одежда', '', 'desktops/canon-eos-5d', 'catalog/1_fractal/2222.png', '0');
INSERT INTO `PREFIX_DB_banner_image` (`banner_image_id`, `banner_id`, `language_id`, `title`, `description`, `link`, `image`, `sort_order`) VALUES ('227', '14', '3', 'одежда', '', 'desktops/canon-eos-5d', 'catalog/1_fractal/333.png', '0');
INSERT INTO `PREFIX_DB_banner_image` (`banner_image_id`, `banner_id`, `language_id`, `title`, `description`, `link`, `image`, `sort_order`) VALUES ('229', '17', '3', 'одежда', '', 'desktops/canon-eos-5d', 'catalog/1_fractal/777.png', '0');
INSERT INTO `PREFIX_DB_banner_image` (`banner_image_id`, `banner_id`, `language_id`, `title`, `description`, `link`, `image`, `sort_order`) VALUES ('230', '15', '3', 'одежда', '', 'desktops/canon-eos-5d', 'catalog/1_fractal/1231-1140x215.png', '0');
INSERT INTO `PREFIX_DB_banner_image` (`banner_image_id`, `banner_id`, `language_id`, `title`, `description`, `link`, `image`, `sort_order`) VALUES ('97', '8', '1', 'Starbucks', '', '', 'catalog/demo/manufacturer/starbucks.png', '0');
INSERT INTO `PREFIX_DB_banner_image` (`banner_image_id`, `banner_id`, `language_id`, `title`, `description`, `link`, `image`, `sort_order`) VALUES ('98', '8', '1', 'Nintendo', '', '', 'catalog/demo/manufacturer/nintendo.png', '0');
INSERT INTO `PREFIX_DB_banner_image` (`banner_image_id`, `banner_id`, `language_id`, `title`, `description`, `link`, `image`, `sort_order`) VALUES ('207', '7', '1', 'MacBookAir', '&lt;div class=&quot;text-slider1 ef-slider1&quot;&gt;Новая коллекция&lt;/div&gt;&lt;div class=&quot;text-slider2 ef-slider2&quot;&gt;Мужской и женской одежды&lt;/div&gt;&lt;div class=&quot;text-slider3 ef-slider3&quot;&gt;популярных брендов по доступным ценам&lt;/div&gt;&lt;div class=&quot;text-slider4 ef-slider4&quot;&gt;&lt;a class=&quot;btn-sliderb&quot; href=&quot;desktops/canon-eos-5d&quot; role=&quot;button&quot;&gt;Подробнее&lt;/a&gt;&lt;/div&gt;', 'desktops/canon-eos-5d', 'catalog/1_fractal/_330-750x501.png', '0');
INSERT INTO `PREFIX_DB_banner_image` (`banner_image_id`, `banner_id`, `language_id`, `title`, `description`, `link`, `image`, `sort_order`) VALUES ('208', '7', '1', 'iPhone 6', '&lt;div class=&quot;text-slider1 ef-slider1&quot;&gt;Коллекция&lt;/div&gt;&lt;div class=&quot;text-slider2 ef-slider2&quot;&gt;Женских сумок&lt;/div&gt;&lt;div class=&quot;text-slider3 ef-slider3&quot;&gt;популярных брендов по доступным ценам&lt;/div&gt;&lt;div class=&quot;text-slider4 ef-slider4&quot;&gt;&lt;a class=&quot;btn-sliderb&quot; href=&quot;desktops/canon-eos-5d&quot; role=&quot;button&quot;&gt;Подробнее&lt;/a&gt;&lt;/div&gt;', 'desktops/canon-eos-5d', 'catalog/1_fractal/627-14101-750x501.png', '1');
INSERT INTO `PREFIX_DB_banner_image` (`banner_image_id`, `banner_id`, `language_id`, `title`, `description`, `link`, `image`, `sort_order`) VALUES ('219', '8', '3', 'Disney', '', '', 'catalog/demo/manufacturer/disney.png', '0');
INSERT INTO `PREFIX_DB_banner_image` (`banner_image_id`, `banner_id`, `language_id`, `title`, `description`, `link`, `image`, `sort_order`) VALUES ('220', '8', '3', 'Starbucks', '', '', 'catalog/demo/manufacturer/starbucks.png', '0');
INSERT INTO `PREFIX_DB_banner_image` (`banner_image_id`, `banner_id`, `language_id`, `title`, `description`, `link`, `image`, `sort_order`) VALUES ('221', '8', '3', 'Nintendo', '', '', 'catalog/demo/manufacturer/nintendo.png', '0');
INSERT INTO `PREFIX_DB_banner_image` (`banner_image_id`, `banner_id`, `language_id`, `title`, `description`, `link`, `image`, `sort_order`) VALUES ('222', '7', '3', 'MacBookAir', '', 'desktops/canon-eos-5d', 'catalog/1_fractal/_330-750x501.png', '0');
INSERT INTO `PREFIX_DB_banner_image` (`banner_image_id`, `banner_id`, `language_id`, `title`, `description`, `link`, `image`, `sort_order`) VALUES ('223', '7', '3', 'iPhone 6', '', 'desktops/canon-eos-5d', 'catalog/1_fractal/627-14101-750x501.png', '1');
INSERT INTO `PREFIX_DB_banner_image` (`banner_image_id`, `banner_id`, `language_id`, `title`, `description`, `link`, `image`, `sort_order`) VALUES ('224', '9', '3', 'одежда женская', '', 'desktops/canon-eos-5d', 'catalog/1_fractal/123-360x243.png', '0');
INSERT INTO `PREFIX_DB_banner_image` (`banner_image_id`, `banner_id`, `language_id`, `title`, `description`, `link`, `image`, `sort_order`) VALUES ('209', '9', '1', 'одежда женская', '&lt;span class = &quot;bannerright-text&quot;&gt;скидки до 50%&lt;/span&gt;', 'desktops/canon-eos-5d', 'catalog/1_fractal/123-360x243.png', '0');
INSERT INTO `PREFIX_DB_banner_image` (`banner_image_id`, `banner_id`, `language_id`, `title`, `description`, `link`, `image`, `sort_order`) VALUES ('231', '16', '3', 'часы', '', 'mp3-pleeri/htctouch', 'catalog/1_fractal/category-banners-081615-06.jpg', '0');
INSERT INTO `PREFIX_DB_banner_image` (`banner_image_id`, `banner_id`, `language_id`, `title`, `description`, `link`, `image`, `sort_order`) VALUES ('210', '10', '1', 'одежда женская', '&lt;span class = &quot;bannerright-text&quot;&gt;НОВЫЙ ЗАВОЗ&lt;/span&gt;', 'desktops/canon-eos-5d', 'catalog/1_fractal/321-360x243.png', '0');
INSERT INTO `PREFIX_DB_banner_image` (`banner_image_id`, `banner_id`, `language_id`, `title`, `description`, `link`, `image`, `sort_order`) VALUES ('211', '8', '3', 'NFL', '', '', 'catalog/demo/manufacturer/nfl.png', '0');
INSERT INTO `PREFIX_DB_banner_image` (`banner_image_id`, `banner_id`, `language_id`, `title`, `description`, `link`, `image`, `sort_order`) VALUES ('212', '8', '3', 'RedBull', '', '', 'catalog/demo/manufacturer/redbull.png', '0');
INSERT INTO `PREFIX_DB_banner_image` (`banner_image_id`, `banner_id`, `language_id`, `title`, `description`, `link`, `image`, `sort_order`) VALUES ('213', '8', '3', 'Sony', '', '', 'catalog/demo/manufacturer/sony.png', '0');
INSERT INTO `PREFIX_DB_banner_image` (`banner_image_id`, `banner_id`, `language_id`, `title`, `description`, `link`, `image`, `sort_order`) VALUES ('214', '8', '3', 'Coca Cola', '', '', 'catalog/demo/manufacturer/cocacola.png', '0');
INSERT INTO `PREFIX_DB_banner_image` (`banner_image_id`, `banner_id`, `language_id`, `title`, `description`, `link`, `image`, `sort_order`) VALUES ('215', '8', '3', 'Burger King', '', '', 'catalog/demo/manufacturer/burgerking.png', '0');
INSERT INTO `PREFIX_DB_banner_image` (`banner_image_id`, `banner_id`, `language_id`, `title`, `description`, `link`, `image`, `sort_order`) VALUES ('216', '8', '3', 'Canon', '', '', 'catalog/demo/manufacturer/canon.png', '0');
INSERT INTO `PREFIX_DB_banner_image` (`banner_image_id`, `banner_id`, `language_id`, `title`, `description`, `link`, `image`, `sort_order`) VALUES ('217', '8', '3', 'Harley Davidson', '', '', 'catalog/demo/manufacturer/harley.png', '0');
INSERT INTO `PREFIX_DB_banner_image` (`banner_image_id`, `banner_id`, `language_id`, `title`, `description`, `link`, `image`, `sort_order`) VALUES ('218', '8', '3', 'Dell', '', '', 'catalog/demo/manufacturer/dell.png', '0');
INSERT INTO `PREFIX_DB_banner_image` (`banner_image_id`, `banner_id`, `language_id`, `title`, `description`, `link`, `image`, `sort_order`) VALUES ('201', '13', '1', 'одежда', '&lt;a class=&quot;btn btn-bannercenter&quot; href=&quot;desktops/canon-eos-5d&quot; role=&quot;button&quot;&gt;Смотреть&lt;/a&gt;', 'desktops/canon-eos-5d', 'catalog/1_fractal/2222.png', '0');
INSERT INTO `PREFIX_DB_banner_image` (`banner_image_id`, `banner_id`, `language_id`, `title`, `description`, `link`, `image`, `sort_order`) VALUES ('203', '14', '1', 'одежда', '&lt;span class = &quot;bannercenter-text&quot;&gt;женская обувь&lt;/span&gt;', 'desktops/canon-eos-5d', 'catalog/1_fractal/333.png', '0');
INSERT INTO `PREFIX_DB_banner_image` (`banner_image_id`, `banner_id`, `language_id`, `title`, `description`, `link`, `image`, `sort_order`) VALUES ('232', '16', '3', 'сумки', '', 'mp3-pleeri/htctouch', 'catalog/1_fractal/applewatch_category-banners-081615-05.jpg', '0');
INSERT INTO `PREFIX_DB_banner_image` (`banner_image_id`, `banner_id`, `language_id`, `title`, `description`, `link`, `image`, `sort_order`) VALUES ('233', '12', '1', 'одежда', '&lt;a class=&quot;btn btn-bannercenter&quot; href=&quot;mp3-pleeri/ipod-shuffle&quot; role=&quot;button&quot;&gt;Смотреть&lt;/a&gt;', 'desktops/canon-eos-5d', 'catalog/1_fractal/edison08.jpg', '0');
INSERT INTO `PREFIX_DB_banner_image` (`banner_image_id`, `banner_id`, `language_id`, `title`, `description`, `link`, `image`, `sort_order`) VALUES ('234', '12', '3', 'одежда', '', 'desktops/canon-eos-5d', 'catalog/block-static/Edison08.jpg', '0');
INSERT INTO `PREFIX_DB_banner_image` (`banner_image_id`, `banner_id`, `language_id`, `title`, `description`, `link`, `image`, `sort_order`) VALUES ('202', '17', '1', 'одежда', '&lt;span class = &quot;bannercenter-text2&quot;&gt;женские куртки&lt;/span&gt;', 'desktops/canon-eos-5d', 'catalog/1_fractal/777.png', '0');
INSERT INTO `PREFIX_DB_banner_image` (`banner_image_id`, `banner_id`, `language_id`, `title`, `description`, `link`, `image`, `sort_order`) VALUES ('197', '15', '1', 'одежда', '&lt;span class = &quot;bannerbottom-text&quot;&gt;скидки до 50%&lt;/span&gt;', 'desktops/canon-eos-5d', 'catalog/1_fractal/1231-1140x215.png', '0');
INSERT INTO `PREFIX_DB_banner_image` (`banner_image_id`, `banner_id`, `language_id`, `title`, `description`, `link`, `image`, `sort_order`) VALUES ('206', '16', '1', 'часы', '&lt;div class=&quot;text-slider1 ef-slider1&quot;&gt;Коллекция&lt;/div&gt;&lt;div class=&quot;text-slider2 ef-slider2&quot;&gt;Женских часов&lt;/div&gt;&lt;div class=&quot;text-slider3 ef-slider3&quot;&gt;популярных брендов по доступным ценам&lt;/div&gt;&lt;div class=&quot;text-slider4 ef-slider4&quot;&gt;&lt;a class=&quot;btn-slider&quot; href=&quot;mp3pleery/apple-cinema-30&quot; role=&quot;button&quot;&gt;Подробнее&lt;/a&gt;&lt;/div&gt;', 'mp3-pleeri/htctouch', 'catalog/1_fractal/category-banners-081615-06.jpg', '0');
INSERT INTO `PREFIX_DB_banner_image` (`banner_image_id`, `banner_id`, `language_id`, `title`, `description`, `link`, `image`, `sort_order`) VALUES ('205', '16', '1', 'сумки', '&lt;div class=&quot;text-slider1 ef-slider1&quot;&gt;Коллекция&lt;/div&gt;&lt;div class=&quot;text-slider2 ef-slider2&quot;&gt;Телефонов apple&lt;/div&gt;&lt;div class=&quot;text-slider3 ef-slider3&quot;&gt;По доступным ценам&lt;/div&gt;&lt;div class=&quot;text-slider4 ef-slider4&quot;&gt;&lt;a class=&quot;btn-slider&quot; href=&quot;mp3pleery/apple-cinema-30&quot; role=&quot;button&quot;&gt;Подробнее&lt;/a&gt;&lt;/div&gt;', 'mp3-pleeri/htctouch', 'catalog/1_fractal/applewatch_category-banners-081615-05.jpg', '0');



TRUNCATE TABLE `PREFIX_DB_extension`;

INSERT INTO `PREFIX_DB_extension` (`extension_id`, `type`, `code`) VALUES ('1', 'payment', 'cod');
INSERT INTO `PREFIX_DB_extension` (`extension_id`, `type`, `code`) VALUES ('2', 'total', 'shipping');
INSERT INTO `PREFIX_DB_extension` (`extension_id`, `type`, `code`) VALUES ('3', 'total', 'sub_total');
INSERT INTO `PREFIX_DB_extension` (`extension_id`, `type`, `code`) VALUES ('4', 'total', 'tax');
INSERT INTO `PREFIX_DB_extension` (`extension_id`, `type`, `code`) VALUES ('5', 'total', 'total');
INSERT INTO `PREFIX_DB_extension` (`extension_id`, `type`, `code`) VALUES ('6', 'module', 'banner');
INSERT INTO `PREFIX_DB_extension` (`extension_id`, `type`, `code`) VALUES ('7', 'module', 'carousel');
INSERT INTO `PREFIX_DB_extension` (`extension_id`, `type`, `code`) VALUES ('8', 'total', 'credit');
INSERT INTO `PREFIX_DB_extension` (`extension_id`, `type`, `code`) VALUES ('9', 'shipping', 'flat');
INSERT INTO `PREFIX_DB_extension` (`extension_id`, `type`, `code`) VALUES ('10', 'total', 'handling');
INSERT INTO `PREFIX_DB_extension` (`extension_id`, `type`, `code`) VALUES ('11', 'total', 'low_order_fee');
INSERT INTO `PREFIX_DB_extension` (`extension_id`, `type`, `code`) VALUES ('12', 'total', 'coupon');
INSERT INTO `PREFIX_DB_extension` (`extension_id`, `type`, `code`) VALUES ('13', 'module', 'category');
INSERT INTO `PREFIX_DB_extension` (`extension_id`, `type`, `code`) VALUES ('14', 'module', 'account');
INSERT INTO `PREFIX_DB_extension` (`extension_id`, `type`, `code`) VALUES ('15', 'total', 'reward');
INSERT INTO `PREFIX_DB_extension` (`extension_id`, `type`, `code`) VALUES ('16', 'total', 'voucher');
INSERT INTO `PREFIX_DB_extension` (`extension_id`, `type`, `code`) VALUES ('17', 'payment', 'free_checkout');
INSERT INTO `PREFIX_DB_extension` (`extension_id`, `type`, `code`) VALUES ('37', 'module', 'featured');
INSERT INTO `PREFIX_DB_extension` (`extension_id`, `type`, `code`) VALUES ('19', 'module', 'slideshow');
INSERT INTO `PREFIX_DB_extension` (`extension_id`, `type`, `code`) VALUES ('59', 'theme', 'fractal');
INSERT INTO `PREFIX_DB_extension` (`extension_id`, `type`, `code`) VALUES ('21', 'dashboard', 'activity');
INSERT INTO `PREFIX_DB_extension` (`extension_id`, `type`, `code`) VALUES ('22', 'dashboard', 'sale');
INSERT INTO `PREFIX_DB_extension` (`extension_id`, `type`, `code`) VALUES ('23', 'dashboard', 'recent');
INSERT INTO `PREFIX_DB_extension` (`extension_id`, `type`, `code`) VALUES ('24', 'dashboard', 'order');
INSERT INTO `PREFIX_DB_extension` (`extension_id`, `type`, `code`) VALUES ('25', 'dashboard', 'online');
INSERT INTO `PREFIX_DB_extension` (`extension_id`, `type`, `code`) VALUES ('26', 'dashboard', 'map');
INSERT INTO `PREFIX_DB_extension` (`extension_id`, `type`, `code`) VALUES ('27', 'dashboard', 'customer');
INSERT INTO `PREFIX_DB_extension` (`extension_id`, `type`, `code`) VALUES ('28', 'dashboard', 'chart');
INSERT INTO `PREFIX_DB_extension` (`extension_id`, `type`, `code`) VALUES ('30', 'module', 'aridius_catwall');
INSERT INTO `PREFIX_DB_extension` (`extension_id`, `type`, `code`) VALUES ('31', 'module', 'aridius_tab');
INSERT INTO `PREFIX_DB_extension` (`extension_id`, `type`, `code`) VALUES ('32', 'module', 'aridius_featured');
INSERT INTO `PREFIX_DB_extension` (`extension_id`, `type`, `code`) VALUES ('33', 'module', 'aridius_pr_review');
INSERT INTO `PREFIX_DB_extension` (`extension_id`, `type`, `code`) VALUES ('34', 'module', 'aridius_news');
INSERT INTO `PREFIX_DB_extension` (`extension_id`, `type`, `code`) VALUES ('35', 'module', 'aridius_category_accordion');
INSERT INTO `PREFIX_DB_extension` (`extension_id`, `type`, `code`) VALUES ('36', 'module', 'aridius_news_category');
INSERT INTO `PREFIX_DB_extension` (`extension_id`, `type`, `code`) VALUES ('38', 'module', 'special');
INSERT INTO `PREFIX_DB_extension` (`extension_id`, `type`, `code`) VALUES ('39', 'module', 'aridius_faq');
INSERT INTO `PREFIX_DB_extension` (`extension_id`, `type`, `code`) VALUES ('40', 'module', 'aridius_qckview');
INSERT INTO `PREFIX_DB_extension` (`extension_id`, `type`, `code`) VALUES ('41', 'module', 'aridius_letters');
INSERT INTO `PREFIX_DB_extension` (`extension_id`, `type`, `code`) VALUES ('42', 'module', 'aridiuscallback');
INSERT INTO `PREFIX_DB_extension` (`extension_id`, `type`, `code`) VALUES ('43', 'module', 'aridius_livesearch');
INSERT INTO `PREFIX_DB_extension` (`extension_id`, `type`, `code`) VALUES ('44', 'module', 'aridiusinstock');
INSERT INTO `PREFIX_DB_extension` (`extension_id`, `type`, `code`) VALUES ('45', 'module', 'aridiusfastorder');
INSERT INTO `PREFIX_DB_extension` (`extension_id`, `type`, `code`) VALUES ('46', 'module', 'aridiusundersell');
INSERT INTO `PREFIX_DB_extension` (`extension_id`, `type`, `code`) VALUES ('47', 'module', 'aridius_popupsize');
INSERT INTO `PREFIX_DB_extension` (`extension_id`, `type`, `code`) VALUES ('48', 'module', 'aridius_popupmail');
INSERT INTO `PREFIX_DB_extension` (`extension_id`, `type`, `code`) VALUES ('52', 'module', 'aridius_store_review');
INSERT INTO `PREFIX_DB_extension` (`extension_id`, `type`, `code`) VALUES ('53', 'analytics', 'google_analytics');
INSERT INTO `PREFIX_DB_extension` (`extension_id`, `type`, `code`) VALUES ('54', 'module', 'aridius_special');
INSERT INTO `PREFIX_DB_extension` (`extension_id`, `type`, `code`) VALUES ('55', 'module', 'aridius_bestseller');
INSERT INTO `PREFIX_DB_extension` (`extension_id`, `type`, `code`) VALUES ('56', 'module', 'aridius_latest');
INSERT INTO `PREFIX_DB_extension` (`extension_id`, `type`, `code`) VALUES ('57', 'module', 'bestseller');
INSERT INTO `PREFIX_DB_extension` (`extension_id`, `type`, `code`) VALUES ('58', 'module', 'latest');
INSERT INTO `PREFIX_DB_extension` (`extension_id`, `type`, `code`) VALUES ('60', 'module', 'aridius_viewed');


TRUNCATE TABLE `PREFIX_DB_layout`;

INSERT INTO `PREFIX_DB_layout` (`layout_id`, `name`) VALUES ('1', 'Главная');
INSERT INTO `PREFIX_DB_layout` (`layout_id`, `name`) VALUES ('2', 'Продукт');
INSERT INTO `PREFIX_DB_layout` (`layout_id`, `name`) VALUES ('3', 'Категория');
INSERT INTO `PREFIX_DB_layout` (`layout_id`, `name`) VALUES ('4', 'По умолчанию');
INSERT INTO `PREFIX_DB_layout` (`layout_id`, `name`) VALUES ('5', 'Производитель');
INSERT INTO `PREFIX_DB_layout` (`layout_id`, `name`) VALUES ('6', 'Аккаунт');
INSERT INTO `PREFIX_DB_layout` (`layout_id`, `name`) VALUES ('7', 'Оформление заказ');
INSERT INTO `PREFIX_DB_layout` (`layout_id`, `name`) VALUES ('8', 'Контакты');
INSERT INTO `PREFIX_DB_layout` (`layout_id`, `name`) VALUES ('9', 'Карта сайта');
INSERT INTO `PREFIX_DB_layout` (`layout_id`, `name`) VALUES ('10', 'Партнерская программа');
INSERT INTO `PREFIX_DB_layout` (`layout_id`, `name`) VALUES ('11', 'Информация');
INSERT INTO `PREFIX_DB_layout` (`layout_id`, `name`) VALUES ('12', 'Сравнение');
INSERT INTO `PREFIX_DB_layout` (`layout_id`, `name`) VALUES ('13', 'Поиск');
INSERT INTO `PREFIX_DB_layout` (`layout_id`, `name`) VALUES ('14', 'News');
INSERT INTO `PREFIX_DB_layout` (`layout_id`, `name`) VALUES ('15', 'Faq');
INSERT INTO `PREFIX_DB_layout` (`layout_id`, `name`) VALUES ('16', 'Review');


TRUNCATE TABLE `PREFIX_DB_layout_module`;

INSERT INTO `PREFIX_DB_layout_module` (`layout_module_id`, `layout_id`, `code`, `position`, `sort_order`) VALUES ('833', '4', 'aridius_popupmail', 'content_bottom', '3');
INSERT INTO `PREFIX_DB_layout_module` (`layout_module_id`, `layout_id`, `code`, `position`, `sort_order`) VALUES ('837', '5', 'aridiusinstock', 'content_bottom', '2');
INSERT INTO `PREFIX_DB_layout_module` (`layout_module_id`, `layout_id`, `code`, `position`, `sort_order`) VALUES ('319', '10', 'aridius_livesearch', 'content_bottom', '2');
INSERT INTO `PREFIX_DB_layout_module` (`layout_module_id`, `layout_id`, `code`, `position`, `sort_order`) VALUES ('838', '5', 'aridius_popupmail', 'content_bottom', '3');
INSERT INTO `PREFIX_DB_layout_module` (`layout_module_id`, `layout_id`, `code`, `position`, `sort_order`) VALUES ('892', '3', 'aridius_letters', 'content_mail', '0');
INSERT INTO `PREFIX_DB_layout_module` (`layout_module_id`, `layout_id`, `code`, `position`, `sort_order`) VALUES ('891', '3', 'aridius_faq', 'column_left', '4');
INSERT INTO `PREFIX_DB_layout_module` (`layout_module_id`, `layout_id`, `code`, `position`, `sort_order`) VALUES ('917', '1', 'aridiusinstock', 'content_bottom', '2');
INSERT INTO `PREFIX_DB_layout_module` (`layout_module_id`, `layout_id`, `code`, `position`, `sort_order`) VALUES ('916', '1', 'aridius_livesearch', 'content_bottom', '1');
INSERT INTO `PREFIX_DB_layout_module` (`layout_module_id`, `layout_id`, `code`, `position`, `sort_order`) VALUES ('915', '1', 'aridius_news', 'content_bottom', '0');
INSERT INTO `PREFIX_DB_layout_module` (`layout_module_id`, `layout_id`, `code`, `position`, `sort_order`) VALUES ('890', '3', 'aridius_viewed.52', 'column_left', '3');
INSERT INTO `PREFIX_DB_layout_module` (`layout_module_id`, `layout_id`, `code`, `position`, `sort_order`) VALUES ('889', '3', 'featured.42', 'column_left', '2');
INSERT INTO `PREFIX_DB_layout_module` (`layout_module_id`, `layout_id`, `code`, `position`, `sort_order`) VALUES ('258', '15', 'aridiuscallback', 'content_bottom', '2');
INSERT INTO `PREFIX_DB_layout_module` (`layout_module_id`, `layout_id`, `code`, `position`, `sort_order`) VALUES ('257', '15', 'aridiusinstock', 'content_bottom', '1');
INSERT INTO `PREFIX_DB_layout_module` (`layout_module_id`, `layout_id`, `code`, `position`, `sort_order`) VALUES ('256', '15', 'aridius_livesearch', 'content_bottom', '0');
INSERT INTO `PREFIX_DB_layout_module` (`layout_module_id`, `layout_id`, `code`, `position`, `sort_order`) VALUES ('255', '15', 'aridius_letters', 'content_mail', '0');
INSERT INTO `PREFIX_DB_layout_module` (`layout_module_id`, `layout_id`, `code`, `position`, `sort_order`) VALUES ('263', '14', 'aridiuscallback', 'content_bottom', '2');
INSERT INTO `PREFIX_DB_layout_module` (`layout_module_id`, `layout_id`, `code`, `position`, `sort_order`) VALUES ('262', '14', 'aridiusinstock', 'content_bottom', '1');
INSERT INTO `PREFIX_DB_layout_module` (`layout_module_id`, `layout_id`, `code`, `position`, `sort_order`) VALUES ('261', '14', 'aridius_livesearch', 'content_bottom', '0');
INSERT INTO `PREFIX_DB_layout_module` (`layout_module_id`, `layout_id`, `code`, `position`, `sort_order`) VALUES ('260', '14', 'aridius_letters', 'content_mail', '0');
INSERT INTO `PREFIX_DB_layout_module` (`layout_module_id`, `layout_id`, `code`, `position`, `sort_order`) VALUES ('268', '6', 'aridiuscallback', 'content_bottom', '2');
INSERT INTO `PREFIX_DB_layout_module` (`layout_module_id`, `layout_id`, `code`, `position`, `sort_order`) VALUES ('267', '6', 'aridiusinstock', 'content_bottom', '1');
INSERT INTO `PREFIX_DB_layout_module` (`layout_module_id`, `layout_id`, `code`, `position`, `sort_order`) VALUES ('266', '6', 'aridius_livesearch', 'content_bottom', '0');
INSERT INTO `PREFIX_DB_layout_module` (`layout_module_id`, `layout_id`, `code`, `position`, `sort_order`) VALUES ('265', '6', 'aridius_letters', 'content_mail', '0');
INSERT INTO `PREFIX_DB_layout_module` (`layout_module_id`, `layout_id`, `code`, `position`, `sort_order`) VALUES ('914', '1', 'aridius_letters', 'content_mail', '0');
INSERT INTO `PREFIX_DB_layout_module` (`layout_module_id`, `layout_id`, `code`, `position`, `sort_order`) VALUES ('913', '1', 'banner.36', 'content_slrig1', '0');
INSERT INTO `PREFIX_DB_layout_module` (`layout_module_id`, `layout_id`, `code`, `position`, `sort_order`) VALUES ('292', '11', 'aridiuscallback', 'content_bottom', '2');
INSERT INTO `PREFIX_DB_layout_module` (`layout_module_id`, `layout_id`, `code`, `position`, `sort_order`) VALUES ('291', '11', 'aridiusinstock', 'content_bottom', '1');
INSERT INTO `PREFIX_DB_layout_module` (`layout_module_id`, `layout_id`, `code`, `position`, `sort_order`) VALUES ('290', '11', 'aridius_livesearch', 'content_bottom', '0');
INSERT INTO `PREFIX_DB_layout_module` (`layout_module_id`, `layout_id`, `code`, `position`, `sort_order`) VALUES ('289', '11', 'aridius_letters', 'content_mail', '0');
INSERT INTO `PREFIX_DB_layout_module` (`layout_module_id`, `layout_id`, `code`, `position`, `sort_order`) VALUES ('296', '9', 'aridius_livesearch', 'content_bottom', '1');
INSERT INTO `PREFIX_DB_layout_module` (`layout_module_id`, `layout_id`, `code`, `position`, `sort_order`) VALUES ('295', '9', 'aridiusinstock', 'content_bottom', '0');
INSERT INTO `PREFIX_DB_layout_module` (`layout_module_id`, `layout_id`, `code`, `position`, `sort_order`) VALUES ('294', '9', 'aridius_letters', 'content_mail', '0');
INSERT INTO `PREFIX_DB_layout_module` (`layout_module_id`, `layout_id`, `code`, `position`, `sort_order`) VALUES ('888', '3', 'aridius_news_category.41', 'column_left', '1');
INSERT INTO `PREFIX_DB_layout_module` (`layout_module_id`, `layout_id`, `code`, `position`, `sort_order`) VALUES ('310', '8', 'aridiuscallback', 'content_bottom', '2');
INSERT INTO `PREFIX_DB_layout_module` (`layout_module_id`, `layout_id`, `code`, `position`, `sort_order`) VALUES ('309', '8', 'aridiusinstock', 'content_bottom', '1');
INSERT INTO `PREFIX_DB_layout_module` (`layout_module_id`, `layout_id`, `code`, `position`, `sort_order`) VALUES ('308', '8', 'aridius_livesearch', 'content_bottom', '0');
INSERT INTO `PREFIX_DB_layout_module` (`layout_module_id`, `layout_id`, `code`, `position`, `sort_order`) VALUES ('307', '8', 'aridius_letters', 'content_mail', '0');
INSERT INTO `PREFIX_DB_layout_module` (`layout_module_id`, `layout_id`, `code`, `position`, `sort_order`) VALUES ('314', '7', 'aridiuscallback', 'content_bottom', '2');
INSERT INTO `PREFIX_DB_layout_module` (`layout_module_id`, `layout_id`, `code`, `position`, `sort_order`) VALUES ('313', '7', 'aridiusinstock', 'content_bottom', '1');
INSERT INTO `PREFIX_DB_layout_module` (`layout_module_id`, `layout_id`, `code`, `position`, `sort_order`) VALUES ('312', '7', 'aridius_livesearch', 'content_bottom', '0');
INSERT INTO `PREFIX_DB_layout_module` (`layout_module_id`, `layout_id`, `code`, `position`, `sort_order`) VALUES ('311', '7', 'aridius_letters', 'content_mail', '0');
INSERT INTO `PREFIX_DB_layout_module` (`layout_module_id`, `layout_id`, `code`, `position`, `sort_order`) VALUES ('318', '10', 'aridiusinstock', 'content_bottom', '1');
INSERT INTO `PREFIX_DB_layout_module` (`layout_module_id`, `layout_id`, `code`, `position`, `sort_order`) VALUES ('317', '10', 'aridiuscallback', 'content_bottom', '0');
INSERT INTO `PREFIX_DB_layout_module` (`layout_module_id`, `layout_id`, `code`, `position`, `sort_order`) VALUES ('316', '10', 'aridius_letters', 'content_mail', '0');
INSERT INTO `PREFIX_DB_layout_module` (`layout_module_id`, `layout_id`, `code`, `position`, `sort_order`) VALUES ('832', '4', 'aridius_livesearch', 'content_bottom', '2');
INSERT INTO `PREFIX_DB_layout_module` (`layout_module_id`, `layout_id`, `code`, `position`, `sort_order`) VALUES ('831', '4', 'aridiusinstock', 'content_bottom', '1');
INSERT INTO `PREFIX_DB_layout_module` (`layout_module_id`, `layout_id`, `code`, `position`, `sort_order`) VALUES ('332', '13', 'aridiuscallback', 'content_bottom', '2');
INSERT INTO `PREFIX_DB_layout_module` (`layout_module_id`, `layout_id`, `code`, `position`, `sort_order`) VALUES ('331', '13', 'aridiusinstock', 'content_bottom', '1');
INSERT INTO `PREFIX_DB_layout_module` (`layout_module_id`, `layout_id`, `code`, `position`, `sort_order`) VALUES ('330', '13', 'aridius_livesearch', 'content_bottom', '0');
INSERT INTO `PREFIX_DB_layout_module` (`layout_module_id`, `layout_id`, `code`, `position`, `sort_order`) VALUES ('329', '13', 'aridius_letters', 'content_mail', '0');
INSERT INTO `PREFIX_DB_layout_module` (`layout_module_id`, `layout_id`, `code`, `position`, `sort_order`) VALUES ('926', '2', 'aridius_popupmail', 'content_bottom', '5');
INSERT INTO `PREFIX_DB_layout_module` (`layout_module_id`, `layout_id`, `code`, `position`, `sort_order`) VALUES ('836', '5', 'aridius_livesearch', 'content_bottom', '1');
INSERT INTO `PREFIX_DB_layout_module` (`layout_module_id`, `layout_id`, `code`, `position`, `sort_order`) VALUES ('835', '5', 'aridiuscallback', 'content_bottom', '0');
INSERT INTO `PREFIX_DB_layout_module` (`layout_module_id`, `layout_id`, `code`, `position`, `sort_order`) VALUES ('353', '12', 'aridiuscallback', 'content_bottom', '2');
INSERT INTO `PREFIX_DB_layout_module` (`layout_module_id`, `layout_id`, `code`, `position`, `sort_order`) VALUES ('352', '12', 'aridiusinstock', 'content_bottom', '1');
INSERT INTO `PREFIX_DB_layout_module` (`layout_module_id`, `layout_id`, `code`, `position`, `sort_order`) VALUES ('351', '12', 'aridius_livesearch', 'content_bottom', '0');
INSERT INTO `PREFIX_DB_layout_module` (`layout_module_id`, `layout_id`, `code`, `position`, `sort_order`) VALUES ('350', '12', 'aridius_letters', 'content_mail', '0');
INSERT INTO `PREFIX_DB_layout_module` (`layout_module_id`, `layout_id`, `code`, `position`, `sort_order`) VALUES ('925', '2', 'aridiusundersell', 'content_bottom', '4');
INSERT INTO `PREFIX_DB_layout_module` (`layout_module_id`, `layout_id`, `code`, `position`, `sort_order`) VALUES ('924', '2', 'aridiusfastorder', 'content_bottom', '3');
INSERT INTO `PREFIX_DB_layout_module` (`layout_module_id`, `layout_id`, `code`, `position`, `sort_order`) VALUES ('259', '15', 'aridius_popupmail', 'content_bottom', '3');
INSERT INTO `PREFIX_DB_layout_module` (`layout_module_id`, `layout_id`, `code`, `position`, `sort_order`) VALUES ('264', '14', 'aridius_popupmail', 'content_bottom', '3');
INSERT INTO `PREFIX_DB_layout_module` (`layout_module_id`, `layout_id`, `code`, `position`, `sort_order`) VALUES ('269', '6', 'aridius_popupmail', 'content_bottom', '3');
INSERT INTO `PREFIX_DB_layout_module` (`layout_module_id`, `layout_id`, `code`, `position`, `sort_order`) VALUES ('270', '6', 'account', 'column_right', '1');
INSERT INTO `PREFIX_DB_layout_module` (`layout_module_id`, `layout_id`, `code`, `position`, `sort_order`) VALUES ('293', '11', 'aridius_popupmail', 'content_bottom', '3');
INSERT INTO `PREFIX_DB_layout_module` (`layout_module_id`, `layout_id`, `code`, `position`, `sort_order`) VALUES ('297', '9', 'aridiuscallback', 'content_bottom', '2');
INSERT INTO `PREFIX_DB_layout_module` (`layout_module_id`, `layout_id`, `code`, `position`, `sort_order`) VALUES ('298', '9', 'aridius_popupmail', 'content_bottom', '3');
INSERT INTO `PREFIX_DB_layout_module` (`layout_module_id`, `layout_id`, `code`, `position`, `sort_order`) VALUES ('887', '3', 'aridius_category_accordion', 'column_left', '0');
INSERT INTO `PREFIX_DB_layout_module` (`layout_module_id`, `layout_id`, `code`, `position`, `sort_order`) VALUES ('315', '7', 'aridius_popupmail', 'content_bottom', '3');
INSERT INTO `PREFIX_DB_layout_module` (`layout_module_id`, `layout_id`, `code`, `position`, `sort_order`) VALUES ('320', '10', 'aridius_popupmail', 'content_bottom', '3');
INSERT INTO `PREFIX_DB_layout_module` (`layout_module_id`, `layout_id`, `code`, `position`, `sort_order`) VALUES ('321', '10', 'account', 'column_right', '1');
INSERT INTO `PREFIX_DB_layout_module` (`layout_module_id`, `layout_id`, `code`, `position`, `sort_order`) VALUES ('830', '4', 'aridiuscallback', 'content_bottom', '0');
INSERT INTO `PREFIX_DB_layout_module` (`layout_module_id`, `layout_id`, `code`, `position`, `sort_order`) VALUES ('829', '4', 'aridius_letters', 'content_mail', '0');
INSERT INTO `PREFIX_DB_layout_module` (`layout_module_id`, `layout_id`, `code`, `position`, `sort_order`) VALUES ('333', '13', 'aridius_popupmail', 'content_bottom', '3');
INSERT INTO `PREFIX_DB_layout_module` (`layout_module_id`, `layout_id`, `code`, `position`, `sort_order`) VALUES ('923', '2', 'aridiuscallback', 'content_bottom', '2');
INSERT INTO `PREFIX_DB_layout_module` (`layout_module_id`, `layout_id`, `code`, `position`, `sort_order`) VALUES ('834', '5', 'aridius_letters', 'content_mail', '0');
INSERT INTO `PREFIX_DB_layout_module` (`layout_module_id`, `layout_id`, `code`, `position`, `sort_order`) VALUES ('354', '12', 'aridius_popupmail', 'content_bottom', '3');
INSERT INTO `PREFIX_DB_layout_module` (`layout_module_id`, `layout_id`, `code`, `position`, `sort_order`) VALUES ('355', '16', 'aridius_letters', 'content_mail', '0');
INSERT INTO `PREFIX_DB_layout_module` (`layout_module_id`, `layout_id`, `code`, `position`, `sort_order`) VALUES ('356', '16', 'aridiuscallback', 'content_bottom', '0');
INSERT INTO `PREFIX_DB_layout_module` (`layout_module_id`, `layout_id`, `code`, `position`, `sort_order`) VALUES ('357', '16', 'aridius_livesearch', 'content_bottom', '1');
INSERT INTO `PREFIX_DB_layout_module` (`layout_module_id`, `layout_id`, `code`, `position`, `sort_order`) VALUES ('912', '1', 'aridius_pr_review.40', 'content_slrig2', '1');
INSERT INTO `PREFIX_DB_layout_module` (`layout_module_id`, `layout_id`, `code`, `position`, `sort_order`) VALUES ('922', '2', 'aridiusinstock', 'content_bottom', '1');
INSERT INTO `PREFIX_DB_layout_module` (`layout_module_id`, `layout_id`, `code`, `position`, `sort_order`) VALUES ('911', '1', 'aridius_special.45', 'content_slrig2', '0');
INSERT INTO `PREFIX_DB_layout_module` (`layout_module_id`, `layout_id`, `code`, `position`, `sort_order`) VALUES ('910', '1', 'banner.34', 'content_bot3', '0');
INSERT INTO `PREFIX_DB_layout_module` (`layout_module_id`, `layout_id`, `code`, `position`, `sort_order`) VALUES ('921', '2', 'aridius_livesearch', 'content_bottom', '0');
INSERT INTO `PREFIX_DB_layout_module` (`layout_module_id`, `layout_id`, `code`, `position`, `sort_order`) VALUES ('909', '1', 'banner.46', 'content_bot2', '0');
INSERT INTO `PREFIX_DB_layout_module` (`layout_module_id`, `layout_id`, `code`, `position`, `sort_order`) VALUES ('908', '1', 'banner.35', 'content_bot1', '0');
INSERT INTO `PREFIX_DB_layout_module` (`layout_module_id`, `layout_id`, `code`, `position`, `sort_order`) VALUES ('907', '1', 'banner.33', 'content_top3', '0');
INSERT INTO `PREFIX_DB_layout_module` (`layout_module_id`, `layout_id`, `code`, `position`, `sort_order`) VALUES ('906', '1', 'slideshow.44', 'content_fluid', '0');
INSERT INTO `PREFIX_DB_layout_module` (`layout_module_id`, `layout_id`, `code`, `position`, `sort_order`) VALUES ('905', '1', 'aridius_tab.38', 'content_top', '1');
INSERT INTO `PREFIX_DB_layout_module` (`layout_module_id`, `layout_id`, `code`, `position`, `sort_order`) VALUES ('904', '1', 'aridius_catwall.37', 'content_top', '0');
INSERT INTO `PREFIX_DB_layout_module` (`layout_module_id`, `layout_id`, `code`, `position`, `sort_order`) VALUES ('893', '3', 'aridiusinstock', 'content_bottom', '0');
INSERT INTO `PREFIX_DB_layout_module` (`layout_module_id`, `layout_id`, `code`, `position`, `sort_order`) VALUES ('894', '3', 'aridius_livesearch', 'content_bottom', '1');
INSERT INTO `PREFIX_DB_layout_module` (`layout_module_id`, `layout_id`, `code`, `position`, `sort_order`) VALUES ('895', '3', 'aridiuscallback', 'content_bottom', '2');
INSERT INTO `PREFIX_DB_layout_module` (`layout_module_id`, `layout_id`, `code`, `position`, `sort_order`) VALUES ('920', '2', 'aridius_letters', 'content_mail', '0');
INSERT INTO `PREFIX_DB_layout_module` (`layout_module_id`, `layout_id`, `code`, `position`, `sort_order`) VALUES ('918', '1', 'aridiuscallback', 'content_bottom', '3');
INSERT INTO `PREFIX_DB_layout_module` (`layout_module_id`, `layout_id`, `code`, `position`, `sort_order`) VALUES ('919', '1', 'aridius_popupmail', 'content_bottom', '4');
INSERT INTO `PREFIX_DB_layout_module` (`layout_module_id`, `layout_id`, `code`, `position`, `sort_order`) VALUES ('927', '2', 'aridius_viewed.51', 'content_bottom', '6');


TRUNCATE TABLE `PREFIX_DB_layout_route`;

INSERT INTO `PREFIX_DB_layout_route` (`layout_route_id`, `layout_id`, `store_id`, `route`) VALUES ('88', '6', '0', 'account/%');
INSERT INTO `PREFIX_DB_layout_route` (`layout_route_id`, `layout_id`, `store_id`, `route`) VALUES ('95', '10', '0', 'affiliate/%');
INSERT INTO `PREFIX_DB_layout_route` (`layout_route_id`, `layout_id`, `store_id`, `route`) VALUES ('160', '3', '0', 'product/category');
INSERT INTO `PREFIX_DB_layout_route` (`layout_route_id`, `layout_id`, `store_id`, `route`) VALUES ('162', '1', '0', 'common/home');
INSERT INTO `PREFIX_DB_layout_route` (`layout_route_id`, `layout_id`, `store_id`, `route`) VALUES ('163', '2', '0', 'product/product');
INSERT INTO `PREFIX_DB_layout_route` (`layout_route_id`, `layout_id`, `store_id`, `route`) VALUES ('90', '11', '0', 'information/information');
INSERT INTO `PREFIX_DB_layout_route` (`layout_route_id`, `layout_id`, `store_id`, `route`) VALUES ('94', '7', '0', 'checkout/%');
INSERT INTO `PREFIX_DB_layout_route` (`layout_route_id`, `layout_id`, `store_id`, `route`) VALUES ('93', '8', '0', 'information/contact');
INSERT INTO `PREFIX_DB_layout_route` (`layout_route_id`, `layout_id`, `store_id`, `route`) VALUES ('91', '9', '0', 'information/sitemap');
INSERT INTO `PREFIX_DB_layout_route` (`layout_route_id`, `layout_id`, `store_id`, `route`) VALUES ('154', '4', '0', '');
INSERT INTO `PREFIX_DB_layout_route` (`layout_route_id`, `layout_id`, `store_id`, `route`) VALUES ('155', '5', '0', 'product/manufacturer');
INSERT INTO `PREFIX_DB_layout_route` (`layout_route_id`, `layout_id`, `store_id`, `route`) VALUES ('100', '12', '0', 'product/compare');
INSERT INTO `PREFIX_DB_layout_route` (`layout_route_id`, `layout_id`, `store_id`, `route`) VALUES ('97', '13', '0', 'product/search');
INSERT INTO `PREFIX_DB_layout_route` (`layout_route_id`, `layout_id`, `store_id`, `route`) VALUES ('87', '14', '0', 'information/aridius_news');
INSERT INTO `PREFIX_DB_layout_route` (`layout_route_id`, `layout_id`, `store_id`, `route`) VALUES ('86', '15', '0', 'information/aridius_faq');
INSERT INTO `PREFIX_DB_layout_route` (`layout_route_id`, `layout_id`, `store_id`, `route`) VALUES ('104', '16', '0', 'extension/module/aridius_store_review');
INSERT INTO `PREFIX_DB_layout_route` (`layout_route_id`, `layout_id`, `store_id`, `route`) VALUES ('103', '16', '0', 'module/aridius_store_review');


TRUNCATE TABLE `PREFIX_DB_module`;

INSERT INTO `PREFIX_DB_module` (`module_id`, `name`, `code`, `setting`) VALUES ('30', 'Баннер пр2', 'banner', '{"name":"\\u0411\\u0430\\u043d\\u043d\\u0435\\u0440 \\u043f\\u04402","banner_id":"10","width":"360","height":"243","status":"1"}');
INSERT INTO `PREFIX_DB_module` (`module_id`, `name`, `code`, `setting`) VALUES ('29', 'Home Page', 'carousel', '{"name":"Home Page","banner_id":"8","width":"130","height":"100","status":"1"}');
INSERT INTO `PREFIX_DB_module` (`module_id`, `name`, `code`, `setting`) VALUES ('42', 'Рекомендуемые категории', 'featured', '{"name":"\\u0420\\u0435\\u043a\\u043e\\u043c\\u0435\\u043d\\u0434\\u0443\\u0435\\u043c\\u044b\\u0435 \\u043a\\u0430\\u0442\\u0435\\u0433\\u043e\\u0440\\u0438\\u0438","product_name":"","product":["42","30","47"],"limit":"3","width":"95","height":"95","status":"1"}');
INSERT INTO `PREFIX_DB_module` (`module_id`, `name`, `code`, `setting`) VALUES ('27', 'Слайдшоу слева', 'slideshow', '{"transitionStyle":"2","name":"\\u0421\\u043b\\u0430\\u0439\\u0434\\u0448\\u043e\\u0443 \\u0441\\u043b\\u0435\\u0432\\u0430","banner_id":"7","width":"750","height":"501","status":"1"}');
INSERT INTO `PREFIX_DB_module` (`module_id`, `name`, `code`, `setting`) VALUES ('31', 'Баннер пр1', 'banner', '{"name":"\\u0411\\u0430\\u043d\\u043d\\u0435\\u0440 \\u043f\\u04401","banner_id":"9","width":"360","height":"243","status":"1"}');
INSERT INTO `PREFIX_DB_module` (`module_id`, `name`, `code`, `setting`) VALUES ('46', 'баннер ср3', 'banner', '{"name":"\\u0431\\u0430\\u043d\\u043d\\u0435\\u0440 \\u0441\\u04403","banner_id":"17","width":"362","height":"139","status":"1"}');
INSERT INTO `PREFIX_DB_module` (`module_id`, `name`, `code`, `setting`) VALUES ('33', 'Баннер ср1', 'banner', '{"name":"\\u0411\\u0430\\u043d\\u043d\\u0435\\u0440 \\u0441\\u04401","banner_id":"12","width":"360","height":"400","status":"1"}');
INSERT INTO `PREFIX_DB_module` (`module_id`, `name`, `code`, `setting`) VALUES ('34', 'Баннер ср4', 'banner', '{"name":"\\u0411\\u0430\\u043d\\u043d\\u0435\\u0440 \\u0441\\u04404","banner_id":"13","width":"360","height":"400","status":"1"}');
INSERT INTO `PREFIX_DB_module` (`module_id`, `name`, `code`, `setting`) VALUES ('35', 'Баннер ср2', 'banner', '{"name":"\\u0411\\u0430\\u043d\\u043d\\u0435\\u0440 \\u0441\\u04402","banner_id":"14","width":"362","height":"255","status":"1"}');
INSERT INTO `PREFIX_DB_module` (`module_id`, `name`, `code`, `setting`) VALUES ('36', 'Баннер низ', 'banner', '{"name":"\\u0411\\u0430\\u043d\\u043d\\u0435\\u0440 \\u043d\\u0438\\u0437","banner_id":"15","width":"1140","height":"215","status":"1"}');
INSERT INTO `PREFIX_DB_module` (`module_id`, `name`, `code`, `setting`) VALUES ('37', 'Стена категорий главная', 'aridius_catwall', '{"name":"\\u0421\\u0442\\u0435\\u043d\\u0430 \\u043a\\u0430\\u0442\\u0435\\u0433\\u043e\\u0440\\u0438\\u0439 \\u0433\\u043b\\u0430\\u0432\\u043d\\u0430\\u044f","aridius_catwall_cat":["18","25","34"],"width":"120","height":"120","child_visible":"1","add_img":"1","limit_child":"3","status":"1"}');
INSERT INTO `PREFIX_DB_module` (`module_id`, `name`, `code`, `setting`) VALUES ('38', 'Табы 5 в 1 главная', 'aridius_tab', '{"name":"\\u0422\\u0430\\u0431\\u044b 5 \\u0432 1 \\u0433\\u043b\\u0430\\u0432\\u043d\\u0430\\u044f","animatetabsshow":"1","special_products":"1","latest_products":"1","bestseller_products":"1","mostviewed_products":"1","featured_products":"1","product":["30","47","28","41","42","29","44"],"limit":"10","width":"200","height":"170","autoplay":"20000","items":"4","pag_speed":"3000","rew_speed":"4000","stophover":"1","pagination":"0","navigation":"1","desc":"0","rat":"0","wish":"1","comp":"1","quickview":"1","status":"1"}');
INSERT INTO `PREFIX_DB_module` (`module_id`, `name`, `code`, `setting`) VALUES ('40', 'Последние отзывы (карусель) главная', 'aridius_pr_review', '{"name":"\\u041f\\u043e\\u0441\\u043b\\u0435\\u0434\\u043d\\u0438\\u0435 \\u043e\\u0442\\u0437\\u044b\\u0432\\u044b (\\u043a\\u0430\\u0440\\u0443\\u0441\\u0435\\u043b\\u044c) \\u0433\\u043b\\u0430\\u0432\\u043d\\u0430\\u044f","limit":"11","width":"200","height":"170","autoplay":"20000","items":"4","pag_speed":"3000","rew_speed":"4000","stophover":"1","pagination":"0","navigation":"1","desc":"1","rat":"1","wish":"1","comp":"1","quickview":"1","status":"1"}');
INSERT INTO `PREFIX_DB_module` (`module_id`, `name`, `code`, `setting`) VALUES ('41', 'Список новостей  категория', 'aridius_news_category', '{"name":"\\u0421\\u043f\\u0438\\u0441\\u043e\\u043a \\u043d\\u043e\\u0432\\u043e\\u0441\\u0442\\u0435\\u0439  \\u043a\\u0430\\u0442\\u0435\\u0433\\u043e\\u0440\\u0438\\u044f","aridius_news_category2":["1","2","3"],"width":"95","height":"95","status":"1"}');
INSERT INTO `PREFIX_DB_module` (`module_id`, `name`, `code`, `setting`) VALUES ('43', '777777777777777777', 'special', '{"name":"777777777777777777","limit":"3","width":"95","height":"95","status":"1"}');
INSERT INTO `PREFIX_DB_module` (`module_id`, `name`, `code`, `setting`) VALUES ('50', '777777777777777777', 'latest', '{"name":"777777777777777777","limit":"5","width":"95","height":"95","status":"1"}');
INSERT INTO `PREFIX_DB_module` (`module_id`, `name`, `code`, `setting`) VALUES ('44', 'на всю ширину', 'slideshow', '{"transitionStyle":"2","name":"\\u043d\\u0430 \\u0432\\u0441\\u044e \\u0448\\u0438\\u0440\\u0438\\u043d\\u0443","banner_id":"16","width":"1920","height":"600","status":"1"}');
INSERT INTO `PREFIX_DB_module` (`module_id`, `name`, `code`, `setting`) VALUES ('45', 'Товары со скидкой home', 'aridius_special', '{"name":"\\u0422\\u043e\\u0432\\u0430\\u0440\\u044b \\u0441\\u043e \\u0441\\u043a\\u0438\\u0434\\u043a\\u043e\\u0439 home","limit":"10","width":"200","height":"200","autoplay":"40000000","items":"2","pag_speed":"3000","rew_speed":"4000","stophover":"1","pagination":"0","navigation":"1","desc":"0","rat":"1","wish":"1","comp":"1","quickview":"1","status":"1","apply":"1"}');
INSERT INTO `PREFIX_DB_module` (`module_id`, `name`, `code`, `setting`) VALUES ('49', '77777777777777777777', 'bestseller', '{"name":"77777777777777777777","limit":"5","width":"95","height":"95","status":"1"}');
INSERT INTO `PREFIX_DB_module` (`module_id`, `name`, `code`, `setting`) VALUES ('51', 'продукт низ', 'aridius_viewed', '{"name":"\\u043f\\u0440\\u043e\\u0434\\u0443\\u043a\\u0442 \\u043d\\u0438\\u0437","limit":"15","width":"200","height":"170","autoplay":"4000","items":"4","pag_speed":"3000","rew_speed":"4000","stophover":"1","pagination":"0","navigation":"1","desc":"0","rat":"0","wish":"1","comp":"1","quickview":"1","colleft":"0","status":"1"}');
INSERT INTO `PREFIX_DB_module` (`module_id`, `name`, `code`, `setting`) VALUES ('52', 'категории лево', 'aridius_viewed', '{"name":"\\u043a\\u0430\\u0442\\u0435\\u0433\\u043e\\u0440\\u0438\\u0438 \\u043b\\u0435\\u0432\\u043e","limit":"3","width":"95","height":"95","autoplay":"4000","items":"3","pag_speed":"3000","rew_speed":"4000","stophover":"1","pagination":"0","navigation":"1","desc":"0","rat":"0","wish":"1","comp":"1","quickview":"1","colleft":"1","status":"1"}');


TRUNCATE TABLE `PREFIX_DB_setting`;

INSERT INTO `PREFIX_DB_setting` (`setting_id`, `store_id`, `code`, `key`, `value`, `serialized`) VALUES ('4', '0', 'voucher', 'voucher_sort_order', '8', '0');
INSERT INTO `PREFIX_DB_setting` (`setting_id`, `store_id`, `code`, `key`, `value`, `serialized`) VALUES ('5', '0', 'voucher', 'voucher_status', '1', '0');
INSERT INTO `PREFIX_DB_setting` (`setting_id`, `store_id`, `code`, `key`, `value`, `serialized`) VALUES ('41107', '0', 'config', 'config_order_status_id', '1', '0');
INSERT INTO `PREFIX_DB_setting` (`setting_id`, `store_id`, `code`, `key`, `value`, `serialized`) VALUES ('41108', '0', 'config', 'config_processing_status', '["2","3","1","12","5"]', '1');
INSERT INTO `PREFIX_DB_setting` (`setting_id`, `store_id`, `code`, `key`, `value`, `serialized`) VALUES ('41109', '0', 'config', 'config_complete_status', '["3","5"]', '1');
INSERT INTO `PREFIX_DB_setting` (`setting_id`, `store_id`, `code`, `key`, `value`, `serialized`) VALUES ('41110', '0', 'config', 'config_fraud_status_id', '2', '0');
INSERT INTO `PREFIX_DB_setting` (`setting_id`, `store_id`, `code`, `key`, `value`, `serialized`) VALUES ('41111', '0', 'config', 'config_api_id', '1', '0');
INSERT INTO `PREFIX_DB_setting` (`setting_id`, `store_id`, `code`, `key`, `value`, `serialized`) VALUES ('41112', '0', 'config', 'config_stock_display', '0', '0');
INSERT INTO `PREFIX_DB_setting` (`setting_id`, `store_id`, `code`, `key`, `value`, `serialized`) VALUES ('41113', '0', 'config', 'config_stock_warning', '0', '0');
INSERT INTO `PREFIX_DB_setting` (`setting_id`, `store_id`, `code`, `key`, `value`, `serialized`) VALUES ('41114', '0', 'config', 'config_stock_checkout', '1', '0');
INSERT INTO `PREFIX_DB_setting` (`setting_id`, `store_id`, `code`, `key`, `value`, `serialized`) VALUES ('41115', '0', 'config', 'config_affiliate_approval', '0', '0');
INSERT INTO `PREFIX_DB_setting` (`setting_id`, `store_id`, `code`, `key`, `value`, `serialized`) VALUES ('41116', '0', 'config', 'config_affiliate_auto', '0', '0');
INSERT INTO `PREFIX_DB_setting` (`setting_id`, `store_id`, `code`, `key`, `value`, `serialized`) VALUES ('41117', '0', 'config', 'config_affiliate_commission', '5', '0');
INSERT INTO `PREFIX_DB_setting` (`setting_id`, `store_id`, `code`, `key`, `value`, `serialized`) VALUES ('41118', '0', 'config', 'config_affiliate_id', '4', '0');
INSERT INTO `PREFIX_DB_setting` (`setting_id`, `store_id`, `code`, `key`, `value`, `serialized`) VALUES ('41119', '0', 'config', 'config_return_id', '0', '0');
INSERT INTO `PREFIX_DB_setting` (`setting_id`, `store_id`, `code`, `key`, `value`, `serialized`) VALUES ('41120', '0', 'config', 'config_return_status_id', '2', '0');
INSERT INTO `PREFIX_DB_setting` (`setting_id`, `store_id`, `code`, `key`, `value`, `serialized`) VALUES ('41121', '0', 'config', 'config_captcha', '', '0');
INSERT INTO `PREFIX_DB_setting` (`setting_id`, `store_id`, `code`, `key`, `value`, `serialized`) VALUES ('41122', '0', 'config', 'config_captcha_page', '["register","guest","review","return","contact"]', '1');
INSERT INTO `PREFIX_DB_setting` (`setting_id`, `store_id`, `code`, `key`, `value`, `serialized`) VALUES ('41123', '0', 'config', 'config_logo', 'catalog/1_fractal/logo.png', '0');
INSERT INTO `PREFIX_DB_setting` (`setting_id`, `store_id`, `code`, `key`, `value`, `serialized`) VALUES ('41124', '0', 'config', 'config_icon', 'catalog/cart.png', '0');
INSERT INTO `PREFIX_DB_setting` (`setting_id`, `store_id`, `code`, `key`, `value`, `serialized`) VALUES ('41125', '0', 'config', 'config_ftp_hostname', 'royal-gold2.aridius.ru', '0');
INSERT INTO `PREFIX_DB_setting` (`setting_id`, `store_id`, `code`, `key`, `value`, `serialized`) VALUES ('41126', '0', 'config', 'config_ftp_port', '21', '0');
INSERT INTO `PREFIX_DB_setting` (`setting_id`, `store_id`, `code`, `key`, `value`, `serialized`) VALUES ('96', '0', 'free_checkout', 'free_checkout_status', '1', '0');
INSERT INTO `PREFIX_DB_setting` (`setting_id`, `store_id`, `code`, `key`, `value`, `serialized`) VALUES ('97', '0', 'free_checkout', 'free_checkout_order_status_id', '1', '0');
INSERT INTO `PREFIX_DB_setting` (`setting_id`, `store_id`, `code`, `key`, `value`, `serialized`) VALUES ('98', '0', 'shipping', 'shipping_sort_order', '3', '0');
INSERT INTO `PREFIX_DB_setting` (`setting_id`, `store_id`, `code`, `key`, `value`, `serialized`) VALUES ('99', '0', 'sub_total', 'sub_total_sort_order', '1', '0');
INSERT INTO `PREFIX_DB_setting` (`setting_id`, `store_id`, `code`, `key`, `value`, `serialized`) VALUES ('100', '0', 'sub_total', 'sub_total_status', '1', '0');
INSERT INTO `PREFIX_DB_setting` (`setting_id`, `store_id`, `code`, `key`, `value`, `serialized`) VALUES ('35652', '0', 'tax', 'tax_sort_order', '5', '0');
INSERT INTO `PREFIX_DB_setting` (`setting_id`, `store_id`, `code`, `key`, `value`, `serialized`) VALUES ('102', '0', 'total', 'total_sort_order', '9', '0');
INSERT INTO `PREFIX_DB_setting` (`setting_id`, `store_id`, `code`, `key`, `value`, `serialized`) VALUES ('103', '0', 'total', 'total_status', '1', '0');
INSERT INTO `PREFIX_DB_setting` (`setting_id`, `store_id`, `code`, `key`, `value`, `serialized`) VALUES ('35651', '0', 'tax', 'tax_status', '0', '0');
INSERT INTO `PREFIX_DB_setting` (`setting_id`, `store_id`, `code`, `key`, `value`, `serialized`) VALUES ('105', '0', 'free_checkout', 'free_checkout_sort_order', '1', '0');
INSERT INTO `PREFIX_DB_setting` (`setting_id`, `store_id`, `code`, `key`, `value`, `serialized`) VALUES ('106', '0', 'cod', 'cod_sort_order', '5', '0');
INSERT INTO `PREFIX_DB_setting` (`setting_id`, `store_id`, `code`, `key`, `value`, `serialized`) VALUES ('107', '0', 'cod', 'cod_total', '0.01', '0');
INSERT INTO `PREFIX_DB_setting` (`setting_id`, `store_id`, `code`, `key`, `value`, `serialized`) VALUES ('108', '0', 'cod', 'cod_order_status_id', '1', '0');
INSERT INTO `PREFIX_DB_setting` (`setting_id`, `store_id`, `code`, `key`, `value`, `serialized`) VALUES ('109', '0', 'cod', 'cod_geo_zone_id', '0', '0');
INSERT INTO `PREFIX_DB_setting` (`setting_id`, `store_id`, `code`, `key`, `value`, `serialized`) VALUES ('110', '0', 'cod', 'cod_status', '1', '0');
INSERT INTO `PREFIX_DB_setting` (`setting_id`, `store_id`, `code`, `key`, `value`, `serialized`) VALUES ('111', '0', 'shipping', 'shipping_status', '1', '0');
INSERT INTO `PREFIX_DB_setting` (`setting_id`, `store_id`, `code`, `key`, `value`, `serialized`) VALUES ('112', '0', 'shipping', 'shipping_estimator', '1', '0');
INSERT INTO `PREFIX_DB_setting` (`setting_id`, `store_id`, `code`, `key`, `value`, `serialized`) VALUES ('113', '0', 'coupon', 'coupon_sort_order', '4', '0');
INSERT INTO `PREFIX_DB_setting` (`setting_id`, `store_id`, `code`, `key`, `value`, `serialized`) VALUES ('114', '0', 'coupon', 'coupon_status', '1', '0');
INSERT INTO `PREFIX_DB_setting` (`setting_id`, `store_id`, `code`, `key`, `value`, `serialized`) VALUES ('115', '0', 'flat', 'flat_sort_order', '1', '0');
INSERT INTO `PREFIX_DB_setting` (`setting_id`, `store_id`, `code`, `key`, `value`, `serialized`) VALUES ('116', '0', 'flat', 'flat_status', '1', '0');
INSERT INTO `PREFIX_DB_setting` (`setting_id`, `store_id`, `code`, `key`, `value`, `serialized`) VALUES ('117', '0', 'flat', 'flat_geo_zone_id', '0', '0');
INSERT INTO `PREFIX_DB_setting` (`setting_id`, `store_id`, `code`, `key`, `value`, `serialized`) VALUES ('118', '0', 'flat', 'flat_tax_class_id', '9', '0');
INSERT INTO `PREFIX_DB_setting` (`setting_id`, `store_id`, `code`, `key`, `value`, `serialized`) VALUES ('119', '0', 'flat', 'flat_cost', '5.00', '0');
INSERT INTO `PREFIX_DB_setting` (`setting_id`, `store_id`, `code`, `key`, `value`, `serialized`) VALUES ('120', '0', 'credit', 'credit_sort_order', '7', '0');
INSERT INTO `PREFIX_DB_setting` (`setting_id`, `store_id`, `code`, `key`, `value`, `serialized`) VALUES ('121', '0', 'credit', 'credit_status', '1', '0');
INSERT INTO `PREFIX_DB_setting` (`setting_id`, `store_id`, `code`, `key`, `value`, `serialized`) VALUES ('122', '0', 'reward', 'reward_sort_order', '2', '0');
INSERT INTO `PREFIX_DB_setting` (`setting_id`, `store_id`, `code`, `key`, `value`, `serialized`) VALUES ('123', '0', 'reward', 'reward_status', '1', '0');
INSERT INTO `PREFIX_DB_setting` (`setting_id`, `store_id`, `code`, `key`, `value`, `serialized`) VALUES ('124', '0', 'category', 'category_status', '1', '0');
INSERT INTO `PREFIX_DB_setting` (`setting_id`, `store_id`, `code`, `key`, `value`, `serialized`) VALUES ('125', '0', 'account', 'account_status', '1', '0');
INSERT INTO `PREFIX_DB_setting` (`setting_id`, `store_id`, `code`, `key`, `value`, `serialized`) VALUES ('126', '0', 'affiliate', 'affiliate_status', '1', '0');
INSERT INTO `PREFIX_DB_setting` (`setting_id`, `store_id`, `code`, `key`, `value`, `serialized`) VALUES ('151', '0', 'dashboard_activity', 'dashboard_activity_status', '1', '0');
INSERT INTO `PREFIX_DB_setting` (`setting_id`, `store_id`, `code`, `key`, `value`, `serialized`) VALUES ('152', '0', 'dashboard_activity', 'dashboard_activity_sort_order', '7', '0');
INSERT INTO `PREFIX_DB_setting` (`setting_id`, `store_id`, `code`, `key`, `value`, `serialized`) VALUES ('153', '0', 'dashboard_sale', 'dashboard_sale_status', '1', '0');
INSERT INTO `PREFIX_DB_setting` (`setting_id`, `store_id`, `code`, `key`, `value`, `serialized`) VALUES ('154', '0', 'dashboard_sale', 'dashboard_sale_width', '3', '0');
INSERT INTO `PREFIX_DB_setting` (`setting_id`, `store_id`, `code`, `key`, `value`, `serialized`) VALUES ('155', '0', 'dashboard_chart', 'dashboard_chart_status', '1', '0');
INSERT INTO `PREFIX_DB_setting` (`setting_id`, `store_id`, `code`, `key`, `value`, `serialized`) VALUES ('156', '0', 'dashboard_chart', 'dashboard_chart_width', '6', '0');
INSERT INTO `PREFIX_DB_setting` (`setting_id`, `store_id`, `code`, `key`, `value`, `serialized`) VALUES ('157', '0', 'dashboard_customer', 'dashboard_customer_status', '1', '0');
INSERT INTO `PREFIX_DB_setting` (`setting_id`, `store_id`, `code`, `key`, `value`, `serialized`) VALUES ('158', '0', 'dashboard_customer', 'dashboard_customer_width', '3', '0');
INSERT INTO `PREFIX_DB_setting` (`setting_id`, `store_id`, `code`, `key`, `value`, `serialized`) VALUES ('159', '0', 'dashboard_map', 'dashboard_map_status', '1', '0');
INSERT INTO `PREFIX_DB_setting` (`setting_id`, `store_id`, `code`, `key`, `value`, `serialized`) VALUES ('160', '0', 'dashboard_map', 'dashboard_map_width', '6', '0');
INSERT INTO `PREFIX_DB_setting` (`setting_id`, `store_id`, `code`, `key`, `value`, `serialized`) VALUES ('161', '0', 'dashboard_online', 'dashboard_online_status', '1', '0');
INSERT INTO `PREFIX_DB_setting` (`setting_id`, `store_id`, `code`, `key`, `value`, `serialized`) VALUES ('162', '0', 'dashboard_online', 'dashboard_online_width', '3', '0');
INSERT INTO `PREFIX_DB_setting` (`setting_id`, `store_id`, `code`, `key`, `value`, `serialized`) VALUES ('163', '0', 'dashboard_order', 'dashboard_order_sort_order', '1', '0');
INSERT INTO `PREFIX_DB_setting` (`setting_id`, `store_id`, `code`, `key`, `value`, `serialized`) VALUES ('164', '0', 'dashboard_order', 'dashboard_order_status', '1', '0');
INSERT INTO `PREFIX_DB_setting` (`setting_id`, `store_id`, `code`, `key`, `value`, `serialized`) VALUES ('165', '0', 'dashboard_order', 'dashboard_order_width', '3', '0');
INSERT INTO `PREFIX_DB_setting` (`setting_id`, `store_id`, `code`, `key`, `value`, `serialized`) VALUES ('166', '0', 'dashboard_sale', 'dashboard_sale_sort_order', '2', '0');
INSERT INTO `PREFIX_DB_setting` (`setting_id`, `store_id`, `code`, `key`, `value`, `serialized`) VALUES ('167', '0', 'dashboard_customer', 'dashboard_customer_sort_order', '3', '0');
INSERT INTO `PREFIX_DB_setting` (`setting_id`, `store_id`, `code`, `key`, `value`, `serialized`) VALUES ('168', '0', 'dashboard_online', 'dashboard_online_sort_order', '4', '0');
INSERT INTO `PREFIX_DB_setting` (`setting_id`, `store_id`, `code`, `key`, `value`, `serialized`) VALUES ('169', '0', 'dashboard_map', 'dashboard_map_sort_order', '5', '0');
INSERT INTO `PREFIX_DB_setting` (`setting_id`, `store_id`, `code`, `key`, `value`, `serialized`) VALUES ('170', '0', 'dashboard_chart', 'dashboard_chart_sort_order', '6', '0');
INSERT INTO `PREFIX_DB_setting` (`setting_id`, `store_id`, `code`, `key`, `value`, `serialized`) VALUES ('171', '0', 'dashboard_recent', 'dashboard_recent_status', '1', '0');
INSERT INTO `PREFIX_DB_setting` (`setting_id`, `store_id`, `code`, `key`, `value`, `serialized`) VALUES ('172', '0', 'dashboard_recent', 'dashboard_recent_sort_order', '8', '0');
INSERT INTO `PREFIX_DB_setting` (`setting_id`, `store_id`, `code`, `key`, `value`, `serialized`) VALUES ('173', '0', 'dashboard_activity', 'dashboard_activity_width', '4', '0');
INSERT INTO `PREFIX_DB_setting` (`setting_id`, `store_id`, `code`, `key`, `value`, `serialized`) VALUES ('174', '0', 'dashboard_recent', 'dashboard_recent_width', '8', '0');
INSERT INTO `PREFIX_DB_setting` (`setting_id`, `store_id`, `code`, `key`, `value`, `serialized`) VALUES ('41156', '0', 'config', 'config_file_mime_allowed', 'text/plainimage/pngimage/jpegimage/gifimage/bmpimage/tiffimage/svg+xmlapplication/zip&quot;application/zip&quot;application/x-zip&quot;application/x-zip&quot;application/x-zip-compressed&quot;application/x-zip-compressed&quot;application/rar&quot;application/rar&quot;application/x-rar&quot;application/x-rar&quot;application/x-rar-compressed&quot;application/x-rar-compressed&quot;application/octet-stream&quot;application/octet-stream&quot;audio/mpegvideo/quicktimeapplication/pdf', '0');
INSERT INTO `PREFIX_DB_setting` (`setting_id`, `store_id`, `code`, `key`, `value`, `serialized`) VALUES ('41173', '0', 'config', 'config_address', 'Fractal', '0');
INSERT INTO `PREFIX_DB_setting` (`setting_id`, `store_id`, `code`, `key`, `value`, `serialized`) VALUES ('41172', '0', 'config', 'config_owner', 'Fractal', '0');
INSERT INTO `PREFIX_DB_setting` (`setting_id`, `store_id`, `code`, `key`, `value`, `serialized`) VALUES ('41171', '0', 'config', 'config_name', 'Fractal', '0');
INSERT INTO `PREFIX_DB_setting` (`setting_id`, `store_id`, `code`, `key`, `value`, `serialized`) VALUES ('41170', '0', 'config', 'config_meta_keyword', 'Fractal', '0');
INSERT INTO `PREFIX_DB_setting` (`setting_id`, `store_id`, `code`, `key`, `value`, `serialized`) VALUES ('41168', '0', 'config', 'config_meta_title', 'Fractal', '0');
INSERT INTO `PREFIX_DB_setting` (`setting_id`, `store_id`, `code`, `key`, `value`, `serialized`) VALUES ('41169', '0', 'config', 'config_meta_description', 'Fractal', '0');
INSERT INTO `PREFIX_DB_setting` (`setting_id`, `store_id`, `code`, `key`, `value`, `serialized`) VALUES ('41167', '0', 'config', 'config_sms_gate_password', '', '0');
INSERT INTO `PREFIX_DB_setting` (`setting_id`, `store_id`, `code`, `key`, `value`, `serialized`) VALUES ('41166', '0', 'config', 'config_sms_gate_username', '', '0');
INSERT INTO `PREFIX_DB_setting` (`setting_id`, `store_id`, `code`, `key`, `value`, `serialized`) VALUES ('41165', '0', 'config', 'config_sms_message', '', '0');
INSERT INTO `PREFIX_DB_setting` (`setting_id`, `store_id`, `code`, `key`, `value`, `serialized`) VALUES ('41164', '0', 'config', 'config_sms_copy', '', '0');
INSERT INTO `PREFIX_DB_setting` (`setting_id`, `store_id`, `code`, `key`, `value`, `serialized`) VALUES ('41163', '0', 'config', 'config_sms_to', '', '0');
INSERT INTO `PREFIX_DB_setting` (`setting_id`, `store_id`, `code`, `key`, `value`, `serialized`) VALUES ('41162', '0', 'config', 'config_sms_from', '', '0');
INSERT INTO `PREFIX_DB_setting` (`setting_id`, `store_id`, `code`, `key`, `value`, `serialized`) VALUES ('41161', '0', 'config', 'config_sms_gatename', 'testsms', '0');
INSERT INTO `PREFIX_DB_setting` (`setting_id`, `store_id`, `code`, `key`, `value`, `serialized`) VALUES ('41160', '0', 'config', 'config_sms_alert', '0', '0');
INSERT INTO `PREFIX_DB_setting` (`setting_id`, `store_id`, `code`, `key`, `value`, `serialized`) VALUES ('41537', '0', 'fractal', 'fractal_text_search_footer', '000000', '0');
INSERT INTO `PREFIX_DB_setting` (`setting_id`, `store_id`, `code`, `key`, `value`, `serialized`) VALUES ('41538', '0', 'fractal', 'fractal_color_border_search_footer', '000000', '0');
INSERT INTO `PREFIX_DB_setting` (`setting_id`, `store_id`, `code`, `key`, `value`, `serialized`) VALUES ('41539', '0', 'fractal', 'fractal_color_phone', 'A99D90', '0');
INSERT INTO `PREFIX_DB_setting` (`setting_id`, `store_id`, `code`, `key`, `value`, `serialized`) VALUES ('41540', '0', 'fractal', 'fractal_counter', '', '0');
INSERT INTO `PREFIX_DB_setting` (`setting_id`, `store_id`, `code`, `key`, `value`, `serialized`) VALUES ('41541', '0', 'fractal', 'fractal_css', '/* ef-banners START*/.btn-bannerright1{position:relative;color: #fff;background: rgba(80, 70, 59, 0.7) none repeat scroll 0 0;border: 2px solid #fff;font-size: 14px;font-weight: 600;margin-top: 30%;}.btn-bannerright1:hover{color: #fff;border: 2px solid #fff;background: rgba(80, 70, 59, 0.9) none repeat scroll 0 0;}.bannerright-text{color: #fff;display: inline-block;font-size: 17px;font-style: italic;font-weight: 800;letter-spacing: 1px;margin-top: 30%;position: relative;text-transform: uppercase;}.btn-bannercenter{position:relative;color: #fff;background: rgba(186, 160, 99, 0.7) none repeat scroll 0 0;border: 2px solid #fff;font-size: 14px;font-weight: 600;margin-top: 50%;}.btn-bannercenter:hover{color: #fff;border: 2px solid #fff;background: rgba(186, 160, 99, 0.9) none repeat scroll 0 0;}.btn-bannerbottom{position:relative;color: #fff;background: rgba(186, 160, 99, 0.7) none repeat scroll 0 0;border: 2px solid #fff;font-size: 14px;font-weight: 600;margin-top: 8%;}.btn-bannerbottom:hover{color: #fff;border: 2px solid #fff;background: rgba(186, 160, 99, 0.9) none repeat scroll 0 0;}.bannercenter-text{color: #000;display: inline-block;font-size: 17px;font-style: italic;font-weight: 800;letter-spacing: 1px;margin-top: 30%;position: relative;text-transform: uppercase;}.bannercenter-text2{color: #000;display: inline-block;font-size: 17px;font-style: italic;font-weight: 800;letter-spacing: 1px;margin-top: 10%;position: relative;text-transform: uppercase;}.bannerbottom-text{color: #000;display: inline-block;font-size: 27px;font-style: italic;font-weight: 800;letter-spacing: 1px;margin-top: 10%;position: relative;text-transform: uppercase;}/* ef-slider START*/.ef-slider1{-webkit-animation: 300ms linear 900ms both rotateInDownLeft;-moz-animation: 300ms linear 900ms both rotateInDownLeft;-o-animation: 300ms linear 900ms both rotateInDownLeft;-ms-animation: 300ms linear 900ms both rotateInDownLeft;animation: 300ms linear 900ms both rotateInDownLeft;}.ef-slider2{ -webkit-animation: 300ms linear 300ms both fadeInUp;-moz-animation: 300ms linear 300ms both fadeInUp;-o-animation: 300ms linear 300ms both fadeInUp;-ms-animation: 300ms linear 300ms both fadeInUp;animation: 300ms linear 300ms both fadeInUp;}.ef-slider3{-webkit-animation: 300ms linear 1500ms both rotateInDownLeft;-moz-animation: 300ms linear 1500ms both rotateInDownLeft;-o-animation: 300ms linear 1500ms both rotateInDownLeft;-ms-animation: 300ms linear 1500ms both rotateInDownLeft;animation: 300ms linear 1500ms both rotateInDownLeft;}.ef-slider4{-webkit-animation: 300ms linear 2200ms both fadeInUp;-moz-animation: 300ms linear 2200ms both fadeInUp;-o-animation: 300ms linear 2200ms both fadeInUp;-ms-animation: 300ms linear 2200ms both fadeInUp;animation: 300ms linear 2200ms both fadeInUp;}.ef-slider5{-webkit-animation: 600ms linear 2900ms both rotateInDownLeft;-moz-animation: 600ms linear 2900ms both rotateInDownLeft;-o-animation: 600ms linear 2900ms both rotateInDownLeft;-ms-animation: 600ms linear 2900ms both rotateInDownLeft;animation: 600ms linear 2900ms both rotateInDownLeft;}.ef-slider7{-webkit-animation: 800ms linear 2500ms both rotateInDownLeft;-moz-animation: 800ms linear 2500ms both rotateInDownLeft;-o-animation: 800ms linear 2500ms both rotateInDownLeft;-ms-animation: 800ms linear 2500ms both rotateInDownLeft;animation: 800ms linear 2500ms both rotateInDownLeft;}.text-slider1{position: absolute;color: #FFFFFF;font-size: 16px;left: 20px; top: 40px;padding: 5px;background: rgba(0, 0, 0, 0.5) none repeat scroll 0 0;}.text-slider2{position: absolute;color: #FFFFFF;font-size: 16px;left: 20px; top: 77px;padding: 5px;background: rgba(0, 0, 0, 0.5) none repeat scroll 0 0;}.text-slider3{position: absolute;color: #FFFFFF;font-size: 16px;left: 20px;top: 114px;padding: 5px;background: rgba(0, 0, 0, 0.5) none repeat scroll 0 0;}.text-slider4{position: absolute;color: white;font-size: 16px;left: 20px;top: 151px;padding: 5px;}.text-slider5{font-family: \'Comfortaa\', cursive;font-weight: 600;text-align: center;position: absolute;left: 420px;top: 358px;color: #fff;text-shadow: 1px 1px 2px black, 0 0 1em #A1C0AC;font-size: 56px;width: 300px;height: 70px;padding: 19px 0px;background: rgba(237, 28, 37, 1) none repeat scroll 0 0;border: solid 6px #fff;outline: solid 6px #888;border-radius: 5px;}.text-slider7{font-family: \'Comfortaa\', cursive;text-decoration: line-through;font-size: 16px;font-weight: 600;text-align: center;padding: 0px 10px;position: absolute;width: 80px;height: 25px;left: 638px;top: 364px;color: #732626;background: rgba(255, 255, 255, 0.6) none repeat scroll 0 0;border: 1px solid #fff;border-radius: 2px;}.btn-slider {color: #000;font-size: 14px;border: 1px solid #737373;text-transform: uppercase;padding: 7px;}.btn-sliderb {background: #50463b none repeat scroll 0 0;color: #ffffff;font-size: 14px;border: 1px solid #737373;text-transform: uppercase;padding: 7px;}.btn-slider:hover {background: #51473c;color: #fff;}.btn-sliderb:hover {background: #6E6051;color: #fff;}/* ---------------- */ /* ef-slider END */ /* ---------------- */', '0');
INSERT INTO `PREFIX_DB_setting` (`setting_id`, `store_id`, `code`, `key`, `value`, `serialized`) VALUES ('37595', '0', 'aridius_popupmail', 'aridius_popupmail_delay', '5', '0');
INSERT INTO `PREFIX_DB_setting` (`setting_id`, `store_id`, `code`, `key`, `value`, `serialized`) VALUES ('37596', '0', 'aridius_popupmail', 'aridius_popupmail_day', '0', '0');
INSERT INTO `PREFIX_DB_setting` (`setting_id`, `store_id`, `code`, `key`, `value`, `serialized`) VALUES ('37597', '0', 'aridius_popupmail', 'aridius_popupmail_status', '1', '0');
INSERT INTO `PREFIX_DB_setting` (`setting_id`, `store_id`, `code`, `key`, `value`, `serialized`) VALUES ('41159', '0', 'config', 'config_error_filename', 'error.log', '0');
INSERT INTO `PREFIX_DB_setting` (`setting_id`, `store_id`, `code`, `key`, `value`, `serialized`) VALUES ('41158', '0', 'config', 'config_error_log', '1', '0');
INSERT INTO `PREFIX_DB_setting` (`setting_id`, `store_id`, `code`, `key`, `value`, `serialized`) VALUES ('41157', '0', 'config', 'config_error_display', '1', '0');
INSERT INTO `PREFIX_DB_setting` (`setting_id`, `store_id`, `code`, `key`, `value`, `serialized`) VALUES ('41536', '0', 'fractal', 'fractal_footer_colot_texthover', 'CEB478', '0');
INSERT INTO `PREFIX_DB_setting` (`setting_id`, `store_id`, `code`, `key`, `value`, `serialized`) VALUES ('41535', '0', 'fractal', 'fractal_footer_colot_text', '3E424A', '0');
INSERT INTO `PREFIX_DB_setting` (`setting_id`, `store_id`, `code`, `key`, `value`, `serialized`) VALUES ('41534', '0', 'fractal', 'fractal_footer_h5', '232323', '0');
INSERT INTO `PREFIX_DB_setting` (`setting_id`, `store_id`, `code`, `key`, `value`, `serialized`) VALUES ('41533', '0', 'fractal', 'fractal_footer_background', 'FFFFFF', '0');
INSERT INTO `PREFIX_DB_setting` (`setting_id`, `store_id`, `code`, `key`, `value`, `serialized`) VALUES ('41532', '0', 'fractal', 'fractal_colorhover_btn', 'FFFFFF', '0');
INSERT INTO `PREFIX_DB_setting` (`setting_id`, `store_id`, `code`, `key`, `value`, `serialized`) VALUES ('41531', '0', 'fractal', 'fractal_color_btn', '000000', '0');
INSERT INTO `PREFIX_DB_setting` (`setting_id`, `store_id`, `code`, `key`, `value`, `serialized`) VALUES ('41530', '0', 'fractal', 'fractal_borderhover_btn', '737373', '0');
INSERT INTO `PREFIX_DB_setting` (`setting_id`, `store_id`, `code`, `key`, `value`, `serialized`) VALUES ('41529', '0', 'fractal', 'fractal_border_btn', '737373', '0');
INSERT INTO `PREFIX_DB_setting` (`setting_id`, `store_id`, `code`, `key`, `value`, `serialized`) VALUES ('41155', '0', 'config', 'config_file_ext_allowed', 'ziptxtpngjpejpegjpggifbmpicotifftifsvgsvgzziprarmsicabmp3qtmovpdfpsdaiepspsdoc', '0');
INSERT INTO `PREFIX_DB_setting` (`setting_id`, `store_id`, `code`, `key`, `value`, `serialized`) VALUES ('41154', '0', 'config', 'config_file_max_size', '300000', '0');
INSERT INTO `PREFIX_DB_setting` (`setting_id`, `store_id`, `code`, `key`, `value`, `serialized`) VALUES ('41147', '0', 'config', 'config_compression', '0', '0');
INSERT INTO `PREFIX_DB_setting` (`setting_id`, `store_id`, `code`, `key`, `value`, `serialized`) VALUES ('41148', '0', 'config', 'config_mail_regexp', '/^[^@]+@.*.[a-z]{2,15}$/i', '0');
INSERT INTO `PREFIX_DB_setting` (`setting_id`, `store_id`, `code`, `key`, `value`, `serialized`) VALUES ('41149', '0', 'config', 'config_editor_default', '0', '0');
INSERT INTO `PREFIX_DB_setting` (`setting_id`, `store_id`, `code`, `key`, `value`, `serialized`) VALUES ('41150', '0', 'config', 'config_secure', '0', '0');
INSERT INTO `PREFIX_DB_setting` (`setting_id`, `store_id`, `code`, `key`, `value`, `serialized`) VALUES ('41151', '0', 'config', 'config_password', '1', '0');
INSERT INTO `PREFIX_DB_setting` (`setting_id`, `store_id`, `code`, `key`, `value`, `serialized`) VALUES ('41152', '0', 'config', 'config_shared', '0', '0');
INSERT INTO `PREFIX_DB_setting` (`setting_id`, `store_id`, `code`, `key`, `value`, `serialized`) VALUES ('41153', '0', 'config', 'config_encryption', 'XZMJ0HrVOdIT2PK1WyYomXXYx1IAZ0FG7lcp0BigA8DHqgHVHiFLi91UwN9rsfCOBTgIsnqjVmeTIAJuUbyIx5T7UZmMA3rlUEDLzSmmTd7pL9X4seAyXp1aus0e0sEAXnKvCvO0mQBrHK3bIwep82zyxclzkRx0M7hCkMNLG59yejaJvOUBqkWMuBGNBALDlEOzMUe9LJrOXLFeZKlnHkvAsHxP1ywOJ9CJIJQkAHOfJjCVhdvK5wjoq5HgOCF8mvHfqn4kWIfHuWncepZdzmHAJDVZcMWBdH3UjFJZkQttUrJnBY1yQfqTu9MqQEWGVR417slut8nVWUqrwbybwxxLaVz63xsUxyUPmDxmkjbkuxR1P69Izst39W3Z1YI0ItsIALktwCViklbKgpL0hTMNeN5YgKX0BkunUAcRQqqNEyysd15FweFHCeSufa343DXfdsHTjqTr5yX6X8M913y7DMK4xD68AxVpX6R5cLwQQlvhMlf89v5VVKD9RMYrB5VC2BUykjXR8YH3fJKd4Y4SMm0LeXJ1yVb2lD0cQ0pISzL0Y7ARtfMKP3bPkBk3MktlAVOlFnmjYoVZ0wCltv3fOJHJ2sFmvLFqyKPwM3zntoDEhxujsj85JUi7NMs2LNtbtNrX7lC6jxDEpFP9MQd4snKgFzZiZSNBZm75TnRPCWvjdybJ5aIcLh5A2OpqbmtvL22IVCFfW7Utp3cgUR4GrwKKXUY47F3CxjiEnSM8Iq8x2ICHQFSje4TKcronNh1X3IQLWDlGp6iE22ihikGZVC7My344ILh6raEuAL1BByYBAfVn7Qr4FiH4XYnFYCSCktR7Ez4DGfQL2DF1Gyo6cQ0dcsoVnWT6Gyaahh67pilGqIQjAhmUsDmGajfSo6e5MTItnbzrDeQBsYGSEcGSRB5kI3vCM3juFn6jJmOi9zDTBharYSsOEbkCJsfAiSnoPalFbNul6PPI2xvbnanRBuhDfqvypAAewukPvYJTivSd9IV2BGk8uNNipSLq', '0');
INSERT INTO `PREFIX_DB_setting` (`setting_id`, `store_id`, `code`, `key`, `value`, `serialized`) VALUES ('41145', '0', 'config', 'config_seo_pro_utm', 'blockfrommarketgclidkeywordlist_typeopenstatopenstat_serviceopenstat_campaignopenstat_adopenstat_sourcepositionsourcetrackingtypeyclidymcliduriurltypeutm_sourceutm_mediumutm_campaignutm_termutm_content', '0');
INSERT INTO `PREFIX_DB_setting` (`setting_id`, `store_id`, `code`, `key`, `value`, `serialized`) VALUES ('41146', '0', 'config', 'config_robots', 'abotdbotebothbotkbotlbotmbotnbotobotpbotrbotsbottbotvbotybotzbotbot.bot/_bot.bot/bot-bot:bot(botcrawlslurpspiderseekaccoonaacoonadressendeutschlandah-ha.comahoyaltavistaananzianthillappiearachnophiliaaralearaneoaranhaarchitextarethaarksasteriasatlocalatnatomzaugurfindbackrubbannana_botbaypupbdfetchbig brotherbiglotronbjaalandblackwidowblaizblogblo.bloodhoundboithoboochbradleybutterflycalifcassandraccubeecfetchcharlottechurlcienciaficcioncmccollectivecomagentcombinecomputingsitecscicurlcuscodaumoadeepindexdeloriedepspiddewebdie blinde kuhdiggerdittodmozdocomodownload expressdtaagentdwcpebinessebingbonge-collectorejupiteremacs-w3 search engineestherevliya celebiezresultfalconfelix ideferretfetchroverfidofindlinksfireballfish searchfouineurfunnelwebgazzgcreepgenieknowsgetterroboplusgeturlglxgoforitgolemgrabbergrapnelgralongriffongromitgrubgulliverhamahakkiharvesthavindexhelixheritrixhku www octopushomerwebhtdightml indexhtml_analyzerhtmlgobblehubaterhyper-decontextualizeria_archiveribm_planetwideichiroiconsurfiltrovatoreimage.kapsi.netimagelockincywincyindexerinfobeeinformantingridinktomisearch.cominspector webintelliagentinternet shinchakubinip3000iron33israeli-searchiviajackjakartajavabeejetbotjumpstationkatipokdd-explorerkilroyknowledgekototoikretrievelabelgrabberlachesislarbinlegslibwwwlinkalarmlink validatorlinkscanlockonlwplycosmagpiemantraagentmapoftheinternetmarvin/mattiemediafoxmediapartnersmercatormerzscopemicrosoft url controlminirankmivamj12mnogosearchmogetmonstermoosemotormultitextmunchermuscatferretmwd.searchmywebnajdinameprotectnationaldirectorynazillancsa betanec-meshexplorernederland.zoeknetcarta webmap enginenetmechanicnetresearchservernetscoopnewscan-onlinenhsenokia6682/nomadnoyonanutchnzexplorerobjectssearchoccamomniopen textopenfindopenintelligencedataorb searchosis-projectpack ratpageboypagebullpage_verifierpanscientparasitepartnersitepatricpear.pegasusperegrinatorpgp key agentphantomphpdigpicosearchpiltdownmanpimptrainpinpointpioneerpiranhaplumtreewebaccessorpogodakpoirotpompospoppelsdorfpoppipopular iconoclastpsycheclonepublisherpythonramblerraven searchroachroad runnerroadhouserobbierobofoxrobozillarulessaltysbiderscooterscoutjetscrubbysearch.searchprocesssemanticdiscoverysenrigansg-scoutshai\'huludsharkshopwikisidewindersiftsilksimmanysite searchersite valetsitetech-roverskymob.comsleeksmartwitsna-snappysnoopersohuspeedfindspheresphiderspinnerspydersteeler/sukesunteksupersnoopersurfnomoresvensygolszukacztach black widowtarantulatempleton/teomat-h-u-n-d-e-r-s-t-o-n-etheophrastustitantitintkwwwtoutatist-rextutorgigtwicelertwisteducsdudmsearchurl checkupdatedvagabondovalkyrieverticrawlvictoriavision-searchvolcanovoyager/voyager-hcw3c_validatorw3m2w3mirwalkerwallpaperwandererwauuuwavefireweb coreweb hopperweb wombatwebbanditwebcatcherwebcopywebfootweblayersweblinkerweblog monitorwebmirrorwebmonkeywebquestwebreaperwebsitepulsewebsnarfwebstolpererwebvacwebwalkwebwatchwebwombatwebzingerwhizbangwhowherewild ferretworldlightwwwcwwwsterxenuxgetxiftxirqyandexyangayetiyodaozaozipppzyborg', '0');
INSERT INTO `PREFIX_DB_setting` (`setting_id`, `store_id`, `code`, `key`, `value`, `serialized`) VALUES ('740', '0', 'aridius_news', 'aridius_news_home_limit', '4', '0');
INSERT INTO `PREFIX_DB_setting` (`setting_id`, `store_id`, `code`, `key`, `value`, `serialized`) VALUES ('741', '0', 'aridius_news', 'aridius_news_home_chars', '135', '0');
INSERT INTO `PREFIX_DB_setting` (`setting_id`, `store_id`, `code`, `key`, `value`, `serialized`) VALUES ('742', '0', 'aridius_news', 'aridius_news_headline_chars', '100', '0');
INSERT INTO `PREFIX_DB_setting` (`setting_id`, `store_id`, `code`, `key`, `value`, `serialized`) VALUES ('743', '0', 'aridius_news', 'aridius_news_aridius_newspage_addthis', '0', '0');
INSERT INTO `PREFIX_DB_setting` (`setting_id`, `store_id`, `code`, `key`, `value`, `serialized`) VALUES ('744', '0', 'aridius_news', 'aridius_news_show_date', '0', '0');
INSERT INTO `PREFIX_DB_setting` (`setting_id`, `store_id`, `code`, `key`, `value`, `serialized`) VALUES ('745', '0', 'aridius_news', 'aridius_news_show_img', '0', '0');
INSERT INTO `PREFIX_DB_setting` (`setting_id`, `store_id`, `code`, `key`, `value`, `serialized`) VALUES ('746', '0', 'aridius_news', 'aridius_news_show_description', '0', '0');
INSERT INTO `PREFIX_DB_setting` (`setting_id`, `store_id`, `code`, `key`, `value`, `serialized`) VALUES ('747', '0', 'aridius_news', 'aridius_news_thumb_width', '260', '0');
INSERT INTO `PREFIX_DB_setting` (`setting_id`, `store_id`, `code`, `key`, `value`, `serialized`) VALUES ('748', '0', 'aridius_news', 'aridius_news_thumb_height', '167', '0');
INSERT INTO `PREFIX_DB_setting` (`setting_id`, `store_id`, `code`, `key`, `value`, `serialized`) VALUES ('749', '0', 'aridius_news', 'aridius_news_status', '1', '0');
INSERT INTO `PREFIX_DB_setting` (`setting_id`, `store_id`, `code`, `key`, `value`, `serialized`) VALUES ('750', '0', 'aridius_news', 'aridius_news_review_guest', '0', '0');
INSERT INTO `PREFIX_DB_setting` (`setting_id`, `store_id`, `code`, `key`, `value`, `serialized`) VALUES ('751', '0', 'aridius_news', 'aridius_news_status_review', '0', '0');
INSERT INTO `PREFIX_DB_setting` (`setting_id`, `store_id`, `code`, `key`, `value`, `serialized`) VALUES ('752', '0', 'aridius_news', 'aridius_news_display_answer_button', '0', '0');
INSERT INTO `PREFIX_DB_setting` (`setting_id`, `store_id`, `code`, `key`, `value`, `serialized`) VALUES ('753', '0', 'aridius_news', 'aridius_news_display_captcha', '1', '0');
INSERT INTO `PREFIX_DB_setting` (`setting_id`, `store_id`, `code`, `key`, `value`, `serialized`) VALUES ('754', '0', 'aridius_news', 'aridius_news_limite_page', '10', '0');
INSERT INTO `PREFIX_DB_setting` (`setting_id`, `store_id`, `code`, `key`, `value`, `serialized`) VALUES ('755', '0', 'aridius_news', 'aridius_news_mail', '0', '0');
INSERT INTO `PREFIX_DB_setting` (`setting_id`, `store_id`, `code`, `key`, `value`, `serialized`) VALUES ('36506', '0', 'aridius_category_accordion', 'aridius_category_accordion_child_visible', '["45","46","59","60","61","62","63","64","65","66","67","68","69","70","71","72","73","74","75","76","77","78","79","88","89","90","91","92","93","94","95","96","97","98","20","32","18","25","24","33","34"]', '1');
INSERT INTO `PREFIX_DB_setting` (`setting_id`, `store_id`, `code`, `key`, `value`, `serialized`) VALUES ('36507', '0', 'aridius_category_accordion', 'aridius_category_accordion_status', '1', '0');
INSERT INTO `PREFIX_DB_setting` (`setting_id`, `store_id`, `code`, `key`, `value`, `serialized`) VALUES ('3300', '0', 'aridius_faq', 'aridius_faq_meta_title', '{"1":"FAQ","2":"FAQ"}', '1');
INSERT INTO `PREFIX_DB_setting` (`setting_id`, `store_id`, `code`, `key`, `value`, `serialized`) VALUES ('3301', '0', 'aridius_faq', 'aridius_faq_meta_description', '{"1":"FAQ","2":"FAQ"}', '1');
INSERT INTO `PREFIX_DB_setting` (`setting_id`, `store_id`, `code`, `key`, `value`, `serialized`) VALUES ('3298', '0', 'aridius_faq', 'aridius_faq_description', '{"1":"&lt;p&gt;&lt;span style=&quot;font-size:14px&quot;&gt;\\u041d\\u0430\\u0448\\u0430 \\u043a\\u043e\\u043c\\u043f\\u0430\\u043d\\u0438\\u044f \\u0437\\u0430\\u0431\\u043e\\u0442\\u0438\\u0442\\u044c\\u0441\\u044f \\u043e \\u043a\\u0430\\u0436\\u0434\\u043e\\u043c \\u043a\\u043b\\u0438\\u0435\\u043d\\u0442\\u0435 \\u0438 \\u0441\\u0442\\u0430\\u0440\\u0430\\u0435\\u0442\\u0441\\u044f \\u043f\\u043e\\u0441\\u0442\\u043e\\u044f\\u043d\\u043d\\u043e \\u0443\\u0441\\u043e\\u0432\\u0435\\u0440\\u0448\\u0435\\u043d\\u0441\\u0442\\u0432\\u043e\\u0432\\u0430\\u0442\\u044c\\u0441\\u044f. \\u041f\\u043e\\u044d\\u0442\\u043e\\u043c\\u0443 \\u0441\\u043e\\u0433\\u043b\\u0430\\u0441\\u043d\\u043e \\u0437\\u0430\\u043a\\u043e\\u043d\\u0430 \\u00ab\\u041f\\u0440\\u043e \\u0437\\u0430\\u0449\\u0438\\u0442\\u0443 \\u043f\\u0440\\u0430\\u0432 \\u043f\\u043e\\u0442\\u0440\\u0435\\u0431\\u0438\\u0442\\u0435\\u043b\\u044f\\u00bb \\u0435\\u0441\\u043b\\u0438 \\u043a\\u0443\\u043f\\u043b\\u0435\\u043d\\u043d\\u044b\\u0439 \\u0442\\u043e\\u0432\\u0430\\u0440 \\u0432\\u0430\\u043c \\u043d\\u0435 \\u043f\\u043e\\u0434\\u043e\\u0448\\u0435\\u043b \\u043f\\u043e \\u043a\\u0430\\u043a\\u043e\\u0439 - \\u0442\\u043e \\u0438\\u0437 \\u043f\\u0440\\u0438\\u0447\\u0438\\u043d, \\u0438\\u043c\\u0435\\u0435\\u0442 \\u0437\\u0430\\u0432\\u043e\\u0434\\u0441\\u043a\\u0438\\u0435 \\u0434\\u0435\\u0444\\u0435\\u043a\\u0442\\u044b, \\u0412\\u044b \\u0438\\u043c\\u0435\\u0435\\u0442\\u0435 \\u043f\\u0440\\u0430\\u0432\\u043e \\u0432\\u0435\\u0440\\u043d\\u0443\\u0442\\u044c \\u0438\\u043b\\u0438 \\u043e\\u0431\\u043c\\u0435\\u043d\\u044f\\u0442\\u044c \\u0442\\u043e\\u0432\\u0430\\u0440 \\u0432 \\u0442\\u0435\\u0447\\u0435\\u043d\\u0438\\u0438 14 \\u0434\\u043d\\u0435\\u0439 \\u0441 \\u043c\\u043e\\u043c\\u0435\\u043d\\u0442\\u0430 \\u0435\\u0433\\u043e \\u043f\\u043e\\u043a\\u0443\\u043f\\u043a\\u0438.&lt;\\/span&gt;&lt;br&gt;&lt;\\/p&gt;","2":"&lt;p&gt;&lt;span style=&quot;font-size:14px&quot;&gt;\\u041d\\u0430\\u0448\\u0430 \\u043a\\u043e\\u043c\\u043f\\u0430\\u043d\\u0438\\u044f \\u0437\\u0430\\u0431\\u043e\\u0442\\u0438\\u0442\\u044c\\u0441\\u044f \\u043e \\u043a\\u0430\\u0436\\u0434\\u043e\\u043c \\u043a\\u043b\\u0438\\u0435\\u043d\\u0442\\u0435 \\u0438 \\u0441\\u0442\\u0430\\u0440\\u0430\\u0435\\u0442\\u0441\\u044f \\u043f\\u043e\\u0441\\u0442\\u043e\\u044f\\u043d\\u043d\\u043e \\u0443\\u0441\\u043e\\u0432\\u0435\\u0440\\u0448\\u0435\\u043d\\u0441\\u0442\\u0432\\u043e\\u0432\\u0430\\u0442\\u044c\\u0441\\u044f. \\u041f\\u043e\\u044d\\u0442\\u043e\\u043c\\u0443 \\u0441\\u043e\\u0433\\u043b\\u0430\\u0441\\u043d\\u043e \\u0437\\u0430\\u043a\\u043e\\u043d\\u0430 \\u00ab\\u041f\\u0440\\u043e \\u0437\\u0430\\u0449\\u0438\\u0442\\u0443 \\u043f\\u0440\\u0430\\u0432 \\u043f\\u043e\\u0442\\u0440\\u0435\\u0431\\u0438\\u0442\\u0435\\u043b\\u044f\\u00bb \\u0435\\u0441\\u043b\\u0438 \\u043a\\u0443\\u043f\\u043b\\u0435\\u043d\\u043d\\u044b\\u0439 \\u0442\\u043e\\u0432\\u0430\\u0440 \\u0432\\u0430\\u043c \\u043d\\u0435 \\u043f\\u043e\\u0434\\u043e\\u0448\\u0435\\u043b \\u043f\\u043e \\u043a\\u0430\\u043a\\u043e\\u0439 - \\u0442\\u043e \\u0438\\u0437 \\u043f\\u0440\\u0438\\u0447\\u0438\\u043d, \\u0438\\u043c\\u0435\\u0435\\u0442 \\u0437\\u0430\\u0432\\u043e\\u0434\\u0441\\u043a\\u0438\\u0435 \\u0434\\u0435\\u0444\\u0435\\u043a\\u0442\\u044b, \\u0412\\u044b \\u0438\\u043c\\u0435\\u0435\\u0442\\u0435 \\u043f\\u0440\\u0430\\u0432\\u043e \\u0432\\u0435\\u0440\\u043d\\u0443\\u0442\\u044c \\u0438\\u043b\\u0438 \\u043e\\u0431\\u043c\\u0435\\u043d\\u044f\\u0442\\u044c \\u0442\\u043e\\u0432\\u0430\\u0440 \\u0432 \\u0442\\u0435\\u0447\\u0435\\u043d\\u0438\\u0438 14 \\u0434\\u043d\\u0435\\u0439 \\u0441 \\u043c\\u043e\\u043c\\u0435\\u043d\\u0442\\u0430 \\u0435\\u0433\\u043e \\u043f\\u043e\\u043a\\u0443\\u043f\\u043a\\u0438.&lt;\\/span&gt;&lt;br&gt;&lt;\\/p&gt;"}', '1');
INSERT INTO `PREFIX_DB_setting` (`setting_id`, `store_id`, `code`, `key`, `value`, `serialized`) VALUES ('3299', '0', 'aridius_faq', 'aridius_faq_description2', '{"1":"&lt;p&gt;&lt;span style=&quot;font-size:14px&quot;&gt;\\u041a\\u0443\\u043f\\u0438\\u0442\\u044c \\u0442\\u043e\\u0432\\u0430\\u0440 \\u0443 \\u043d\\u0430\\u0441 \\u0412\\u044b \\u043c\\u043e\\u0436\\u0435\\u0442\\u0435, \\u043f\\u043e\\u0437\\u0432\\u043e\\u043d\\u0438\\u043c \\u043f\\u043e \\u043e\\u0434\\u043d\\u043e\\u043c\\u0443 \\u0438\\u0437 \\u043d\\u0430\\u0448\\u0438\\u0445 \\u0442\\u0435\\u043b\\u0435\\u0444\\u043e\\u043d\\u043e\\u0432 \\u0438\\u043b\\u0438 \\u043e\\u0444\\u043e\\u0440\\u043c\\u0438\\u0442\\u044c \\u0442\\u043e\\u0432\\u0430\\u0440 \\u043a\\u0443\\u043f\\u0438\\u0432 \\u0435\\u0433\\u043e \\u0447\\u0435\\u0440\\u0435\\u0437 \\u043d\\u0430\\u0448 \\u043c\\u0430\\u0433\\u0430\\u0437\\u0438\\u043d, \\u043f\\u043e\\u0441\\u043b\\u0435 \\u0447\\u0435\\u0433\\u043e \\u0441 \\u0412\\u0430\\u043c\\u0438 \\u0441\\u0432\\u044f\\u0436\\u0435\\u0442\\u0441\\u044f \\u043d\\u0430\\u0448 \\u043c\\u0435\\u043d\\u0435\\u0434\\u0436\\u0435\\u0440 \\u0438 \\u043e\\u0431\\u0433\\u043e\\u0432\\u043e\\u0440\\u0438\\u0442\\u044c \\u0432\\u0441\\u0435 \\u0434\\u0435\\u0442\\u0430\\u043b\\u0438.&lt;\\/span&gt;&lt;br&gt;&lt;\\/p&gt;","2":"&lt;p&gt;&lt;span style=&quot;font-size:14px&quot;&gt;\\u041a\\u0443\\u043f\\u0438\\u0442\\u044c \\u0442\\u043e\\u0432\\u0430\\u0440 \\u0443 \\u043d\\u0430\\u0441 \\u0412\\u044b \\u043c\\u043e\\u0436\\u0435\\u0442\\u0435, \\u043f\\u043e\\u0437\\u0432\\u043e\\u043d\\u0438\\u043c \\u043f\\u043e \\u043e\\u0434\\u043d\\u043e\\u043c\\u0443 \\u0438\\u0437 \\u043d\\u0430\\u0448\\u0438\\u0445 \\u0442\\u0435\\u043b\\u0435\\u0444\\u043e\\u043d\\u043e\\u0432 \\u0438\\u043b\\u0438 \\u043e\\u0444\\u043e\\u0440\\u043c\\u0438\\u0442\\u044c \\u0442\\u043e\\u0432\\u0430\\u0440 \\u043a\\u0443\\u043f\\u0438\\u0432 \\u0435\\u0433\\u043e \\u0447\\u0435\\u0440\\u0435\\u0437 \\u043d\\u0430\\u0448 \\u043c\\u0430\\u0433\\u0430\\u0437\\u0438\\u043d, \\u043f\\u043e\\u0441\\u043b\\u0435 \\u0447\\u0435\\u0433\\u043e \\u0441 \\u0412\\u0430\\u043c\\u0438 \\u0441\\u0432\\u044f\\u0436\\u0435\\u0442\\u0441\\u044f \\u043d\\u0430\\u0448 \\u043c\\u0435\\u043d\\u0435\\u0434\\u0436\\u0435\\u0440 \\u0438 \\u043e\\u0431\\u0433\\u043e\\u0432\\u043e\\u0440\\u0438\\u0442\\u044c \\u0432\\u0441\\u0435 \\u0434\\u0435\\u0442\\u0430\\u043b\\u0438.&lt;\\/span&gt;&lt;br&gt;&lt;\\/p&gt;"}', '1');
INSERT INTO `PREFIX_DB_setting` (`setting_id`, `store_id`, `code`, `key`, `value`, `serialized`) VALUES ('768', '0', 'aridius_qckview', 'aridius_qckview_tabs', '0', '0');
INSERT INTO `PREFIX_DB_setting` (`setting_id`, `store_id`, `code`, `key`, `value`, `serialized`) VALUES ('769', '0', 'aridius_qckview', 'aridius_qckview_tab_description', '0', '0');
INSERT INTO `PREFIX_DB_setting` (`setting_id`, `store_id`, `code`, `key`, `value`, `serialized`) VALUES ('770', '0', 'aridius_qckview', 'aridius_qckview_tab_character', '0', '0');
INSERT INTO `PREFIX_DB_setting` (`setting_id`, `store_id`, `code`, `key`, `value`, `serialized`) VALUES ('771', '0', 'aridius_qckview', 'aridius_qckview_tab_reviews', '0', '0');
INSERT INTO `PREFIX_DB_setting` (`setting_id`, `store_id`, `code`, `key`, `value`, `serialized`) VALUES ('772', '0', 'aridius_qckview', 'aridius_qckview_tab_additional', '0', '0');
INSERT INTO `PREFIX_DB_setting` (`setting_id`, `store_id`, `code`, `key`, `value`, `serialized`) VALUES ('773', '0', 'aridius_qckview', 'aridius_qckview_image', '0', '0');
INSERT INTO `PREFIX_DB_setting` (`setting_id`, `store_id`, `code`, `key`, `value`, `serialized`) VALUES ('774', '0', 'aridius_qckview', 'aridius_qckview_additional_image', '0', '0');
INSERT INTO `PREFIX_DB_setting` (`setting_id`, `store_id`, `code`, `key`, `value`, `serialized`) VALUES ('775', '0', 'aridius_qckview', 'aridius_qckview_rating', '0', '0');
INSERT INTO `PREFIX_DB_setting` (`setting_id`, `store_id`, `code`, `key`, `value`, `serialized`) VALUES ('776', '0', 'aridius_qckview', 'aridius_qckview_short_info', '0', '0');
INSERT INTO `PREFIX_DB_setting` (`setting_id`, `store_id`, `code`, `key`, `value`, `serialized`) VALUES ('777', '0', 'aridius_qckview', 'aridius_qckview_manufacturer', '0', '0');
INSERT INTO `PREFIX_DB_setting` (`setting_id`, `store_id`, `code`, `key`, `value`, `serialized`) VALUES ('778', '0', 'aridius_qckview', 'aridius_qckview_stock', '0', '0');
INSERT INTO `PREFIX_DB_setting` (`setting_id`, `store_id`, `code`, `key`, `value`, `serialized`) VALUES ('779', '0', 'aridius_qckview', 'aridius_qckview_code_product', '0', '0');
INSERT INTO `PREFIX_DB_setting` (`setting_id`, `store_id`, `code`, `key`, `value`, `serialized`) VALUES ('780', '0', 'aridius_qckview', 'aridius_qckview_button_wish', '0', '0');
INSERT INTO `PREFIX_DB_setting` (`setting_id`, `store_id`, `code`, `key`, `value`, `serialized`) VALUES ('781', '0', 'aridius_qckview', 'aridius_qckview_button_compare', '0', '0');
INSERT INTO `PREFIX_DB_setting` (`setting_id`, `store_id`, `code`, `key`, `value`, `serialized`) VALUES ('782', '0', 'aridius_qckview', 'aridius_qckview_icons_likes', '0', '0');
INSERT INTO `PREFIX_DB_setting` (`setting_id`, `store_id`, `code`, `key`, `value`, `serialized`) VALUES ('783', '0', 'aridius_qckview', 'aridius_qckview_status', '1', '0');
INSERT INTO `PREFIX_DB_setting` (`setting_id`, `store_id`, `code`, `key`, `value`, `serialized`) VALUES ('853', '0', 'aridius_letters', 'aridius_letters_status', '1', '0');
INSERT INTO `PREFIX_DB_setting` (`setting_id`, `store_id`, `code`, `key`, `value`, `serialized`) VALUES ('851', '0', 'aridius_letters', 'aridius_letters_placeholder', '{"1":"\\u0412\\u0432\\u0435\\u0434\\u0438\\u0442\\u0435 \\u0432\\u0430\\u0448 e-mail","2":"Enter Your E-mail"}', '1');
INSERT INTO `PREFIX_DB_setting` (`setting_id`, `store_id`, `code`, `key`, `value`, `serialized`) VALUES ('852', '0', 'aridius_letters', 'aridius_letters_pl', '{"1":"\\u041f\\u041e\\u0414\\u041f\\u0418\\u0421\\u0410\\u0422\\u042c\\u0421\\u042f","2":"Subscribe!"}', '1');
INSERT INTO `PREFIX_DB_setting` (`setting_id`, `store_id`, `code`, `key`, `value`, `serialized`) VALUES ('3302', '0', 'aridius_faq', 'aridius_faq_meta_keyword', '{"1":"FAQ","2":"FAQ"}', '1');
INSERT INTO `PREFIX_DB_setting` (`setting_id`, `store_id`, `code`, `key`, `value`, `serialized`) VALUES ('3296', '0', 'aridius_faq', 'aridius_faq_name', '{"1":"FAQ","2":"FAQ"}', '1');
INSERT INTO `PREFIX_DB_setting` (`setting_id`, `store_id`, `code`, `key`, `value`, `serialized`) VALUES ('3297', '0', 'aridius_faq', 'aridius_faq_top_links', '{"1":{"title":{"1":"\\u041a\\u0430\\u043a \\u043a\\u0443\\u043f\\u0438\\u0442\\u044c","2":"\\u041a\\u0430\\u043a \\u043a\\u0443\\u043f\\u0438\\u0442\\u044c1"},"faicons_faq":"fa fa-usd","id":"tabfaq1","description":{"1":"&lt;p&gt;\\u0412\\u044b \\u043c\\u043e\\u0436\\u0435\\u0442\\u0435 \\u0437\\u0430\\u043a\\u0430\\u0437\\u0430\\u0442\\u044c \\u0442\\u043e\\u0432\\u0430\\u0440 \\u0447\\u0435\\u0440\\u0435\\u0437 \\u0441\\u0430\\u0439\\u0442, \\u043f\\u043e\\u0441\\u043b\\u0435 \\u0447\\u0435\\u0433\\u043e \\u0412\\u0430\\u043c \\u043f\\u043e\\u0437\\u0432\\u043e\\u043d\\u0438\\u0442 \\u043d\\u0430\\u0448 \\u043c\\u0435\\u043d\\u0435\\u0434\\u0436\\u0435\\u0440 \\u0438 \\u043e\\u0431\\u0441\\u0443\\u0434\\u0438\\u0442 \\u0432\\u0441\\u0435 \\u0434\\u0435\\u0442\\u0430\\u043b\\u0438 \\u0437\\u0430\\u043a\\u0430\\u0437\\u0430, \\u0438\\u043b\\u0438 \\u0441\\u0434\\u0435\\u043b\\u0430\\u0442\\u044c \\u0437\\u0430\\u043a\\u0430\\u0437 \\u043f\\u043e \\u043e\\u0434\\u043d\\u043e\\u043c\\u0443 \\u0438\\u0437 \\u0442\\u0435\\u043b\\u0435\\u0444\\u043e\\u043d\\u043e\\u0432: (xxx) xxx-xx-xx, (xxx) xxx-xx-xx, \\u0432\\u0440\\u0435\\u043c\\u044f \\u0440\\u0430\\u0431\\u043e\\u0442\\u044b \\u0432 \\u0431\\u0443\\u0434\\u043d\\u0438\\u0435 \\u0434\\u043d\\u0438 \\u0441 9:00 \\u0434\\u043e 18:00, \\u0441\\u0443\\u0431\\u0431\\u043e\\u0442\\u0430 \\u0441 10:00 \\u0434\\u043e 16:00, \\u0432\\u043e\\u0441\\u043a\\u0440\\u0435\\u0441\\u0435\\u043d\\u044c\\u0435 \\u0432\\u044b\\u0445\\u043e\\u0434\\u043d\\u043e\\u0439.&lt;br&gt;&lt;\\/p&gt;                    ","2":"&lt;p&gt;\\u0412\\u044b \\u043c\\u043e\\u0436\\u0435\\u0442\\u0435 \\u0437\\u0430\\u043a\\u0430\\u0437\\u0430\\u0442\\u044c \\u0442\\u043e\\u0432\\u0430\\u0440 \\u0447\\u0435\\u0440\\u0435\\u0437 \\u0441\\u0430\\u0439\\u0442, \\u043f\\u043e\\u0441\\u043b\\u0435 \\u0447\\u0435\\u0433\\u043e \\u0412\\u0430\\u043c \\u043f\\u043e\\u0437\\u0432\\u043e\\u043d\\u0438\\u0442 \\u043d\\u0430\\u0448 \\u043c\\u0435\\u043d\\u0435\\u0434\\u0436\\u0435\\u0440 \\u0438 \\u043e\\u0431\\u0441\\u0443\\u0434\\u0438\\u0442 \\u0432\\u0441\\u0435 \\u0434\\u0435\\u0442\\u0430\\u043b\\u0438 \\u0437\\u0430\\u043a\\u0430\\u0437\\u0430, \\u0438\\u043b\\u0438 \\u0441\\u0434\\u0435\\u043b\\u0430\\u0442\\u044c \\u0437\\u0430\\u043a\\u0430\\u0437 \\u043f\\u043e \\u043e\\u0434\\u043d\\u043e\\u043c\\u0443 \\u0438\\u0437 \\u0442\\u0435\\u043b\\u0435\\u0444\\u043e\\u043d\\u043e\\u0432: (xxx) xxx-xx-xx, (xxx) xxx-xx-xx, \\u0432\\u0440\\u0435\\u043c\\u044f \\u0440\\u0430\\u0431\\u043e\\u0442\\u044b \\u0432 \\u0431\\u0443\\u0434\\u043d\\u0438\\u0435 \\u0434\\u043d\\u0438 \\u0441 9:00 \\u0434\\u043e 18:00, \\u0441\\u0443\\u0431\\u0431\\u043e\\u0442\\u0430 \\u0441 10:00 \\u0434\\u043e 16:00, \\u0432\\u043e\\u0441\\u043a\\u0440\\u0435\\u0441\\u0435\\u043d\\u044c\\u0435 \\u0432\\u044b\\u0445\\u043e\\u0434\\u043d\\u043e\\u0439.&lt;br&gt;&lt;\\/p&gt;                    "}},"2":{"title":{"1":"\\u0414\\u043e\\u0441\\u0442\\u0430\\u0432\\u043a\\u0430 \\u0438 \\u043e\\u043f\\u043b\\u0430\\u0442\\u0430","2":"\\u0414\\u043e\\u0441\\u0442\\u0430\\u0432\\u043a\\u0430 \\u0438 \\u043e\\u043f\\u043b\\u0430\\u0442\\u0430"},"faicons_faq":"fa fa-truck","id":"tabfaq2","description":{"1":"&lt;p&gt;\\u041f\\u0440\\u0438 \\u0432\\u044b\\u0431\\u043e\\u0440\\u0435 \\u0434\\u043e\\u0441\\u0442\\u0430\\u0432\\u043a\\u0438 \\u2013 \\u043d\\u0430\\u0448\\u0438\\u043c \\u0442\\u0440\\u0430\\u043d\\u0441\\u043f\\u043e\\u0440\\u0442\\u043e\\u043c, \\u0412\\u0430\\u043c \\u043d\\u0443\\u0436\\u043d\\u043e \\u043e\\u043f\\u043b\\u0430\\u0442\\u0438\\u0442\\u044c \\u043f\\u043e\\u043b\\u043d\\u0443\\u044e \\u0441\\u0442\\u043e\\u0438\\u043c\\u043e\\u0441\\u0442\\u044c \\u043f\\u043e\\u043a\\u0443\\u043f\\u043a\\u0438 \\u043d\\u0430 \\u043d\\u0430\\u0448 \\u0440\\u0430\\u0441\\u0447\\u0435\\u0442\\u043d\\u044b\\u0439 \\u0441\\u0447\\u0435\\u0442 \\u0432 \\u0431\\u0430\\u043d\\u043a\\u0435, \\u044d\\u0442\\u043e \\u043c\\u043e\\u0436\\u043d\\u043e \\u0441\\u0434\\u0435\\u043b\\u0430\\u0442\\u044c \\u0447\\u0435\\u0440\\u0435\\u0437 \\u043a\\u0430\\u0441\\u0441\\u0443 \\u0432 \\u043b\\u044e\\u0431\\u043e\\u043c \\u0431\\u0430\\u043d\\u043a\\u0435, \\u0438\\u043b\\u0438 \\u0441 \\u043f\\u043e\\u043c\\u043e\\u0449\\u044c\\u044e \\u0431\\u0430\\u043d\\u043a\\u043e\\u0432\\u0441\\u043a\\u043e\\u0439 \\u043a\\u0430\\u0440\\u0442\\u044b (\\u0432\\u044b\\u0431\\u0440\\u0430\\u0432 \\u0441\\u043f\\u043e\\u0441\\u043e\\u0431 \\u043e\\u043f\\u043b\\u0430\\u0442\\u044b \\u00ab\\u041e\\u043f\\u043b\\u0430\\u0442\\u0430 \\u043a\\u0430\\u0440\\u0442\\u043e\\u0439 \\u043b\\u044e\\u0431\\u043e\\u0433\\u043e \\u0431\\u0430\\u043d\\u043a\\u0430\\u00bb \\u043f\\u0440\\u0438 \\u043e\\u0444\\u043e\\u0440\\u043c\\u043b\\u0435\\u043d\\u0438\\u0438 \\u0437\\u0430\\u043a\\u0430\\u0437\\u0430 \\u043d\\u0430 \\u043d\\u0430\\u0448\\u0435\\u043c \\u0441\\u0430\\u0439\\u0442\\u0435).&lt;br&gt;&lt;\\/p&gt;                    ","2":"&lt;p&gt;\\u041f\\u0440\\u0438 \\u0432\\u044b\\u0431\\u043e\\u0440\\u0435 \\u0434\\u043e\\u0441\\u0442\\u0430\\u0432\\u043a\\u0438 \\u2013 \\u043d\\u0430\\u0448\\u0438\\u043c \\u0442\\u0440\\u0430\\u043d\\u0441\\u043f\\u043e\\u0440\\u0442\\u043e\\u043c, \\u0412\\u0430\\u043c \\u043d\\u0443\\u0436\\u043d\\u043e \\u043e\\u043f\\u043b\\u0430\\u0442\\u0438\\u0442\\u044c \\u043f\\u043e\\u043b\\u043d\\u0443\\u044e \\u0441\\u0442\\u043e\\u0438\\u043c\\u043e\\u0441\\u0442\\u044c \\u043f\\u043e\\u043a\\u0443\\u043f\\u043a\\u0438 \\u043d\\u0430 \\u043d\\u0430\\u0448 \\u0440\\u0430\\u0441\\u0447\\u0435\\u0442\\u043d\\u044b\\u0439 \\u0441\\u0447\\u0435\\u0442 \\u0432 \\u0431\\u0430\\u043d\\u043a\\u0435, \\u044d\\u0442\\u043e \\u043c\\u043e\\u0436\\u043d\\u043e \\u0441\\u0434\\u0435\\u043b\\u0430\\u0442\\u044c \\u0447\\u0435\\u0440\\u0435\\u0437 \\u043a\\u0430\\u0441\\u0441\\u0443 \\u0432 \\u043b\\u044e\\u0431\\u043e\\u043c \\u0431\\u0430\\u043d\\u043a\\u0435, \\u0438\\u043b\\u0438 \\u0441 \\u043f\\u043e\\u043c\\u043e\\u0449\\u044c\\u044e \\u0431\\u0430\\u043d\\u043a\\u043e\\u0432\\u0441\\u043a\\u043e\\u0439 \\u043a\\u0430\\u0440\\u0442\\u044b (\\u0432\\u044b\\u0431\\u0440\\u0430\\u0432 \\u0441\\u043f\\u043e\\u0441\\u043e\\u0431 \\u043e\\u043f\\u043b\\u0430\\u0442\\u044b \\u00ab\\u041e\\u043f\\u043b\\u0430\\u0442\\u0430 \\u043a\\u0430\\u0440\\u0442\\u043e\\u0439 \\u043b\\u044e\\u0431\\u043e\\u0433\\u043e \\u0431\\u0430\\u043d\\u043a\\u0430\\u00bb \\u043f\\u0440\\u0438 \\u043e\\u0444\\u043e\\u0440\\u043c\\u043b\\u0435\\u043d\\u0438\\u0438 \\u0437\\u0430\\u043a\\u0430\\u0437\\u0430 \\u043d\\u0430 \\u043d\\u0430\\u0448\\u0435\\u043c \\u0441\\u0430\\u0439\\u0442\\u0435).&lt;br&gt;&lt;\\/p&gt;                    "}},"3":{"title":{"1":"\\u041e \\u043d\\u0430\\u0448\\u0435\\u043c \\u043c\\u0430\\u0433\\u0430\\u0437\\u0438\\u043d\\u0435","2":"\\u041e \\u043d\\u0430\\u0448\\u0435\\u043c \\u043c\\u0430\\u0433\\u0430\\u0437\\u0438\\u043d\\u0435"},"faicons_faq":"fa fa-gift","id":"tabfaq3","description":{"1":"&lt;p&gt;\\u0418\\u043d\\u0442\\u0435\\u0440\\u043d\\u0435\\u0442-\\u043c\\u0430\\u0433\\u0430\\u0437\\u0438\\u043d (\\u0430\\u043d\\u0433\\u043b. online shop \\u0438\\u043b\\u0438 e-shop) \\u2014 \\u0441\\u0430\\u0439\\u0442, \\u0442\\u043e\\u0440\\u0433\\u0443\\u044e\\u0449\\u0438\\u0439 \\u0442\\u043e\\u0432\\u0430\\u0440\\u0430\\u043c\\u0438 \\u043f\\u043e\\u0441\\u0440\\u0435\\u0434\\u0441\\u0442\\u0432\\u043e\\u043c \\u0441\\u0435\\u0442\\u0438 \\u0418\\u043d\\u0442\\u0435\\u0440\\u043d\\u0435\\u0442. \\u041f\\u043e\\u0437\\u0432\\u043e\\u043b\\u044f\\u0435\\u0442 \\u043f\\u043e\\u043b\\u044c\\u0437\\u043e\\u0432\\u0430\\u0442\\u0435\\u043b\\u044f\\u043c \\u043e\\u043d\\u043b\\u0430\\u0439\\u043d, \\u0432 \\u0441\\u0432\\u043e\\u0451\\u043c \\u0431\\u0440\\u0430\\u0443\\u0437\\u0435\\u0440\\u0435 \\u0438\\u043b\\u0438 \\u0447\\u0435\\u0440\\u0435\\u0437 \\u043c\\u043e\\u0431\\u0438\\u043b\\u044c\\u043d\\u043e\\u0435 \\u043f\\u0440\\u0438\\u043b\\u043e\\u0436\\u0435\\u043d\\u0438\\u0435&lt;\\/p&gt;&lt;p&gt;               &lt;br&gt;&lt;\\/p&gt;                    ","2":"&lt;p&gt;\\u0418\\u043d\\u0442\\u0435\\u0440\\u043d\\u0435\\u0442-\\u043c\\u0430\\u0433\\u0430\\u0437\\u0438\\u043d (\\u0430\\u043d\\u0433\\u043b. online shop \\u0438\\u043b\\u0438 e-shop) \\u2014 \\u0441\\u0430\\u0439\\u0442, \\u0442\\u043e\\u0440\\u0433\\u0443\\u044e\\u0449\\u0438\\u0439 \\u0442\\u043e\\u0432\\u0430\\u0440\\u0430\\u043c\\u0438 \\u043f\\u043e\\u0441\\u0440\\u0435\\u0434\\u0441\\u0442\\u0432\\u043e\\u043c \\u0441\\u0435\\u0442\\u0438 \\u0418\\u043d\\u0442\\u0435\\u0440\\u043d\\u0435\\u0442. \\u041f\\u043e\\u0437\\u0432\\u043e\\u043b\\u044f\\u0435\\u0442 \\u043f\\u043e\\u043b\\u044c\\u0437\\u043e\\u0432\\u0430\\u0442\\u0435\\u043b\\u044f\\u043c \\u043e\\u043d\\u043b\\u0430\\u0439\\u043d, \\u0432 \\u0441\\u0432\\u043e\\u0451\\u043c \\u0431\\u0440\\u0430\\u0443\\u0437\\u0435\\u0440\\u0435 \\u0438\\u043b\\u0438 \\u0447\\u0435\\u0440\\u0435\\u0437 \\u043c\\u043e\\u0431\\u0438\\u043b\\u044c\\u043d\\u043e\\u0435 \\u043f\\u0440\\u0438\\u043b\\u043e\\u0436\\u0435\\u043d\\u0438\\u0435&lt;\\/p&gt;&lt;p&gt;               &lt;br&gt;&lt;\\/p&gt;                    "}}}', '1');
INSERT INTO `PREFIX_DB_setting` (`setting_id`, `store_id`, `code`, `key`, `value`, `serialized`) VALUES ('3277', '0', 'aridiuscallback', 'aridiuscallback_description2', '{"1":"&lt;p&gt;\\u0421\\u043f\\u0430\\u0441\\u0438\\u0431\\u043e \\u0437\\u0430 \\u0437\\u0430\\u043a\\u0430\\u0437 \\u0437\\u0432\\u043e\\u043d\\u043a\\u0430. \\u0421 \\u0432\\u0430\\u043c\\u0438 \\u0441\\u0432\\u044f\\u0436\\u0443\\u0442\\u0441\\u044f \\u0432 \\u0442\\u0435\\u0447\\u0435\\u043d\\u0438\\u0438 \\u0447\\u0430\\u0441\\u0430!&lt;br&gt;&lt;\\/p&gt;","2":"&lt;p&gt;\\u0421\\u043f\\u0430\\u0441\\u0438\\u0431\\u043e \\u0437\\u0430 \\u0437\\u0430\\u043a\\u0430\\u0437 \\u0437\\u0432\\u043e\\u043d\\u043a\\u0430. \\u0421 \\u0432\\u0430\\u043c\\u0438 \\u0441\\u0432\\u044f\\u0436\\u0443\\u0442\\u0441\\u044f \\u0432 \\u0442\\u0435\\u0447\\u0435\\u043d\\u0438\\u0438 \\u0447\\u0430\\u0441\\u0430!&lt;br&gt;&lt;\\/p&gt;"}', '1');
INSERT INTO `PREFIX_DB_setting` (`setting_id`, `store_id`, `code`, `key`, `value`, `serialized`) VALUES ('824', '0', 'aridius_livesearch', 'aridius_livesearch_livesearch_model', '0', '0');
INSERT INTO `PREFIX_DB_setting` (`setting_id`, `store_id`, `code`, `key`, `value`, `serialized`) VALUES ('825', '0', 'aridius_livesearch', 'aridius_livesearch_description', '0', '0');
INSERT INTO `PREFIX_DB_setting` (`setting_id`, `store_id`, `code`, `key`, `value`, `serialized`) VALUES ('826', '0', 'aridius_livesearch', 'aridius_livesearch_sku', '0', '0');
INSERT INTO `PREFIX_DB_setting` (`setting_id`, `store_id`, `code`, `key`, `value`, `serialized`) VALUES ('827', '0', 'aridius_livesearch', 'aridius_livesearch_tag', '0', '0');
INSERT INTO `PREFIX_DB_setting` (`setting_id`, `store_id`, `code`, `key`, `value`, `serialized`) VALUES ('828', '0', 'aridius_livesearch', 'aridius_livesearch_img', '0', '0');
INSERT INTO `PREFIX_DB_setting` (`setting_id`, `store_id`, `code`, `key`, `value`, `serialized`) VALUES ('829', '0', 'aridius_livesearch', 'aridius_livesearch_symbol', '1', '0');
INSERT INTO `PREFIX_DB_setting` (`setting_id`, `store_id`, `code`, `key`, `value`, `serialized`) VALUES ('830', '0', 'aridius_livesearch', 'aridius_livesearch_limit', '5', '0');
INSERT INTO `PREFIX_DB_setting` (`setting_id`, `store_id`, `code`, `key`, `value`, `serialized`) VALUES ('831', '0', 'aridius_livesearch', 'aridius_livesearch_width', '40', '0');
INSERT INTO `PREFIX_DB_setting` (`setting_id`, `store_id`, `code`, `key`, `value`, `serialized`) VALUES ('832', '0', 'aridius_livesearch', 'aridius_livesearch_height', '40', '0');
INSERT INTO `PREFIX_DB_setting` (`setting_id`, `store_id`, `code`, `key`, `value`, `serialized`) VALUES ('833', '0', 'aridius_livesearch', 'aridius_livesearch_status', '1', '0');
INSERT INTO `PREFIX_DB_setting` (`setting_id`, `store_id`, `code`, `key`, `value`, `serialized`) VALUES ('881', '0', 'aridiusinstock', 'aridiusinstock_placeholdertell', '{"1":"\\u0422\\u0435\\u043b\\u0435\\u0444\\u043e\\u043d","2":"\\u0422\\u0435\\u043b\\u0435\\u0444\\u043e\\u043d"}', '1');
INSERT INTO `PREFIX_DB_setting` (`setting_id`, `store_id`, `code`, `key`, `value`, `serialized`) VALUES ('880', '0', 'aridiusinstock', 'aridiusinstock_mask', '{"1":"+7(999) 999-9999","2":"+7(999) 999-9999"}', '1');
INSERT INTO `PREFIX_DB_setting` (`setting_id`, `store_id`, `code`, `key`, `value`, `serialized`) VALUES ('879', '0', 'aridiusinstock', 'aridiusinstock_tellvalid', '0', '0');
INSERT INTO `PREFIX_DB_setting` (`setting_id`, `store_id`, `code`, `key`, `value`, `serialized`) VALUES ('878', '0', 'aridiusinstock', 'aridiusinstock_tellshow', '0', '0');
INSERT INTO `PREFIX_DB_setting` (`setting_id`, `store_id`, `code`, `key`, `value`, `serialized`) VALUES ('877', '0', 'aridiusinstock', 'aridiusinstock_placeholderfirstname', '{"1":"\\u0424\\u0418\\u041e","2":"\\u0424\\u0418\\u041e"}', '1');
INSERT INTO `PREFIX_DB_setting` (`setting_id`, `store_id`, `code`, `key`, `value`, `serialized`) VALUES ('876', '0', 'aridiusinstock', 'aridiusinstock_firstnamevalid', '0', '0');
INSERT INTO `PREFIX_DB_setting` (`setting_id`, `store_id`, `code`, `key`, `value`, `serialized`) VALUES ('875', '0', 'aridiusinstock', 'aridiusinstock_firstnameshow', '0', '0');
INSERT INTO `PREFIX_DB_setting` (`setting_id`, `store_id`, `code`, `key`, `value`, `serialized`) VALUES ('874', '0', 'aridiusinstock', 'aridiusinstock_img', '0', '0');
INSERT INTO `PREFIX_DB_setting` (`setting_id`, `store_id`, `code`, `key`, `value`, `serialized`) VALUES ('873', '0', 'aridiusinstock', 'aridiusinstock_adddescriptionshow', '1', '0');
INSERT INTO `PREFIX_DB_setting` (`setting_id`, `store_id`, `code`, `key`, `value`, `serialized`) VALUES ('872', '0', 'aridiusinstock', 'aridiusinstock_descriptionshow', '0', '0');
INSERT INTO `PREFIX_DB_setting` (`setting_id`, `store_id`, `code`, `key`, `value`, `serialized`) VALUES ('871', '0', 'aridiusinstock', 'aridiusinstock_mail_send', '1', '0');
INSERT INTO `PREFIX_DB_setting` (`setting_id`, `store_id`, `code`, `key`, `value`, `serialized`) VALUES ('3268', '0', 'aridiuscallback', 'aridiuscallback_emailvalid', '0', '0');
INSERT INTO `PREFIX_DB_setting` (`setting_id`, `store_id`, `code`, `key`, `value`, `serialized`) VALUES ('3269', '0', 'aridiuscallback', 'aridiuscallback_placeholderemail', '{"1":"E-mail","2":"E-mail"}', '1');
INSERT INTO `PREFIX_DB_setting` (`setting_id`, `store_id`, `code`, `key`, `value`, `serialized`) VALUES ('3270', '0', 'aridiuscallback', 'aridiuscallback_commentshow', '0', '0');
INSERT INTO `PREFIX_DB_setting` (`setting_id`, `store_id`, `code`, `key`, `value`, `serialized`) VALUES ('3271', '0', 'aridiuscallback', 'aridiuscallback_placeholdercomment', '{"1":"\\u041a\\u043e\\u043c\\u043c\\u0435\\u043d\\u0442\\u0430\\u0440\\u0438\\u0439","2":"\\u041a\\u043e\\u043c\\u043c\\u0435\\u043d\\u0442\\u0430\\u0440\\u0438\\u0439"}', '1');
INSERT INTO `PREFIX_DB_setting` (`setting_id`, `store_id`, `code`, `key`, `value`, `serialized`) VALUES ('3272', '0', 'aridiuscallback', 'aridiuscallback_timetshow', '0', '0');
INSERT INTO `PREFIX_DB_setting` (`setting_id`, `store_id`, `code`, `key`, `value`, `serialized`) VALUES ('3273', '0', 'aridiuscallback', 'aridiuscallback_placeholdertimein', '{"1":"\\u0441","2":"\\u0441"}', '1');
INSERT INTO `PREFIX_DB_setting` (`setting_id`, `store_id`, `code`, `key`, `value`, `serialized`) VALUES ('3274', '0', 'aridiuscallback', 'aridiuscallback_placeholdertimeoff', '{"1":"\\u0434\\u043e","2":"\\u0434\\u043e"}', '1');
INSERT INTO `PREFIX_DB_setting` (`setting_id`, `store_id`, `code`, `key`, `value`, `serialized`) VALUES ('3275', '0', 'aridiuscallback', 'aridiuscallback_status', '1', '0');
INSERT INTO `PREFIX_DB_setting` (`setting_id`, `store_id`, `code`, `key`, `value`, `serialized`) VALUES ('3276', '0', 'aridiuscallback', 'aridiuscallback_description', '{"1":"&lt;span style=&quot;font-size: 11px;&quot;&gt;\\u041d\\u0430\\u0436\\u0438\\u043c\\u0430\\u044f \\u043d\\u0430 \\u043a\\u043d\\u043e\\u043f\\u043a\\u0443 \\u00ab\\u041e\\u0442\\u043f\\u0440\\u0430\\u0432\\u0438\\u0442\\u044c\\u00bb, \\u044f \\u0434\\u0430\\u044e c\\u043e\\u0433\\u043b\\u0430\\u0441\\u0438\\u0435 \\u043d\\u0430 &lt;a href=&quot;person_danie&quot; target=&quot;_blank&quot;&gt;\\u043e\\u0431\\u0440\\u0430\\u0431\\u043e\\u0442\\u043a\\u0443 \\u043f\\u0435\\u0440\\u0441\\u043e\\u043d\\u0430\\u043b\\u044c\\u043d\\u044b\\u0445 \\u0434\\u0430\\u043d\\u043d\\u044b\\u0445.&lt;\\/a&gt;&lt;\\/span&gt;","2":"&lt;span style=&quot;font-size: 11px;&quot;&gt;\\u041d\\u0430\\u0436\\u0438\\u043c\\u0430\\u044f \\u043d\\u0430 \\u043a\\u043d\\u043e\\u043f\\u043a\\u0443 \\u00ab\\u041e\\u0442\\u043f\\u0440\\u0430\\u0432\\u0438\\u0442\\u044c\\u00bb, \\u044f \\u0434\\u0430\\u044e c\\u043e\\u0433\\u043b\\u0430\\u0441\\u0438\\u0435 \\u043d\\u0430 &lt;a href=&quot;person_danie&quot; target=&quot;_blank&quot;&gt;\\u043e\\u0431\\u0440\\u0430\\u0431\\u043e\\u0442\\u043a\\u0443 \\u043f\\u0435\\u0440\\u0441\\u043e\\u043d\\u0430\\u043b\\u044c\\u043d\\u044b\\u0445 \\u0434\\u0430\\u043d\\u043d\\u044b\\u0445.&lt;\\/a&gt;&lt;\\/span&gt;"}', '1');
INSERT INTO `PREFIX_DB_setting` (`setting_id`, `store_id`, `code`, `key`, `value`, `serialized`) VALUES ('3261', '0', 'aridiuscallback', 'aridiuscallback_adddescriptionshow', '1', '0');
INSERT INTO `PREFIX_DB_setting` (`setting_id`, `store_id`, `code`, `key`, `value`, `serialized`) VALUES ('3262', '0', 'aridiuscallback', 'aridiuscallback_firstnameshow', '0', '0');
INSERT INTO `PREFIX_DB_setting` (`setting_id`, `store_id`, `code`, `key`, `value`, `serialized`) VALUES ('3263', '0', 'aridiuscallback', 'aridiuscallback_firstnamevalid', '0', '0');
INSERT INTO `PREFIX_DB_setting` (`setting_id`, `store_id`, `code`, `key`, `value`, `serialized`) VALUES ('3264', '0', 'aridiuscallback', 'aridiuscallback_placeholderfirstname', '{"1":"\\u0424\\u0418\\u041e ","2":"\\u0424\\u0418\\u041e "}', '1');
INSERT INTO `PREFIX_DB_setting` (`setting_id`, `store_id`, `code`, `key`, `value`, `serialized`) VALUES ('3265', '0', 'aridiuscallback', 'aridiuscallback_mask', '{"1":"+7(999) 999-9999","2":"+7(999) 999-9999"}', '1');
INSERT INTO `PREFIX_DB_setting` (`setting_id`, `store_id`, `code`, `key`, `value`, `serialized`) VALUES ('3266', '0', 'aridiuscallback', 'aridiuscallback_placeholdertell', '{"1":"\\u0422\\u0435\\u043b\\u0435\\u0444\\u043e\\u043d","2":"\\u0422\\u0435\\u043b\\u0435\\u0444\\u043e\\u043d"}', '1');
INSERT INTO `PREFIX_DB_setting` (`setting_id`, `store_id`, `code`, `key`, `value`, `serialized`) VALUES ('3267', '0', 'aridiuscallback', 'aridiuscallback_emailshow', '0', '0');
INSERT INTO `PREFIX_DB_setting` (`setting_id`, `store_id`, `code`, `key`, `value`, `serialized`) VALUES ('882', '0', 'aridiusinstock', 'aridiusinstock_emailshow', '0', '0');
INSERT INTO `PREFIX_DB_setting` (`setting_id`, `store_id`, `code`, `key`, `value`, `serialized`) VALUES ('883', '0', 'aridiusinstock', 'aridiusinstock_emailvalid', '0', '0');
INSERT INTO `PREFIX_DB_setting` (`setting_id`, `store_id`, `code`, `key`, `value`, `serialized`) VALUES ('884', '0', 'aridiusinstock', 'aridiusinstock_placeholderemail', '{"1":"E-mail","2":"E-mail"}', '1');
INSERT INTO `PREFIX_DB_setting` (`setting_id`, `store_id`, `code`, `key`, `value`, `serialized`) VALUES ('885', '0', 'aridiusinstock', 'aridiusinstock_status', '1', '0');
INSERT INTO `PREFIX_DB_setting` (`setting_id`, `store_id`, `code`, `key`, `value`, `serialized`) VALUES ('886', '0', 'aridiusinstock', 'aridiusinstock_description', '{"1":"&lt;span style=&quot;font-size: 11px;&quot;&gt;\\u041d\\u0430\\u0436\\u0438\\u043c\\u0430\\u044f \\u043d\\u0430 \\u043a\\u043d\\u043e\\u043f\\u043a\\u0443 \\u00ab\\u041e\\u0442\\u043f\\u0440\\u0430\\u0432\\u0438\\u0442\\u044c\\u00bb, \\u044f \\u0434\\u0430\\u044e c\\u043e\\u0433\\u043b\\u0430\\u0441\\u0438\\u0435 \\u043d\\u0430 &lt;a href=&quot;person_danie&quot; target=&quot;_blank&quot;&gt;\\u043e\\u0431\\u0440\\u0430\\u0431\\u043e\\u0442\\u043a\\u0443 \\u043f\\u0435\\u0440\\u0441\\u043e\\u043d\\u0430\\u043b\\u044c\\u043d\\u044b\\u0445 \\u0434\\u0430\\u043d\\u043d\\u044b\\u0445.&lt;\\/a&gt;&lt;\\/span&gt;","2":"&lt;span style=&quot;font-size: 11px;&quot;&gt;\\u041d\\u0430\\u0436\\u0438\\u043c\\u0430\\u044f \\u043d\\u0430 \\u043a\\u043d\\u043e\\u043f\\u043a\\u0443 \\u00ab\\u041e\\u0442\\u043f\\u0440\\u0430\\u0432\\u0438\\u0442\\u044c\\u00bb, \\u044f \\u0434\\u0430\\u044e c\\u043e\\u0433\\u043b\\u0430\\u0441\\u0438\\u0435 \\u043d\\u0430 &lt;a href=&quot;person_danie&quot; target=&quot;_blank&quot;&gt;\\u043e\\u0431\\u0440\\u0430\\u0431\\u043e\\u0442\\u043a\\u0443 \\u043f\\u0435\\u0440\\u0441\\u043e\\u043d\\u0430\\u043b\\u044c\\u043d\\u044b\\u0445 \\u0434\\u0430\\u043d\\u043d\\u044b\\u0445.&lt;\\/a&gt;&lt;\\/span&gt;"}', '1');
INSERT INTO `PREFIX_DB_setting` (`setting_id`, `store_id`, `code`, `key`, `value`, `serialized`) VALUES ('887', '0', 'aridiusinstock', 'aridiusinstock_description2', '{"1":"&lt;p&gt;\\u0421\\u043f\\u0430\\u0441\\u0438\\u0431\\u043e, \\u043c\\u044b \\u0440\\u0430\\u0434\\u044b \\u0437\\u0430 \\u043f\\u0440\\u043e\\u044f\\u0432\\u043b\\u0435\\u043d\\u043d\\u044b\\u0439 \\u0438\\u043d\\u0442\\u0435\\u0440\\u0435\\u0441. \\u041f\\u043e\\u0441\\u043b\\u0435 \\u043f\\u043e\\u043b\\u0443\\u0447\\u0435\\u043d\\u0438\\u044f \\u0442\\u043e\\u0432\\u0430\\u0440\\u0430 \\u043c\\u044b \\u0441\\u0432\\u044f\\u0436\\u0435\\u043c\\u0441\\u044f \\u0441 \\u0432\\u0430\\u043c\\u0438!&lt;br&gt;&lt;\\/p&gt;","2":"&lt;p&gt;\\u0421\\u043f\\u0430\\u0441\\u0438\\u0431\\u043e, \\u043c\\u044b \\u0440\\u0430\\u0434\\u044b \\u0437\\u0430 \\u043f\\u0440\\u043e\\u044f\\u0432\\u043b\\u0435\\u043d\\u043d\\u044b\\u0439 \\u0438\\u043d\\u0442\\u0435\\u0440\\u0435\\u0441. \\u041f\\u043e\\u0441\\u043b\\u0435 \\u043f\\u043e\\u043b\\u0443\\u0447\\u0435\\u043d\\u0438\\u044f \\u0442\\u043e\\u0432\\u0430\\u0440\\u0430 \\u043c\\u044b \\u0441\\u0432\\u044f\\u0436\\u0435\\u043c\\u0441\\u044f \\u0441 \\u0432\\u0430\\u043c\\u0438!&lt;br&gt;&lt;\\/p&gt;"}', '1');
INSERT INTO `PREFIX_DB_setting` (`setting_id`, `store_id`, `code`, `key`, `value`, `serialized`) VALUES ('3172', '0', 'aridiusfastorder', 'aridiusfastorder_description2', '{"1":"&lt;p&gt;\\u0421\\u043f\\u0430\\u0441\\u0438\\u0431\\u043e \\u0437\\u0430 \\u0431\\u044b\\u0441\\u0442\\u0440\\u044b\\u0439 \\u0437\\u0430\\u043a\\u0430\\u0437. \\u0421 \\u0432\\u0430\\u043c\\u0438 \\u0441\\u0432\\u044f\\u0436\\u0443\\u0442\\u0441\\u044f \\u0432 \\u0442\\u0435\\u0447\\u0435\\u043d\\u0438\\u0438 \\u0447\\u0430\\u0441\\u0430!&lt;br&gt;&lt;\\/p&gt;","2":"&lt;p&gt;\\u0421\\u043f\\u0430\\u0441\\u0438\\u0431\\u043e \\u0437\\u0430 \\u0431\\u044b\\u0441\\u0442\\u0440\\u044b\\u0439 \\u0437\\u0430\\u043a\\u0430\\u0437. \\u0421 \\u0432\\u0430\\u043c\\u0438 \\u0441\\u0432\\u044f\\u0436\\u0443\\u0442\\u0441\\u044f \\u0432 \\u0442\\u0435\\u0447\\u0435\\u043d\\u0438\\u0438 \\u0447\\u0430\\u0441\\u0430!&lt;br&gt;&lt;\\/p&gt;"}', '1');
INSERT INTO `PREFIX_DB_setting` (`setting_id`, `store_id`, `code`, `key`, `value`, `serialized`) VALUES ('3164', '0', 'aridiusfastorder', 'aridiusfastorder_placeholdertell', '{"1":"\\u0422\\u0435\\u043b\\u0435\\u0444\\u043e\\u043d","2":"\\u0422\\u0435\\u043b\\u0435\\u0444\\u043e\\u043d"}', '1');
INSERT INTO `PREFIX_DB_setting` (`setting_id`, `store_id`, `code`, `key`, `value`, `serialized`) VALUES ('3165', '0', 'aridiusfastorder', 'aridiusfastorder_emailshow', '0', '0');
INSERT INTO `PREFIX_DB_setting` (`setting_id`, `store_id`, `code`, `key`, `value`, `serialized`) VALUES ('3166', '0', 'aridiusfastorder', 'aridiusfastorder_emailvalid', '0', '0');
INSERT INTO `PREFIX_DB_setting` (`setting_id`, `store_id`, `code`, `key`, `value`, `serialized`) VALUES ('3167', '0', 'aridiusfastorder', 'aridiusfastorder_placeholderemail', '{"1":"E-mail","2":"E-mail"}', '1');
INSERT INTO `PREFIX_DB_setting` (`setting_id`, `store_id`, `code`, `key`, `value`, `serialized`) VALUES ('3168', '0', 'aridiusfastorder', 'aridiusfastorder_commentshow', '0', '0');
INSERT INTO `PREFIX_DB_setting` (`setting_id`, `store_id`, `code`, `key`, `value`, `serialized`) VALUES ('3169', '0', 'aridiusfastorder', 'aridiusfastorder_placeholdercomment', '{"1":"\\u041a\\u043e\\u043c\\u043c\\u0435\\u043d\\u0442\\u0430\\u0440\\u0438\\u0439","2":"\\u041a\\u043e\\u043c\\u043c\\u0435\\u043d\\u0442\\u0430\\u0440\\u0438\\u0439"}', '1');
INSERT INTO `PREFIX_DB_setting` (`setting_id`, `store_id`, `code`, `key`, `value`, `serialized`) VALUES ('3170', '0', 'aridiusfastorder', 'aridiusfastorder_status', '1', '0');
INSERT INTO `PREFIX_DB_setting` (`setting_id`, `store_id`, `code`, `key`, `value`, `serialized`) VALUES ('3171', '0', 'aridiusfastorder', 'aridiusfastorder_description', '{"1":"&lt;span style=&quot;font-size: 11px;&quot;&gt;\\u041d\\u0430\\u0436\\u0438\\u043c\\u0430\\u044f \\u043d\\u0430 \\u043a\\u043d\\u043e\\u043f\\u043a\\u0443 \\u00ab\\u041e\\u0442\\u043f\\u0440\\u0430\\u0432\\u0438\\u0442\\u044c\\u00bb, \\u044f \\u0434\\u0430\\u044e c\\u043e\\u0433\\u043b\\u0430\\u0441\\u0438\\u0435 \\u043d\\u0430 &lt;a href=&quot;person_danie&quot; target=&quot;_blank&quot;&gt;\\u043e\\u0431\\u0440\\u0430\\u0431\\u043e\\u0442\\u043a\\u0443 \\u043f\\u0435\\u0440\\u0441\\u043e\\u043d\\u0430\\u043b\\u044c\\u043d\\u044b\\u0445 \\u0434\\u0430\\u043d\\u043d\\u044b\\u0445.&lt;\\/a&gt;&lt;\\/span&gt;","2":"&lt;span style=&quot;font-size: 11px;&quot;&gt;\\u041d\\u0430\\u0436\\u0438\\u043c\\u0430\\u044f \\u043d\\u0430 \\u043a\\u043d\\u043e\\u043f\\u043a\\u0443 \\u00ab\\u041e\\u0442\\u043f\\u0440\\u0430\\u0432\\u0438\\u0442\\u044c\\u00bb, \\u044f \\u0434\\u0430\\u044e c\\u043e\\u0433\\u043b\\u0430\\u0441\\u0438\\u0435 \\u043d\\u0430 &lt;a href=&quot;person_danie&quot; target=&quot;_blank&quot;&gt;\\u043e\\u0431\\u0440\\u0430\\u0431\\u043e\\u0442\\u043a\\u0443 \\u043f\\u0435\\u0440\\u0441\\u043e\\u043d\\u0430\\u043b\\u044c\\u043d\\u044b\\u0445 \\u0434\\u0430\\u043d\\u043d\\u044b\\u0445.&lt;\\/a&gt;&lt;\\/span&gt;"}', '1');
INSERT INTO `PREFIX_DB_setting` (`setting_id`, `store_id`, `code`, `key`, `value`, `serialized`) VALUES ('3155', '0', 'aridiusfastorder', 'aridiusfastorder_descriptionshow', '0', '0');
INSERT INTO `PREFIX_DB_setting` (`setting_id`, `store_id`, `code`, `key`, `value`, `serialized`) VALUES ('3156', '0', 'aridiusfastorder', 'aridiusfastorder_adddescriptionshow', '1', '0');
INSERT INTO `PREFIX_DB_setting` (`setting_id`, `store_id`, `code`, `key`, `value`, `serialized`) VALUES ('3157', '0', 'aridiusfastorder', 'aridiusfastorder_img', '0', '0');
INSERT INTO `PREFIX_DB_setting` (`setting_id`, `store_id`, `code`, `key`, `value`, `serialized`) VALUES ('3158', '0', 'aridiusfastorder', 'aridiusfastorder_price', '0', '0');
INSERT INTO `PREFIX_DB_setting` (`setting_id`, `store_id`, `code`, `key`, `value`, `serialized`) VALUES ('3159', '0', 'aridiusfastorder', 'aridiusfastorder_quantity', '0', '0');
INSERT INTO `PREFIX_DB_setting` (`setting_id`, `store_id`, `code`, `key`, `value`, `serialized`) VALUES ('3160', '0', 'aridiusfastorder', 'aridiusfastorder_firstnameshow', '0', '0');
INSERT INTO `PREFIX_DB_setting` (`setting_id`, `store_id`, `code`, `key`, `value`, `serialized`) VALUES ('3161', '0', 'aridiusfastorder', 'aridiusfastorder_firstnamevalid', '0', '0');
INSERT INTO `PREFIX_DB_setting` (`setting_id`, `store_id`, `code`, `key`, `value`, `serialized`) VALUES ('3162', '0', 'aridiusfastorder', 'aridiusfastorder_placeholderfirstname', '{"1":"\\u0424\\u0418\\u041e","2":"\\u0424\\u0418\\u041e"}', '1');
INSERT INTO `PREFIX_DB_setting` (`setting_id`, `store_id`, `code`, `key`, `value`, `serialized`) VALUES ('3163', '0', 'aridiusfastorder', 'aridiusfastorder_mask', '{"1":"+7(999) 999-9999","2":"+7(999) 999-9999"}', '1');
INSERT INTO `PREFIX_DB_setting` (`setting_id`, `store_id`, `code`, `key`, `value`, `serialized`) VALUES ('906', '0', 'aridiusundersell', 'aridiusundersell_descriptionshow', '0', '0');
INSERT INTO `PREFIX_DB_setting` (`setting_id`, `store_id`, `code`, `key`, `value`, `serialized`) VALUES ('907', '0', 'aridiusundersell', 'aridiusundersell_adddescriptionshow', '1', '0');
INSERT INTO `PREFIX_DB_setting` (`setting_id`, `store_id`, `code`, `key`, `value`, `serialized`) VALUES ('908', '0', 'aridiusundersell', 'aridiusundersell_img', '0', '0');
INSERT INTO `PREFIX_DB_setting` (`setting_id`, `store_id`, `code`, `key`, `value`, `serialized`) VALUES ('909', '0', 'aridiusundersell', 'aridiusundersell_price', '0', '0');
INSERT INTO `PREFIX_DB_setting` (`setting_id`, `store_id`, `code`, `key`, `value`, `serialized`) VALUES ('910', '0', 'aridiusundersell', 'aridiusundersell_quantity', '0', '0');
INSERT INTO `PREFIX_DB_setting` (`setting_id`, `store_id`, `code`, `key`, `value`, `serialized`) VALUES ('911', '0', 'aridiusundersell', 'aridiusundersell_firstnameshow', '0', '0');
INSERT INTO `PREFIX_DB_setting` (`setting_id`, `store_id`, `code`, `key`, `value`, `serialized`) VALUES ('912', '0', 'aridiusundersell', 'aridiusundersell_firstnamevalid', '0', '0');
INSERT INTO `PREFIX_DB_setting` (`setting_id`, `store_id`, `code`, `key`, `value`, `serialized`) VALUES ('913', '0', 'aridiusundersell', 'aridiusundersell_placeholderfirstname', '{"1":"\\u0424\\u0418\\u041e","2":"\\u0424\\u0418\\u041e"}', '1');
INSERT INTO `PREFIX_DB_setting` (`setting_id`, `store_id`, `code`, `key`, `value`, `serialized`) VALUES ('914', '0', 'aridiusundersell', 'aridiusundersell_mask', '{"1":"+7(999) 999-9999","2":"+7(999) 999-9999"}', '1');
INSERT INTO `PREFIX_DB_setting` (`setting_id`, `store_id`, `code`, `key`, `value`, `serialized`) VALUES ('915', '0', 'aridiusundersell', 'aridiusundersell_placeholdertell', '{"1":"\\u0422\\u0435\\u043b\\u0435\\u0444\\u043e\\u043d","2":"\\u0422\\u0435\\u043b\\u0435\\u0444\\u043e\\u043d"}', '1');
INSERT INTO `PREFIX_DB_setting` (`setting_id`, `store_id`, `code`, `key`, `value`, `serialized`) VALUES ('916', '0', 'aridiusundersell', 'aridiusundersell_emailshow', '0', '0');
INSERT INTO `PREFIX_DB_setting` (`setting_id`, `store_id`, `code`, `key`, `value`, `serialized`) VALUES ('917', '0', 'aridiusundersell', 'aridiusundersell_emailvalid', '0', '0');
INSERT INTO `PREFIX_DB_setting` (`setting_id`, `store_id`, `code`, `key`, `value`, `serialized`) VALUES ('918', '0', 'aridiusundersell', 'aridiusundersell_placeholderemail', '{"1":"E-mail","2":"E-mail"}', '1');
INSERT INTO `PREFIX_DB_setting` (`setting_id`, `store_id`, `code`, `key`, `value`, `serialized`) VALUES ('919', '0', 'aridiusundersell', 'aridiusundersell_commentshow', '0', '0');
INSERT INTO `PREFIX_DB_setting` (`setting_id`, `store_id`, `code`, `key`, `value`, `serialized`) VALUES ('920', '0', 'aridiusundersell', 'aridiusundersell_placeholdercomment', '{"1":"\\u041a\\u043e\\u043c\\u043c\\u0435\\u043d\\u0442\\u0430\\u0440\\u0438\\u0439","2":"\\u041a\\u043e\\u043c\\u043c\\u0435\\u043d\\u0442\\u0430\\u0440\\u0438\\u0439"}', '1');
INSERT INTO `PREFIX_DB_setting` (`setting_id`, `store_id`, `code`, `key`, `value`, `serialized`) VALUES ('921', '0', 'aridiusundersell', 'aridiusundersell_linkshow', '0', '0');
INSERT INTO `PREFIX_DB_setting` (`setting_id`, `store_id`, `code`, `key`, `value`, `serialized`) VALUES ('922', '0', 'aridiusundersell', 'aridiusundersell_linkvalid', '0', '0');
INSERT INTO `PREFIX_DB_setting` (`setting_id`, `store_id`, `code`, `key`, `value`, `serialized`) VALUES ('923', '0', 'aridiusundersell', 'aridiusundersell_placeholderlink', '{"1":"\\u0421\\u0441\\u044b\\u043b\\u043a\\u0430 \\u043d\\u0430 \\u0442\\u043e\\u0432\\u0430\\u0440 ","2":"\\u0421\\u0441\\u044b\\u043b\\u043a\\u0430 \\u043d\\u0430 \\u0442\\u043e\\u0432\\u0430\\u0440 "}', '1');
INSERT INTO `PREFIX_DB_setting` (`setting_id`, `store_id`, `code`, `key`, `value`, `serialized`) VALUES ('924', '0', 'aridiusundersell', 'aridiusundersell_status', '1', '0');
INSERT INTO `PREFIX_DB_setting` (`setting_id`, `store_id`, `code`, `key`, `value`, `serialized`) VALUES ('925', '0', 'aridiusundersell', 'aridiusundersell_description', '{"1":"&lt;span style=&quot;font-size: 11px;&quot;&gt;\\u041d\\u0430\\u0436\\u0438\\u043c\\u0430\\u044f \\u043d\\u0430 \\u043a\\u043d\\u043e\\u043f\\u043a\\u0443 \\u00ab\\u041e\\u0442\\u043f\\u0440\\u0430\\u0432\\u0438\\u0442\\u044c\\u00bb, \\u044f \\u0434\\u0430\\u044e c\\u043e\\u0433\\u043b\\u0430\\u0441\\u0438\\u0435 \\u043d\\u0430 &lt;a href=&quot;person_danie&quot; target=&quot;_blank&quot;&gt;\\u043e\\u0431\\u0440\\u0430\\u0431\\u043e\\u0442\\u043a\\u0443 \\u043f\\u0435\\u0440\\u0441\\u043e\\u043d\\u0430\\u043b\\u044c\\u043d\\u044b\\u0445 \\u0434\\u0430\\u043d\\u043d\\u044b\\u0445.&lt;\\/a&gt;&lt;\\/span&gt;","2":"&lt;span style=&quot;font-size: 11px;&quot;&gt;\\u041d\\u0430\\u0436\\u0438\\u043c\\u0430\\u044f \\u043d\\u0430 \\u043a\\u043d\\u043e\\u043f\\u043a\\u0443 \\u00ab\\u041e\\u0442\\u043f\\u0440\\u0430\\u0432\\u0438\\u0442\\u044c\\u00bb, \\u044f \\u0434\\u0430\\u044e c\\u043e\\u0433\\u043b\\u0430\\u0441\\u0438\\u0435 \\u043d\\u0430 &lt;a href=&quot;person_danie&quot; target=&quot;_blank&quot;&gt;\\u043e\\u0431\\u0440\\u0430\\u0431\\u043e\\u0442\\u043a\\u0443 \\u043f\\u0435\\u0440\\u0441\\u043e\\u043d\\u0430\\u043b\\u044c\\u043d\\u044b\\u0445 \\u0434\\u0430\\u043d\\u043d\\u044b\\u0445.&lt;\\/a&gt;&lt;\\/span&gt;"}', '1');
INSERT INTO `PREFIX_DB_setting` (`setting_id`, `store_id`, `code`, `key`, `value`, `serialized`) VALUES ('926', '0', 'aridiusundersell', 'aridiusundersell_description2', '{"1":"&lt;p&gt;\\u0417\\u0434\\u0435\\u0441\\u044c \\u0431\\u0443\\u0434\\u0435\\u0442 \\u0432\\u0430\\u0448 \\u0442\\u0435\\u043a\\u0441\\u0442. &lt;br&gt;&lt;\\/p&gt;","2":"&lt;p&gt;\\u0417\\u0434\\u0435\\u0441\\u044c \\u0431\\u0443\\u0434\\u0435\\u0442 \\u0432\\u0430\\u0448 \\u0442\\u0435\\u043a\\u0441\\u0442. &lt;br&gt;&lt;\\/p&gt;"}', '1');
INSERT INTO `PREFIX_DB_setting` (`setting_id`, `store_id`, `code`, `key`, `value`, `serialized`) VALUES ('37594', '0', 'aridius_popupmail', 'aridius_popupmail_time', '15', '0');
INSERT INTO `PREFIX_DB_setting` (`setting_id`, `store_id`, `code`, `key`, `value`, `serialized`) VALUES ('37593', '0', 'aridius_popupmail', 'aridius_popupmail_img', '{"1":"&lt;img class=&quot;img-responsive&quot; src=&quot;\\/image\\/catalog\\/img_mail\\/img_mail.png&quot; alt=&quot;mail&quot;&gt;","2":"&lt;img class=&quot;img-responsive&quot; src=&quot;\\/image\\/catalog\\/img_mail\\/img_mail.png&quot; alt=&quot;mail&quot;&gt;"}', '1');
INSERT INTO `PREFIX_DB_setting` (`setting_id`, `store_id`, `code`, `key`, `value`, `serialized`) VALUES ('37592', '0', 'aridius_popupmail', 'aridius_popupmail_message', '{"1":"&lt;p style=&quot;font-weight: bold; font-size: 25px;&quot;&gt;\\u0412\\u0430\\u0448\\u0430 \\u0441\\u043a\\u0438\\u0434\\u043a\\u0430 &lt;span style=&quot;color: rgb(255, 0, 0);&quot;&gt;200 \\u0440\\u0443\\u0431.&lt;\\/span&gt;&lt;br&gt;&lt;\\/p&gt;&lt;p style=&quot;&quot;&gt;&lt;span style=&quot;font-size: 25px; font-weight: bold;&quot;&gt;\\u041d\\u041e\\u041c\\u0415\\u0420 \\u041a\\u0423\\u041f\\u041e\\u041d\\u0410: &lt;\\/span&gt;&lt;span style=&quot;font-size: 25px; font-weight: bold;&quot;&gt;&lt;span style=&quot;color: rgb(0, 0, 255);&quot;&gt;45678834&lt;\\/span&gt;&lt;br&gt;&lt;\\/span&gt;&lt;\\/p&gt;&lt;h5&gt;&lt;span style=&quot;font-size: 25px; font-weight: bold;&quot;&gt;\\u0414\\u043b\\u044f \\u0442\\u043e\\u0433\\u043e \\u0447\\u0442\\u043e\\u0431\\u044b \\u0430\\u043a\\u0442\\u0438\\u0432\\u0438\\u0440\\u043e\\u0432\\u0430\\u0442\\u044c \\u0412\\u0430\\u0448 \\u043a\\u0443\\u043f\\u043e\\u043d - \\u0432\\u0432\\u0435\\u0434\\u0438\\u0442\\u0435 \\u044d\\u0442\\u043e\\u0442 \\u043d\\u043e\\u043c\\u0435\\u0440 \\u0432 \\u043a\\u043e\\u0440\\u0437\\u0438\\u043d\\u0435 \\u0442\\u043e\\u0432\\u0430\\u0440\\u0430 \\u0438 \\u043f\\u043e\\u043b\\u0443\\u0447\\u0438\\u0442\\u044c &lt;span style=&quot;color: rgb(255, 0, 0);&quot;&gt;-200 \\u0440\\u0443\\u0431.&lt;\\/span&gt; \\u043a \\u0432\\u0430\\u0448\\u0435\\u043c\\u0443 \\u0437\\u0430\\u043a\\u0430\\u0437\\u0443.&lt;\\/span&gt;&lt;\\/h5&gt;&lt;h5&gt;&lt;span style=&quot;font-size: 25px; font-weight: bold;&quot;&gt;&lt;img src=&quot;http:\\/\\/royal-gold.aridius.ru\\/image\\/catalog\\/img_mail\\/sale1.jpg&quot;&gt;&lt;br&gt;&lt;\\/span&gt;&lt;\\/h5&gt;","2":"&lt;p style=&quot;font-weight: bold; font-size: 25px;&quot;&gt;\\u0412\\u0430\\u0448\\u0430 \\u0441\\u043a\\u0438\\u0434\\u043a\\u0430 &lt;span style=&quot;color: rgb(255, 0, 0);&quot;&gt;200 \\u0440\\u0443\\u0431.&lt;\\/span&gt;&lt;br&gt;&lt;\\/p&gt;&lt;p style=&quot;&quot;&gt;&lt;span style=&quot;font-size: 25px; font-weight: bold;&quot;&gt;\\u041d\\u041e\\u041c\\u0415\\u0420 \\u041a\\u0423\\u041f\\u041e\\u041d\\u0410: &lt;\\/span&gt;&lt;span style=&quot;font-size: 25px; font-weight: bold;&quot;&gt;&lt;span style=&quot;color: rgb(0, 0, 255);&quot;&gt;45678834&lt;\\/span&gt;&lt;br&gt;&lt;\\/span&gt;&lt;\\/p&gt;&lt;h5&gt;&lt;span style=&quot;font-size: 25px; font-weight: bold;&quot;&gt;\\u0414\\u043b\\u044f \\u0442\\u043e\\u0433\\u043e \\u0447\\u0442\\u043e\\u0431\\u044b \\u0430\\u043a\\u0442\\u0438\\u0432\\u0438\\u0440\\u043e\\u0432\\u0430\\u0442\\u044c \\u0412\\u0430\\u0448 \\u043a\\u0443\\u043f\\u043e\\u043d - \\u0432\\u0432\\u0435\\u0434\\u0438\\u0442\\u0435 \\u044d\\u0442\\u043e\\u0442 \\u043d\\u043e\\u043c\\u0435\\u0440 \\u0432 \\u043a\\u043e\\u0440\\u0437\\u0438\\u043d\\u0435 \\u0442\\u043e\\u0432\\u0430\\u0440\\u0430 \\u0438 \\u043f\\u043e\\u043b\\u0443\\u0447\\u0438\\u0442\\u044c &lt;span style=&quot;color: rgb(255, 0, 0);&quot;&gt;-200 \\u0440\\u0443\\u0431.&lt;\\/span&gt; \\u043a \\u0432\\u0430\\u0448\\u0435\\u043c\\u0443 \\u0437\\u0430\\u043a\\u0430\\u0437\\u0443.&lt;\\/span&gt;&lt;\\/h5&gt;&lt;h5&gt;&lt;span style=&quot;font-size: 25px; font-weight: bold;&quot;&gt;&lt;img src=&quot;http:\\/\\/royal-gold.aridius.ru\\/image\\/catalog\\/img_mail\\/sale1.jpg&quot;&gt;&lt;br&gt;&lt;\\/span&gt;&lt;\\/h5&gt;"}', '1');
INSERT INTO `PREFIX_DB_setting` (`setting_id`, `store_id`, `code`, `key`, `value`, `serialized`) VALUES ('37591', '0', 'aridius_popupmail', 'aridius_popupmail_subject', '{"1":"\\u0412\\u0430\\u043c \\u0441\\u043a\\u0438\\u0434\\u043a\\u0430!","2":"\\u0412\\u0430\\u043c \\u0441\\u043a\\u0438\\u0434\\u043a\\u0430!"}', '1');
INSERT INTO `PREFIX_DB_setting` (`setting_id`, `store_id`, `code`, `key`, `value`, `serialized`) VALUES ('41144', '0', 'config', 'config_seo_url_postfix', '', '0');
INSERT INTO `PREFIX_DB_setting` (`setting_id`, `store_id`, `code`, `key`, `value`, `serialized`) VALUES ('41143', '0', 'config', 'config_seo_url_include_path', '1', '0');
INSERT INTO `PREFIX_DB_setting` (`setting_id`, `store_id`, `code`, `key`, `value`, `serialized`) VALUES ('41142', '0', 'config', 'config_seo_url_type', 'seo_pro', '0');
INSERT INTO `PREFIX_DB_setting` (`setting_id`, `store_id`, `code`, `key`, `value`, `serialized`) VALUES ('41141', '0', 'config', 'config_seo_url', '1', '0');
INSERT INTO `PREFIX_DB_setting` (`setting_id`, `store_id`, `code`, `key`, `value`, `serialized`) VALUES ('36504', '0', 'aridius_popupsize', 'aridius_popupsize_top_links', '{"1":{"title":{"1":"\\u0416\\u0435\\u043d\\u0441\\u043a\\u0438\\u0435","2":"\\u0416\\u0435\\u043d\\u0441\\u043a\\u0438\\u0435"},"id":"tabpopup1","description":{"1":"&lt;img class=&quot;img-responsive&quot; alt=&quot;size&quot; src=&quot;image\\/catalog\\/size-women.jpg&quot;&gt;&lt;br&gt;&lt;p&gt;&lt;br&gt;&lt;\\/p&gt;                                   ","2":"&lt;img class=&quot;img-responsive&quot; src=&quot;image\\/catalog\\/size-women.jpg&quot;&gt;&lt;br&gt;&lt;p&gt;&lt;br&gt;&lt;\\/p&gt;                                   "}},"3":{"title":{"1":"\\u0414\\u0435\\u0442\\u0441\\u043a\\u0438\\u0435","2":"\\u0414\\u0435\\u0442\\u0441\\u043a\\u0438\\u0435"},"id":"tabpopup3","description":{"1":"&lt;p&gt;\\u041f\\u0440\\u0430\\u0432\\u0438\\u043b\\u044c\\u043d\\u0435\\u0435 \\u0432\\u0441\\u0435\\u0433\\u043e \\u043f\\u0440\\u0438\\u043e\\u0431\\u0440\\u0435\\u0442\\u0430\\u0442\\u044c \\u043e\\u0431\\u0443\\u0432\\u044c \\u0441 \\u0437\\u0430\\u043f\\u0430\\u0441\\u043e\\u043c \\u0434\\u043e \\u043f\\u043e\\u043b\\u0443\\u0442\\u043e\\u0440\\u0430 \\u0441\\u0430\\u043d\\u0442\\u0438\\u043c\\u0435\\u0442\\u0440\\u043e\\u0432, \\u043f\\u0440\\u0438\\u0447\\u0435\\u043c, \\u043f\\u043e\\u043a\\u0443\\u043f\\u0430\\u044f \\u0437\\u0438\\u043c\\u043d\\u044e\\u044e \\u043e\\u0431\\u0443\\u0432\\u044c, \\u0443\\u0447\\u0438\\u0442\\u044b\\u0432\\u0430\\u0439\\u0442\\u0435, \\u0431\\u0443\\u0434\\u0435\\u0442\\u0435 \\u043b\\u0438 \\u0412\\u044b \\u043d\\u0430\\u0434\\u0435\\u0432\\u0430\\u0442\\u044c \\u043f\\u043e\\u0434 \\u043d\\u0435\\u0435 \\u043c\\u0430\\u043b\\u044b\\u0448\\u0443 \\u0434\\u043e\\u043f\\u043e\\u043b\\u043d\\u0438\\u0442\\u0435\\u043b\\u044c\\u043d\\u044b\\u0435 \\u043d\\u043e\\u0441\\u043e\\u0447\\u043a\\u0438. \\u0424\\u0438\\u0437\\u0438\\u043e\\u043b\\u043e\\u0433\\u0438\\u0447\\u0435\\u0441\\u043a\\u0438\\u0439 \\u0437\\u0430\\u043f\\u0430\\u0441 \\u043e\\u0431\\u0435\\u0441\\u043f\\u0435\\u0447\\u0438\\u0442 \\u0447\\u0443\\u0432\\u0441\\u0442\\u0432\\u043e \\u043a\\u043e\\u043c\\u0444\\u043e\\u0440\\u0442\\u0430: \\u0441\\u043b\\u0430\\u0431\\u044b\\u0435 \\u0434\\u0435\\u0442\\u0441\\u043a\\u0438\\u0435 \\u0441\\u0443\\u0441\\u0442\\u0430\\u0432\\u043d\\u044b\\u0435 \\u0441\\u0432\\u044f\\u0437\\u043a\\u0438 \\u0434\\u043e\\u0441\\u0442\\u0430\\u0442\\u043e\\u0447\\u043d\\u043e \\u0445\\u043e\\u0440\\u043e\\u0448\\u043e \\u0437\\u0430\\u0444\\u0438\\u043a\\u0441\\u0438\\u0440\\u0443\\u044e\\u0442\\u0441\\u044f, \\u043d\\u043e\\u0433\\u0430 \\u043d\\u0435 \\u0431\\u0443\\u0434\\u0435\\u0442 \\u0431\\u043e\\u043b\\u0442\\u0430\\u0442\\u044c\\u0441\\u044f \\u0438 \\u0435\\u0440\\u0437\\u0430\\u0442\\u044c. \\u041f\\u0440\\u0430\\u0432\\u0438\\u043b\\u044c\\u043d\\u043e \\u0432\\u044b\\u0431\\u0440\\u0430\\u043d\\u043d\\u044b\\u0439 \\u0440\\u0430\\u0437\\u043c\\u0435\\u0440 \\u043e\\u0431\\u0435\\u0437\\u043e\\u043f\\u0430\\u0441\\u0438\\u0442 \\u0440\\u0435\\u0431\\u0435\\u043d\\u043a\\u0430 \\u043e\\u0442 \\u0442\\u0440\\u0430\\u0432\\u043c, \\u0440\\u0430\\u0441\\u0442\\u044f\\u0436\\u0435\\u043d\\u0438\\u0439 \\u0438 \\u0432\\u044b\\u0432\\u0438\\u0445\\u043e\\u0432.                         &lt;\\/p&gt;","2":"&lt;p&gt;\\u041f\\u0440\\u0430\\u0432\\u0438\\u043b\\u044c\\u043d\\u0435\\u0435 \\u0432\\u0441\\u0435\\u0433\\u043e \\u043f\\u0440\\u0438\\u043e\\u0431\\u0440\\u0435\\u0442\\u0430\\u0442\\u044c \\u043e\\u0431\\u0443\\u0432\\u044c \\u0441 \\u0437\\u0430\\u043f\\u0430\\u0441\\u043e\\u043c \\u0434\\u043e \\u043f\\u043e\\u043b\\u0443\\u0442\\u043e\\u0440\\u0430 \\u0441\\u0430\\u043d\\u0442\\u0438\\u043c\\u0435\\u0442\\u0440\\u043e\\u0432, \\u043f\\u0440\\u0438\\u0447\\u0435\\u043c, \\u043f\\u043e\\u043a\\u0443\\u043f\\u0430\\u044f \\u0437\\u0438\\u043c\\u043d\\u044e\\u044e \\u043e\\u0431\\u0443\\u0432\\u044c, \\u0443\\u0447\\u0438\\u0442\\u044b\\u0432\\u0430\\u0439\\u0442\\u0435, \\u0431\\u0443\\u0434\\u0435\\u0442\\u0435 \\u043b\\u0438 \\u0412\\u044b \\u043d\\u0430\\u0434\\u0435\\u0432\\u0430\\u0442\\u044c \\u043f\\u043e\\u0434 \\u043d\\u0435\\u0435 \\u043c\\u0430\\u043b\\u044b\\u0448\\u0443 \\u0434\\u043e\\u043f\\u043e\\u043b\\u043d\\u0438\\u0442\\u0435\\u043b\\u044c\\u043d\\u044b\\u0435 \\u043d\\u043e\\u0441\\u043e\\u0447\\u043a\\u0438. \\u0424\\u0438\\u0437\\u0438\\u043e\\u043b\\u043e\\u0433\\u0438\\u0447\\u0435\\u0441\\u043a\\u0438\\u0439 \\u0437\\u0430\\u043f\\u0430\\u0441 \\u043e\\u0431\\u0435\\u0441\\u043f\\u0435\\u0447\\u0438\\u0442 \\u0447\\u0443\\u0432\\u0441\\u0442\\u0432\\u043e \\u043a\\u043e\\u043c\\u0444\\u043e\\u0440\\u0442\\u0430: \\u0441\\u043b\\u0430\\u0431\\u044b\\u0435 \\u0434\\u0435\\u0442\\u0441\\u043a\\u0438\\u0435 \\u0441\\u0443\\u0441\\u0442\\u0430\\u0432\\u043d\\u044b\\u0435 \\u0441\\u0432\\u044f\\u0437\\u043a\\u0438 \\u0434\\u043e\\u0441\\u0442\\u0430\\u0442\\u043e\\u0447\\u043d\\u043e \\u0445\\u043e\\u0440\\u043e\\u0448\\u043e \\u0437\\u0430\\u0444\\u0438\\u043a\\u0441\\u0438\\u0440\\u0443\\u044e\\u0442\\u0441\\u044f, \\u043d\\u043e\\u0433\\u0430 \\u043d\\u0435 \\u0431\\u0443\\u0434\\u0435\\u0442 \\u0431\\u043e\\u043b\\u0442\\u0430\\u0442\\u044c\\u0441\\u044f \\u0438 \\u0435\\u0440\\u0437\\u0430\\u0442\\u044c. \\u041f\\u0440\\u0430\\u0432\\u0438\\u043b\\u044c\\u043d\\u043e \\u0432\\u044b\\u0431\\u0440\\u0430\\u043d\\u043d\\u044b\\u0439 \\u0440\\u0430\\u0437\\u043c\\u0435\\u0440 \\u043e\\u0431\\u0435\\u0437\\u043e\\u043f\\u0430\\u0441\\u0438\\u0442 \\u0440\\u0435\\u0431\\u0435\\u043d\\u043a\\u0430 \\u043e\\u0442 \\u0442\\u0440\\u0430\\u0432\\u043c, \\u0440\\u0430\\u0441\\u0442\\u044f\\u0436\\u0435\\u043d\\u0438\\u0439 \\u0438 \\u0432\\u044b\\u0432\\u0438\\u0445\\u043e\\u0432.        &lt;\\/p&gt;"}}}', '1');
INSERT INTO `PREFIX_DB_setting` (`setting_id`, `store_id`, `code`, `key`, `value`, `serialized`) VALUES ('36503', '0', 'aridius_popupsize', 'aridius_popupsize_name', '{"1":"\\u0422\\u0430\\u0431\\u043b\\u0438\\u0446\\u0430 \\u0440\\u0430\\u0437\\u043c\\u0435\\u0440\\u043e\\u0432","2":"\\u0422\\u0430\\u0431\\u043b\\u0438\\u0446\\u0430 \\u0440\\u0430\\u0437\\u043c\\u0435\\u0440\\u043e\\u0432"}', '1');
INSERT INTO `PREFIX_DB_setting` (`setting_id`, `store_id`, `code`, `key`, `value`, `serialized`) VALUES ('3898', '0', 'aridius_store_review', 'aridius_store_review_status', '1', '0');
INSERT INTO `PREFIX_DB_setting` (`setting_id`, `store_id`, `code`, `key`, `value`, `serialized`) VALUES ('3894', '0', 'aridius_store_review', 'aridius_store_review_mail', '0', '0');
INSERT INTO `PREFIX_DB_setting` (`setting_id`, `store_id`, `code`, `key`, `value`, `serialized`) VALUES ('3895', '0', 'aridius_store_review', 'aridius_store_review_meta_title', '{"1":"\\u041e\\u0442\\u0437\\u044b\\u0432\\u044b \\u043e \\u043c\\u0430\\u0433\\u0430\\u0437\\u0438\\u043d\\u0435","2":"\\u041e\\u0442\\u0437\\u044b\\u0432\\u044b \\u043e \\u043c\\u0430\\u0433\\u0430\\u0437\\u0438\\u043d\\u0435"}', '1');
INSERT INTO `PREFIX_DB_setting` (`setting_id`, `store_id`, `code`, `key`, `value`, `serialized`) VALUES ('3897', '0', 'aridius_store_review', 'aridius_store_review_meta_keyword', '{"1":"\\u041e\\u0442\\u0437\\u044b\\u0432\\u044b \\u043e \\u043c\\u0430\\u0433\\u0430\\u0437\\u0438\\u043d\\u0435","2":"\\u041e\\u0442\\u0437\\u044b\\u0432\\u044b \\u043e \\u043c\\u0430\\u0433\\u0430\\u0437\\u0438\\u043d\\u0435"}', '1');
INSERT INTO `PREFIX_DB_setting` (`setting_id`, `store_id`, `code`, `key`, `value`, `serialized`) VALUES ('3896', '0', 'aridius_store_review', 'aridius_store_review_meta_description', '{"1":"\\u041e\\u0442\\u0437\\u044b\\u0432\\u044b \\u043e \\u043c\\u0430\\u0433\\u0430\\u0437\\u0438\\u043d\\u0435","2":"\\u041e\\u0442\\u0437\\u044b\\u0432\\u044b \\u043e \\u043c\\u0430\\u0433\\u0430\\u0437\\u0438\\u043d\\u0435"}', '1');
INSERT INTO `PREFIX_DB_setting` (`setting_id`, `store_id`, `code`, `key`, `value`, `serialized`) VALUES ('3893', '0', 'aridius_store_review', 'aridius_store_review_display_captcha', '0', '0');
INSERT INTO `PREFIX_DB_setting` (`setting_id`, `store_id`, `code`, `key`, `value`, `serialized`) VALUES ('3892', '0', 'aridius_store_review', 'aridius_store_review_limite_page', '20', '0');
INSERT INTO `PREFIX_DB_setting` (`setting_id`, `store_id`, `code`, `key`, `value`, `serialized`) VALUES ('3891', '0', 'aridius_store_review', 'aridius_store_review_default_rating', '1', '0');
INSERT INTO `PREFIX_DB_setting` (`setting_id`, `store_id`, `code`, `key`, `value`, `serialized`) VALUES ('3890', '0', 'aridius_store_review', 'aridius_store_review_display_average_rating', '0', '0');
INSERT INTO `PREFIX_DB_setting` (`setting_id`, `store_id`, `code`, `key`, `value`, `serialized`) VALUES ('3888', '0', 'aridius_store_review', 'aridius_store_review_review_guest', '0', '0');
INSERT INTO `PREFIX_DB_setting` (`setting_id`, `store_id`, `code`, `key`, `value`, `serialized`) VALUES ('3303', '0', 'aridius_faq', 'aridius_faq_status', '1', '0');
INSERT INTO `PREFIX_DB_setting` (`setting_id`, `store_id`, `code`, `key`, `value`, `serialized`) VALUES ('3889', '0', 'aridius_store_review', 'aridius_store_review_display_answer_button', '0', '0');
INSERT INTO `PREFIX_DB_setting` (`setting_id`, `store_id`, `code`, `key`, `value`, `serialized`) VALUES ('41528', '0', 'fractal', 'fractal_backgroundhover_btn', '50463B', '0');
INSERT INTO `PREFIX_DB_setting` (`setting_id`, `store_id`, `code`, `key`, `value`, `serialized`) VALUES ('41527', '0', 'fractal', 'fractal_background_btn', 'FFFFFF', '0');
INSERT INTO `PREFIX_DB_setting` (`setting_id`, `store_id`, `code`, `key`, `value`, `serialized`) VALUES ('41526', '0', 'fractal', 'fractal_color_border_search', '000000', '0');
INSERT INTO `PREFIX_DB_setting` (`setting_id`, `store_id`, `code`, `key`, `value`, `serialized`) VALUES ('41525', '0', 'fractal', 'fractal_text_search', '000000', '0');
INSERT INTO `PREFIX_DB_setting` (`setting_id`, `store_id`, `code`, `key`, `value`, `serialized`) VALUES ('41524', '0', 'fractal', 'fractal_background_container', 'FFFFFF', '0');
INSERT INTO `PREFIX_DB_setting` (`setting_id`, `store_id`, `code`, `key`, `value`, `serialized`) VALUES ('41522', '0', 'fractal', 'fractal_colorborder_menu', 'E0E0E0', '0');
INSERT INTO `PREFIX_DB_setting` (`setting_id`, `store_id`, `code`, `key`, `value`, `serialized`) VALUES ('41523', '0', 'fractal', 'fractal_colorbordertop_menu', '232323', '0');
INSERT INTO `PREFIX_DB_setting` (`setting_id`, `store_id`, `code`, `key`, `value`, `serialized`) VALUES ('41521', '0', 'fractal', 'fractal_colorhover_menu', '3F3F3F', '0');
INSERT INTO `PREFIX_DB_setting` (`setting_id`, `store_id`, `code`, `key`, `value`, `serialized`) VALUES ('41520', '0', 'fractal', 'fractal_color_menu', '232323', '0');
INSERT INTO `PREFIX_DB_setting` (`setting_id`, `store_id`, `code`, `key`, `value`, `serialized`) VALUES ('41519', '0', 'fractal', 'fractal_background_menu', 'FFFFFF', '0');
INSERT INTO `PREFIX_DB_setting` (`setting_id`, `store_id`, `code`, `key`, `value`, `serialized`) VALUES ('41518', '0', 'fractal', 'fractal_colorborder_top_menu', '3F3F3F', '0');
INSERT INTO `PREFIX_DB_setting` (`setting_id`, `store_id`, `code`, `key`, `value`, `serialized`) VALUES ('41517', '0', 'fractal', 'fractal_colorhover_top_menu', 'CEB478', '0');
INSERT INTO `PREFIX_DB_setting` (`setting_id`, `store_id`, `code`, `key`, `value`, `serialized`) VALUES ('41516', '0', 'fractal', 'fractal_color_top_menu', 'FFFFFF', '0');
INSERT INTO `PREFIX_DB_setting` (`setting_id`, `store_id`, `code`, `key`, `value`, `serialized`) VALUES ('41515', '0', 'fractal', 'fractal_background_top_menu', '393939', '0');
INSERT INTO `PREFIX_DB_setting` (`setting_id`, `store_id`, `code`, `key`, `value`, `serialized`) VALUES ('41514', '0', 'fractal', 'fractal_limit_symbolst', '55', '0');
INSERT INTO `PREFIX_DB_setting` (`setting_id`, `store_id`, `code`, `key`, `value`, `serialized`) VALUES ('41513', '0', 'fractal', 'fractal_product_border', '0', '0');
INSERT INTO `PREFIX_DB_setting` (`setting_id`, `store_id`, `code`, `key`, `value`, `serialized`) VALUES ('41512', '0', 'fractal', 'fractal_logo_middle', '0', '0');
INSERT INTO `PREFIX_DB_setting` (`setting_id`, `store_id`, `code`, `key`, `value`, `serialized`) VALUES ('41511', '0', 'fractal', 'fractal_arrowup', '0', '0');
INSERT INTO `PREFIX_DB_setting` (`setting_id`, `store_id`, `code`, `key`, `value`, `serialized`) VALUES ('41503', '0', 'fractal', 'fractal_pr_attribute_seeall', '{"1":"\\u0441\\u043c\\u043e\\u0442\\u0440\\u0435\\u0442\\u044c \\u0432\\u0441\\u0435","2":"see all"}', '1');
INSERT INTO `PREFIX_DB_setting` (`setting_id`, `store_id`, `code`, `key`, `value`, `serialized`) VALUES ('41504', '0', 'fractal', 'fractal_top_links7', '{"1":{"title":{"1":"\\u0412\\u0430\\u0448\\u0430 \\u0432\\u043a\\u043b\\u0430\\u0434\\u043a\\u0430 1","2":"\\u0412\\u0430\\u0448\\u0430 \\u0432\\u043a\\u043b\\u0430\\u0434\\u043a\\u0430 1"},"id":"tabproduct1","description":{"1":"&lt;p&gt;\\u0432\\u0430\\u0448 \\u0442\\u0435\\u043a\\u0441\\u0442 \\u0432\\u043a\\u043b\\u0430\\u0434\\u043a\\u0438 \\u0432\\u0430\\u0448 \\u0442\\u0435\\u043a\\u0441\\u0442 \\u0432\\u043a\\u043b\\u0430\\u0434\\u043a\\u0438 \\u0432\\u0430\\u0448 \\u0442\\u0435\\u043a\\u0441\\u0442 \\u0432\\u043a\\u043b\\u0430\\u0434\\u043a\\u0438 \\u0432\\u0430\\u0448 \\u0442\\u0435\\u043a\\u0441\\u0442 \\u0432\\u043a\\u043b\\u0430\\u0434\\u043a\\u0438&lt;br&gt;&lt;\\/p&gt;                                                                                                                                                           ","2":"&lt;p&gt;\\u0432\\u0430\\u0448 \\u0442\\u0435\\u043a\\u0441\\u0442 \\u0432\\u043a\\u043b\\u0430\\u0434\\u043a\\u0438 \\u0432\\u0430\\u0448 \\u0442\\u0435\\u043a\\u0441\\u0442 \\u0432\\u043a\\u043b\\u0430\\u0434\\u043a\\u0438 \\u0432\\u0430\\u0448 \\u0442\\u0435\\u043a\\u0441\\u0442 \\u0432\\u043a\\u043b\\u0430\\u0434\\u043a\\u0438 \\u0432\\u0430\\u0448 \\u0442\\u0435\\u043a\\u0441\\u0442 \\u0432\\u043a\\u043b\\u0430\\u0434\\u043a\\u0438&lt;br&gt;&lt;\\/p&gt;                                                                                                                                                           "}}}', '1');
INSERT INTO `PREFIX_DB_setting` (`setting_id`, `store_id`, `code`, `key`, `value`, `serialized`) VALUES ('41510', '0', 'fractal', 'fractal_rating_cat', '1', '0');
INSERT INTO `PREFIX_DB_setting` (`setting_id`, `store_id`, `code`, `key`, `value`, `serialized`) VALUES ('41509', '0', 'fractal', 'fractal_description_cat', '1', '0');
INSERT INTO `PREFIX_DB_setting` (`setting_id`, `store_id`, `code`, `key`, `value`, `serialized`) VALUES ('41508', '0', 'fractal', 'fractal_compare_cat', '0', '0');
INSERT INTO `PREFIX_DB_setting` (`setting_id`, `store_id`, `code`, `key`, `value`, `serialized`) VALUES ('41505', '0', 'fractal', 'fractal_cart_img', 'catalog/1_fractal/basket.png', '0');
INSERT INTO `PREFIX_DB_setting` (`setting_id`, `store_id`, `code`, `key`, `value`, `serialized`) VALUES ('41506', '0', 'fractal', 'fractal_callleft', '0', '0');
INSERT INTO `PREFIX_DB_setting` (`setting_id`, `store_id`, `code`, `key`, `value`, `serialized`) VALUES ('41507', '0', 'fractal', 'fractal_wishlist_cat', '0', '0');
INSERT INTO `PREFIX_DB_setting` (`setting_id`, `store_id`, `code`, `key`, `value`, `serialized`) VALUES ('41501', '0', 'fractal', 'fractal_attribute_see', '4', '0');
INSERT INTO `PREFIX_DB_setting` (`setting_id`, `store_id`, `code`, `key`, `value`, `serialized`) VALUES ('41502', '0', 'fractal', 'fractal_pr_attribute_name', '{"1":"\\u0425\\u0430\\u0440\\u0430\\u043a\\u0442\\u0435\\u0440\\u0438\\u0441\\u0442\\u0438\\u043a\\u0438","2":"Attributes"}', '1');
INSERT INTO `PREFIX_DB_setting` (`setting_id`, `store_id`, `code`, `key`, `value`, `serialized`) VALUES ('41500', '0', 'fractal', 'fractal_show_attribute', '0', '0');
INSERT INTO `PREFIX_DB_setting` (`setting_id`, `store_id`, `code`, `key`, `value`, `serialized`) VALUES ('41499', '0', 'fractal', 'fractal_product_mpn', '{"1":"","2":""}', '1');
INSERT INTO `PREFIX_DB_setting` (`setting_id`, `store_id`, `code`, `key`, `value`, `serialized`) VALUES ('41486', '0', 'fractal', 'fractal_product_show_share', '1', '0');
INSERT INTO `PREFIX_DB_setting` (`setting_id`, `store_id`, `code`, `key`, `value`, `serialized`) VALUES ('41487', '0', 'fractal', 'fractal_share', '&lt;script type=&quot;text/javascript&quot; src=&quot;//yastatic.net/es5-shims/0.0.2/es5-shims.min.js&quot; charset=&quot;utf-8&quot;&gt;&lt;/script&gt;&lt;script type=&quot;text/javascript&quot; src=&quot;//yastatic.net/share2/share.js&quot; charset=&quot;utf-8&quot;&gt;&lt;/script&gt;&lt;div class=&quot;ya-share2&quot; data-services=&quot;vkontakte,facebook,odnoklassniki,moimir,gplus,twitter,viber,whatsapp&quot; data-size=&quot;s&quot;&gt;&lt;/div&gt;', '0');
INSERT INTO `PREFIX_DB_setting` (`setting_id`, `store_id`, `code`, `key`, `value`, `serialized`) VALUES ('41498', '0', 'fractal', 'fractal_product_isbn', '{"1":"","2":""}', '1');
INSERT INTO `PREFIX_DB_setting` (`setting_id`, `store_id`, `code`, `key`, `value`, `serialized`) VALUES ('41497', '0', 'fractal', 'fractal_product_jan', '{"1":"","2":""}', '1');
INSERT INTO `PREFIX_DB_setting` (`setting_id`, `store_id`, `code`, `key`, `value`, `serialized`) VALUES ('41496', '0', 'fractal', 'fractal_product_ean', '{"1":"","2":""}', '1');
INSERT INTO `PREFIX_DB_setting` (`setting_id`, `store_id`, `code`, `key`, `value`, `serialized`) VALUES ('41495', '0', 'fractal', 'fractal_product_upc', '{"1":"","2":""}', '1');
INSERT INTO `PREFIX_DB_setting` (`setting_id`, `store_id`, `code`, `key`, `value`, `serialized`) VALUES ('41494', '0', 'fractal', 'fractal_product_sku', '{"1":"","2":""}', '1');
INSERT INTO `PREFIX_DB_setting` (`setting_id`, `store_id`, `code`, `key`, `value`, `serialized`) VALUES ('41493', '0', 'fractal', 'fractal_product_show_mpn', '0', '0');
INSERT INTO `PREFIX_DB_setting` (`setting_id`, `store_id`, `code`, `key`, `value`, `serialized`) VALUES ('41488', '0', 'fractal', 'fractal_product_show_sku', '0', '0');
INSERT INTO `PREFIX_DB_setting` (`setting_id`, `store_id`, `code`, `key`, `value`, `serialized`) VALUES ('41489', '0', 'fractal', 'fractal_product_show_upc', '0', '0');
INSERT INTO `PREFIX_DB_setting` (`setting_id`, `store_id`, `code`, `key`, `value`, `serialized`) VALUES ('41490', '0', 'fractal', 'fractal_product_show_ean', '0', '0');
INSERT INTO `PREFIX_DB_setting` (`setting_id`, `store_id`, `code`, `key`, `value`, `serialized`) VALUES ('41491', '0', 'fractal', 'fractal_product_show_jan', '0', '0');
INSERT INTO `PREFIX_DB_setting` (`setting_id`, `store_id`, `code`, `key`, `value`, `serialized`) VALUES ('41492', '0', 'fractal', 'fractal_product_show_isbn', '0', '0');
INSERT INTO `PREFIX_DB_setting` (`setting_id`, `store_id`, `code`, `key`, `value`, `serialized`) VALUES ('41140', '0', 'config', 'config_maintenance', '0', '0');
INSERT INTO `PREFIX_DB_setting` (`setting_id`, `store_id`, `code`, `key`, `value`, `serialized`) VALUES ('41139', '0', 'config', 'config_alert_email', '', '0');
INSERT INTO `PREFIX_DB_setting` (`setting_id`, `store_id`, `code`, `key`, `value`, `serialized`) VALUES ('41137', '0', 'config', 'config_mail_smtp_timeout', '5', '0');
INSERT INTO `PREFIX_DB_setting` (`setting_id`, `store_id`, `code`, `key`, `value`, `serialized`) VALUES ('41138', '0', 'config', 'config_mail_alert', '["account","affiliate","order","review"]', '1');
INSERT INTO `PREFIX_DB_setting` (`setting_id`, `store_id`, `code`, `key`, `value`, `serialized`) VALUES ('41136', '0', 'config', 'config_mail_smtp_port', '25', '0');
INSERT INTO `PREFIX_DB_setting` (`setting_id`, `store_id`, `code`, `key`, `value`, `serialized`) VALUES ('41135', '0', 'config', 'config_mail_smtp_password', '', '0');
INSERT INTO `PREFIX_DB_setting` (`setting_id`, `store_id`, `code`, `key`, `value`, `serialized`) VALUES ('41485', '0', 'fractal', 'fractal_product_optionimg_height', '70', '0');
INSERT INTO `PREFIX_DB_setting` (`setting_id`, `store_id`, `code`, `key`, `value`, `serialized`) VALUES ('41484', '0', 'fractal', 'fractal_product_optionimg_width', '70', '0');
INSERT INTO `PREFIX_DB_setting` (`setting_id`, `store_id`, `code`, `key`, `value`, `serialized`) VALUES ('41483', '0', 'fractal', 'fractal_product_man_height', '50', '0');
INSERT INTO `PREFIX_DB_setting` (`setting_id`, `store_id`, `code`, `key`, `value`, `serialized`) VALUES ('41482', '0', 'fractal', 'fractal_product_man_width', '50', '0');
INSERT INTO `PREFIX_DB_setting` (`setting_id`, `store_id`, `code`, `key`, `value`, `serialized`) VALUES ('41481', '0', 'fractal', 'fractal_product_sticky_menu', '0', '0');
INSERT INTO `PREFIX_DB_setting` (`setting_id`, `store_id`, `code`, `key`, `value`, `serialized`) VALUES ('41480', '0', 'fractal', 'fractal_product_timer', '0', '0');
INSERT INTO `PREFIX_DB_setting` (`setting_id`, `store_id`, `code`, `key`, `value`, `serialized`) VALUES ('41479', '0', 'fractal', 'fractal_product_raiting', '5', '0');
INSERT INTO `PREFIX_DB_setting` (`setting_id`, `store_id`, `code`, `key`, `value`, `serialized`) VALUES ('41478', '0', 'fractal', 'fractal_product_man_img', '0', '0');
INSERT INTO `PREFIX_DB_setting` (`setting_id`, `store_id`, `code`, `key`, `value`, `serialized`) VALUES ('41477', '0', 'fractal', 'fractal_product_kod_tovara', '0', '0');
INSERT INTO `PREFIX_DB_setting` (`setting_id`, `store_id`, `code`, `key`, `value`, `serialized`) VALUES ('41476', '0', 'fractal', 'fractal_product_weight', '0', '0');
INSERT INTO `PREFIX_DB_setting` (`setting_id`, `store_id`, `code`, `key`, `value`, `serialized`) VALUES ('41475', '0', 'fractal', 'fractal_product_size', '0', '0');
INSERT INTO `PREFIX_DB_setting` (`setting_id`, `store_id`, `code`, `key`, `value`, `serialized`) VALUES ('41474', '0', 'fractal', 'fractal_elevatezoom', '0', '0');
INSERT INTO `PREFIX_DB_setting` (`setting_id`, `store_id`, `code`, `key`, `value`, `serialized`) VALUES ('41473', '0', 'fractal', 'fractal_description_top_or_bot', '0', '0');
INSERT INTO `PREFIX_DB_setting` (`setting_id`, `store_id`, `code`, `key`, `value`, `serialized`) VALUES ('41472', '0', 'fractal', 'fractal_sort_cat', '0', '0');
INSERT INTO `PREFIX_DB_setting` (`setting_id`, `store_id`, `code`, `key`, `value`, `serialized`) VALUES ('41471', '0', 'fractal', 'fractal_count_cat', '0', '0');
INSERT INTO `PREFIX_DB_setting` (`setting_id`, `store_id`, `code`, `key`, `value`, `serialized`) VALUES ('41470', '0', 'fractal', 'fractal_categories_2lv_height', '100', '0');
INSERT INTO `PREFIX_DB_setting` (`setting_id`, `store_id`, `code`, `key`, `value`, `serialized`) VALUES ('41468', '0', 'fractal', 'fractal_categories_2lv', '0', '0');
INSERT INTO `PREFIX_DB_setting` (`setting_id`, `store_id`, `code`, `key`, `value`, `serialized`) VALUES ('41469', '0', 'fractal', 'fractal_categories_2lv_width', '165', '0');
INSERT INTO `PREFIX_DB_setting` (`setting_id`, `store_id`, `code`, `key`, `value`, `serialized`) VALUES ('41467', '0', 'fractal', 'fractal_sticker_product_top_viewed', '200', '0');
INSERT INTO `PREFIX_DB_setting` (`setting_id`, `store_id`, `code`, `key`, `value`, `serialized`) VALUES ('41466', '0', 'fractal', 'fractal_sticker_product_top_rating', '0', '0');
INSERT INTO `PREFIX_DB_setting` (`setting_id`, `store_id`, `code`, `key`, `value`, `serialized`) VALUES ('41465', '0', 'fractal', 'fractal_sticker_product_top_ratinr', '1', '0');
INSERT INTO `PREFIX_DB_setting` (`setting_id`, `store_id`, `code`, `key`, `value`, `serialized`) VALUES ('41464', '0', 'fractal', 'fractal_sticker_product_new_day', '9000', '0');
INSERT INTO `PREFIX_DB_setting` (`setting_id`, `store_id`, `code`, `key`, `value`, `serialized`) VALUES ('41463', '0', 'fractal', 'fractal_name_sticker_product_top', '{"1":"TOP","2":"TOP"}', '1');
INSERT INTO `PREFIX_DB_setting` (`setting_id`, `store_id`, `code`, `key`, `value`, `serialized`) VALUES ('41462', '0', 'fractal', 'fractal_name_sticker_product_new', '{"1":"NEW","2":"NEW"}', '1');
INSERT INTO `PREFIX_DB_setting` (`setting_id`, `store_id`, `code`, `key`, `value`, `serialized`) VALUES ('41461', '0', 'fractal', 'fractal_sticker_top_product_auto', '1', '0');
INSERT INTO `PREFIX_DB_setting` (`setting_id`, `store_id`, `code`, `key`, `value`, `serialized`) VALUES ('41460', '0', 'fractal', 'fractal_sticker_new_product_auto', '1', '0');
INSERT INTO `PREFIX_DB_setting` (`setting_id`, `store_id`, `code`, `key`, `value`, `serialized`) VALUES ('41457', '0', 'fractal', 'fractal_name_sticker_menu_top', '{"1":"TOP","2":"TOP"}', '1');
INSERT INTO `PREFIX_DB_setting` (`setting_id`, `store_id`, `code`, `key`, `value`, `serialized`) VALUES ('41458', '0', 'fractal', 'fractal_name_sticker_menu_sale', '{"1":"SALE","2":"SALE"}', '1');
INSERT INTO `PREFIX_DB_setting` (`setting_id`, `store_id`, `code`, `key`, `value`, `serialized`) VALUES ('41459', '0', 'fractal', 'fractal_sticker_sale_product_auto', '0', '0');
INSERT INTO `PREFIX_DB_setting` (`setting_id`, `store_id`, `code`, `key`, `value`, `serialized`) VALUES ('41456', '0', 'fractal', 'fractal_name_sticker_menu_new', '{"1":"NEW","2":"NEW"}', '1');
INSERT INTO `PREFIX_DB_setting` (`setting_id`, `store_id`, `code`, `key`, `value`, `serialized`) VALUES ('41449', '0', 'fractal', 'fractal_seevmenu_menu', '0', '0');
INSERT INTO `PREFIX_DB_setting` (`setting_id`, `store_id`, `code`, `key`, `value`, `serialized`) VALUES ('41450', '0', 'fractal', 'fractal_seevmenuico', '0', '0');
INSERT INTO `PREFIX_DB_setting` (`setting_id`, `store_id`, `code`, `key`, `value`, `serialized`) VALUES ('41451', '0', 'fractal', 'fractal_vmenu_menu', '{"1":"\\u041a\\u0410\\u0422\\u0410\\u041b\\u041e\\u0413 \\u0422\\u041e\\u0412\\u0410\\u0420\\u041e\\u0412","2":"categories"}', '1');
INSERT INTO `PREFIX_DB_setting` (`setting_id`, `store_id`, `code`, `key`, `value`, `serialized`) VALUES ('41452', '0', 'fractal', 'fractal_seeall_menu', '{"1":"\\u0421\\u043c\\u043e\\u0442\\u0440\\u0435\\u0442\\u044c \\u0432\\u0441\\u0435","2":"see all"}', '1');
INSERT INTO `PREFIX_DB_setting` (`setting_id`, `store_id`, `code`, `key`, `value`, `serialized`) VALUES ('41453', '0', 'fractal', 'fractal_countvmenulv', '3', '0');
INSERT INTO `PREFIX_DB_setting` (`setting_id`, `store_id`, `code`, `key`, `value`, `serialized`) VALUES ('41455', '0', 'fractal', 'fractal_sticker_menu', '0', '0');
INSERT INTO `PREFIX_DB_setting` (`setting_id`, `store_id`, `code`, `key`, `value`, `serialized`) VALUES ('41448', '0', 'fractal', 'fractal_top_links8', '{"1":{"title":{"1":"\\u041d\\u043e\\u0432\\u043e\\u0441\\u0442\\u0438","2":"News"},"faicons_top":"","link_top":{"1":"all-news","2":"all-news"}},"2":{"title":{"1":"FAQ","2":"FAQ"},"faicons_top":"","link_top":{"1":"faq","2":"faq"}},"3":{"title":{"1":"\\u041e\\u0442\\u0437\\u044b\\u0432\\u044b","2":"\\u041e\\u0442\\u0437\\u044b\\u0432\\u044b"},"faicons_top":"","link_top":{"1":"review","2":"review"}}}', '1');
INSERT INTO `PREFIX_DB_setting` (`setting_id`, `store_id`, `code`, `key`, `value`, `serialized`) VALUES ('41444', '0', 'fractal', 'fractal_man_menu', '0', '0');
INSERT INTO `PREFIX_DB_setting` (`setting_id`, `store_id`, `code`, `key`, `value`, `serialized`) VALUES ('41443', '0', 'fractal', 'fractal_info_menu', '1', '0');
INSERT INTO `PREFIX_DB_setting` (`setting_id`, `store_id`, `code`, `key`, `value`, `serialized`) VALUES ('41442', '0', 'fractal', 'fractal_3lv_menu', '0', '0');
INSERT INTO `PREFIX_DB_setting` (`setting_id`, `store_id`, `code`, `key`, `value`, `serialized`) VALUES ('41441', '0', 'fractal', 'fractal_photos_menuman_height', '50', '0');
INSERT INTO `PREFIX_DB_setting` (`setting_id`, `store_id`, `code`, `key`, `value`, `serialized`) VALUES ('41440', '0', 'fractal', 'fractal_photos_menuman_width', '50', '0');
INSERT INTO `PREFIX_DB_setting` (`setting_id`, `store_id`, `code`, `key`, `value`, `serialized`) VALUES ('41439', '0', 'fractal', 'fractal_menuman_column', '6', '0');
INSERT INTO `PREFIX_DB_setting` (`setting_id`, `store_id`, `code`, `key`, `value`, `serialized`) VALUES ('41438', '0', 'fractal', 'fractal_photos_height_image_main', '230', '0');
INSERT INTO `PREFIX_DB_setting` (`setting_id`, `store_id`, `code`, `key`, `value`, `serialized`) VALUES ('41437', '0', 'fractal', 'fractal_photos_width_image_main', '165', '0');
INSERT INTO `PREFIX_DB_setting` (`setting_id`, `store_id`, `code`, `key`, `value`, `serialized`) VALUES ('41436', '0', 'fractal', 'fractal_photos_menu_height', '106', '0');
INSERT INTO `PREFIX_DB_setting` (`setting_id`, `store_id`, `code`, `key`, `value`, `serialized`) VALUES ('41435', '0', 'fractal', 'fractal_photos_menu_width', '181', '0');
INSERT INTO `PREFIX_DB_setting` (`setting_id`, `store_id`, `code`, `key`, `value`, `serialized`) VALUES ('41434', '0', 'fractal', 'fractal_main_photos_menu', '1', '0');
INSERT INTO `PREFIX_DB_setting` (`setting_id`, `store_id`, `code`, `key`, `value`, `serialized`) VALUES ('41433', '0', 'fractal', 'fractal_photos_menu_manuf', '0', '0');
INSERT INTO `PREFIX_DB_setting` (`setting_id`, `store_id`, `code`, `key`, `value`, `serialized`) VALUES ('41432', '0', 'fractal', 'fractal_photos_menu', '0', '0');
INSERT INTO `PREFIX_DB_setting` (`setting_id`, `store_id`, `code`, `key`, `value`, `serialized`) VALUES ('41134', '0', 'config', 'config_mail_smtp_username', '', '0');
INSERT INTO `PREFIX_DB_setting` (`setting_id`, `store_id`, `code`, `key`, `value`, `serialized`) VALUES ('41133', '0', 'config', 'config_mail_smtp_hostname', '', '0');
INSERT INTO `PREFIX_DB_setting` (`setting_id`, `store_id`, `code`, `key`, `value`, `serialized`) VALUES ('41132', '0', 'config', 'config_mail_parameter', '', '0');
INSERT INTO `PREFIX_DB_setting` (`setting_id`, `store_id`, `code`, `key`, `value`, `serialized`) VALUES ('41131', '0', 'config', 'config_mail_protocol', 'mail', '0');
INSERT INTO `PREFIX_DB_setting` (`setting_id`, `store_id`, `code`, `key`, `value`, `serialized`) VALUES ('41130', '0', 'config', 'config_ftp_status', '0', '0');
INSERT INTO `PREFIX_DB_setting` (`setting_id`, `store_id`, `code`, `key`, `value`, `serialized`) VALUES ('41105', '0', 'config', 'config_checkout_guest', '1', '0');
INSERT INTO `PREFIX_DB_setting` (`setting_id`, `store_id`, `code`, `key`, `value`, `serialized`) VALUES ('41106', '0', 'config', 'config_checkout_id', '5', '0');
INSERT INTO `PREFIX_DB_setting` (`setting_id`, `store_id`, `code`, `key`, `value`, `serialized`) VALUES ('41104', '0', 'config', 'config_cart_weight', '1', '0');
INSERT INTO `PREFIX_DB_setting` (`setting_id`, `store_id`, `code`, `key`, `value`, `serialized`) VALUES ('41103', '0', 'config', 'config_invoice_prefix', 'INV-2013-00', '0');
INSERT INTO `PREFIX_DB_setting` (`setting_id`, `store_id`, `code`, `key`, `value`, `serialized`) VALUES ('41091', '0', 'config', 'config_voucher_max', '1000', '0');
INSERT INTO `PREFIX_DB_setting` (`setting_id`, `store_id`, `code`, `key`, `value`, `serialized`) VALUES ('41092', '0', 'config', 'config_tax', '0', '0');
INSERT INTO `PREFIX_DB_setting` (`setting_id`, `store_id`, `code`, `key`, `value`, `serialized`) VALUES ('41102', '0', 'config', 'config_account_id', '3', '0');
INSERT INTO `PREFIX_DB_setting` (`setting_id`, `store_id`, `code`, `key`, `value`, `serialized`) VALUES ('41101', '0', 'config', 'config_login_attempts', '5', '0');
INSERT INTO `PREFIX_DB_setting` (`setting_id`, `store_id`, `code`, `key`, `value`, `serialized`) VALUES ('41100', '0', 'config', 'config_customer_price', '0', '0');
INSERT INTO `PREFIX_DB_setting` (`setting_id`, `store_id`, `code`, `key`, `value`, `serialized`) VALUES ('41099', '0', 'config', 'config_customer_group_display', '["1"]', '1');
INSERT INTO `PREFIX_DB_setting` (`setting_id`, `store_id`, `code`, `key`, `value`, `serialized`) VALUES ('41098', '0', 'config', 'config_customer_group_id', '1', '0');
INSERT INTO `PREFIX_DB_setting` (`setting_id`, `store_id`, `code`, `key`, `value`, `serialized`) VALUES ('41097', '0', 'config', 'config_customer_search', '0', '0');
INSERT INTO `PREFIX_DB_setting` (`setting_id`, `store_id`, `code`, `key`, `value`, `serialized`) VALUES ('41096', '0', 'config', 'config_customer_activity', '0', '0');
INSERT INTO `PREFIX_DB_setting` (`setting_id`, `store_id`, `code`, `key`, `value`, `serialized`) VALUES ('41095', '0', 'config', 'config_customer_online', '0', '0');
INSERT INTO `PREFIX_DB_setting` (`setting_id`, `store_id`, `code`, `key`, `value`, `serialized`) VALUES ('41094', '0', 'config', 'config_tax_customer', 'shipping', '0');
INSERT INTO `PREFIX_DB_setting` (`setting_id`, `store_id`, `code`, `key`, `value`, `serialized`) VALUES ('41093', '0', 'config', 'config_tax_default', 'shipping', '0');
INSERT INTO `PREFIX_DB_setting` (`setting_id`, `store_id`, `code`, `key`, `value`, `serialized`) VALUES ('37589', '0', 'aridius_popupmail', 'aridius_popupmail_placeholder', '{"1":"\\u0412\\u0432\\u0435\\u0434\\u0438\\u0442\\u0435 \\u0432\\u0430\\u0448 e-mail","2":"\\u0412\\u0432\\u0435\\u0434\\u0438\\u0442\\u0435 \\u0432\\u0430\\u0448 e-mail"}', '1');
INSERT INTO `PREFIX_DB_setting` (`setting_id`, `store_id`, `code`, `key`, `value`, `serialized`) VALUES ('41425', '0', 'fractal', 'fractal_product_info_block', '{"1":"&lt;div class=&quot;product-info&quot;&gt;&lt;div class=&quot;title-product-info&quot;&gt;\\u041e\\u043f\\u043b\\u0430\\u0442\\u0430&lt;\\/div&gt;&lt;div class=&quot;text-product-info&quot;&gt;\\u041d\\u0430\\u043b\\u0438\\u0447\\u043d\\u044b\\u043c\\u0438, \\u0411\\u0435\\u0437\\u043d\\u0430\\u043b\\u0438\\u0447\\u043d\\u044b\\u043c\\u0438, \\u041a\\u0440\\u0435\\u0434\\u0438\\u0442, Visa\\/MasterCard, \\u042f\\u0434\\u0435\\u043d\\u044c\\u0433\\u0438&lt;\\/div&gt;&lt;div class=&quot;title-product-info&quot;&gt;\\u0414\\u043e\\u0441\\u0442\\u0430\\u0432\\u043a\\u0430&lt;\\/div&gt;&lt;div class=&quot;title-product-info2&quot;&gt;\\u0421\\u0430\\u043c\\u043e\\u0432\\u044b\\u0432\\u043e\\u0437&lt;\\/div&gt;&lt;div class=&quot;text-product-info&quot;&gt;\\u0412\\u044b \\u043c\\u043e\\u0436\\u0435\\u0442\\u0435 \\u0437\\u0430\\u0431\\u0440\\u0430\\u0442\\u044c \\u044d\\u0442\\u043e\\u0442 \\u0442\\u043e\\u0432\\u0430\\u0440 \\u0438\\u0437 \\u043d\\u0430\\u0448\\u0435\\u0433\\u043e \\u043c\\u0430\\u0433\\u0430\\u0437\\u0438\\u043d\\u0430 \\u0441\\u0430\\u043c\\u0438&lt;\\/div&gt;&lt;div class=&quot;title-product-info2&quot;&gt;\\u041a\\u0443\\u0440\\u044c\\u0435\\u0440&lt;\\/div&gt;&lt;div class=&quot;text-product-info&quot;&gt;\\u041c\\u044b \\u0434\\u043e\\u0441\\u0442\\u0430\\u0432\\u0438\\u043c \\u044d\\u0442\\u043e\\u0442 \\u0442\\u043e\\u0432\\u0430\\u0440 \\u043a\\u0443\\u0440\\u044c\\u0435\\u0440\\u043e\\u043c \\u0441\\u043b\\u0443\\u0436\\u0431\\u044b \\u0434\\u043e\\u0441\\u0442\\u0430\\u0432\\u043a\\u0438&lt;\\/div&gt;&lt;div class=&quot;title-product-info&quot;&gt;100% \\u0433\\u0430\\u0440\\u0430\\u043d\\u0442\\u0438\\u044f \\u0432\\u043e\\u0437\\u0432\\u0440\\u0430\\u0442\\u0430&lt;\\/div&gt;&lt;div class=&quot;text-product-info&quot;&gt;\\u0412\\u043e\\u0437\\u0432\\u0440\\u0430\\u0442 \\u0432 \\u0442\\u0435\\u0447\\u0435\\u043d\\u0438\\u0438 14 \\u0434\\u043d\\u0435\\u0439&lt;\\/div&gt;&lt;\\/div&gt;","2":"&lt;div class=&quot;product-info&quot;&gt;&lt;div class=&quot;title-product-info&quot;&gt;\\u041e\\u043f\\u043b\\u0430\\u0442\\u0430&lt;\\/div&gt;&lt;div class=&quot;text-product-info&quot;&gt;\\u041d\\u0430\\u043b\\u0438\\u0447\\u043d\\u044b\\u043c\\u0438, \\u0411\\u0435\\u0437\\u043d\\u0430\\u043b\\u0438\\u0447\\u043d\\u044b\\u043c\\u0438, \\u041a\\u0440\\u0435\\u0434\\u0438\\u0442, Visa\\/MasterCard, \\u042f\\u0434\\u0435\\u043d\\u044c\\u0433\\u0438&lt;\\/div&gt;&lt;div class=&quot;title-product-info&quot;&gt;\\u0414\\u043e\\u0441\\u0442\\u0430\\u0432\\u043a\\u0430&lt;\\/div&gt;&lt;div class=&quot;title-product-info2&quot;&gt;\\u0421\\u0430\\u043c\\u043e\\u0432\\u044b\\u0432\\u043e\\u0437&lt;\\/div&gt;&lt;div class=&quot;text-product-info&quot;&gt;\\u0412\\u044b \\u043c\\u043e\\u0436\\u0435\\u0442\\u0435 \\u0437\\u0430\\u0431\\u0440\\u0430\\u0442\\u044c \\u044d\\u0442\\u043e\\u0442 \\u0442\\u043e\\u0432\\u0430\\u0440 \\u0438\\u0437 \\u043d\\u0430\\u0448\\u0435\\u0433\\u043e \\u043c\\u0430\\u0433\\u0430\\u0437\\u0438\\u043d\\u0430 \\u0441\\u0430\\u043c\\u0438&lt;\\/div&gt;&lt;div class=&quot;title-product-info2&quot;&gt;\\u041a\\u0443\\u0440\\u044c\\u0435\\u0440&lt;\\/div&gt;&lt;div class=&quot;text-product-info&quot;&gt;\\u041c\\u044b \\u0434\\u043e\\u0441\\u0442\\u0430\\u0432\\u0438\\u043c \\u044d\\u0442\\u043e\\u0442 \\u0442\\u043e\\u0432\\u0430\\u0440 \\u043a\\u0443\\u0440\\u044c\\u0435\\u0440\\u043e\\u043c \\u0441\\u043b\\u0443\\u0436\\u0431\\u044b \\u0434\\u043e\\u0441\\u0442\\u0430\\u0432\\u043a\\u0438&lt;\\/div&gt;&lt;div class=&quot;title-product-info&quot;&gt;100% \\u0433\\u0430\\u0440\\u0430\\u043d\\u0442\\u0438\\u044f \\u0432\\u043e\\u0437\\u0432\\u0440\\u0430\\u0442\\u0430&lt;\\/div&gt;&lt;div class=&quot;text-product-info&quot;&gt;\\u0412\\u043e\\u0437\\u0432\\u0440\\u0430\\u0442 \\u0432 \\u0442\\u0435\\u0447\\u0435\\u043d\\u0438\\u0438 14 \\u0434\\u043d\\u0435\\u0439&lt;\\/div&gt;&lt;\\/div&gt;"}', '1');
INSERT INTO `PREFIX_DB_setting` (`setting_id`, `store_id`, `code`, `key`, `value`, `serialized`) VALUES ('37590', '0', 'aridius_popupmail', 'aridius_popupmail_pl', '{"1":"\\u041f\\u041e\\u0414\\u041f\\u0418\\u0421\\u0410\\u0422\\u042c\\u0421\\u042f","2":"\\u041f\\u041e\\u0414\\u041f\\u0418\\u0421\\u0410\\u0422\\u042c\\u0421\\u042f"}', '1');
INSERT INTO `PREFIX_DB_setting` (`setting_id`, `store_id`, `code`, `key`, `value`, `serialized`) VALUES ('41430', '0', 'fractal', 'fractal_ico_home', '0', '0');
INSERT INTO `PREFIX_DB_setting` (`setting_id`, `store_id`, `code`, `key`, `value`, `serialized`) VALUES ('41431', '0', 'fractal', 'fractal_ico_home_text', '1', '0');
INSERT INTO `PREFIX_DB_setting` (`setting_id`, `store_id`, `code`, `key`, `value`, `serialized`) VALUES ('41413', '0', 'fractal', 'fractal_sitemap_footer', '0', '0');
INSERT INTO `PREFIX_DB_setting` (`setting_id`, `store_id`, `code`, `key`, `value`, `serialized`) VALUES ('41414', '0', 'fractal', 'fractal_manufacturer_footer', '0', '0');
INSERT INTO `PREFIX_DB_setting` (`setting_id`, `store_id`, `code`, `key`, `value`, `serialized`) VALUES ('41415', '0', 'fractal', 'fractal_voucher_footer', '0', '0');
INSERT INTO `PREFIX_DB_setting` (`setting_id`, `store_id`, `code`, `key`, `value`, `serialized`) VALUES ('41416', '0', 'fractal', 'fractal_affiliate_footer', '0', '0');
INSERT INTO `PREFIX_DB_setting` (`setting_id`, `store_id`, `code`, `key`, `value`, `serialized`) VALUES ('41417', '0', 'fractal', 'fractal_special_footer', '0', '0');
INSERT INTO `PREFIX_DB_setting` (`setting_id`, `store_id`, `code`, `key`, `value`, `serialized`) VALUES ('41418', '0', 'fractal', 'fractal_account_footer', '0', '0');
INSERT INTO `PREFIX_DB_setting` (`setting_id`, `store_id`, `code`, `key`, `value`, `serialized`) VALUES ('41419', '0', 'fractal', 'fractal_order_footer', '0', '0');
INSERT INTO `PREFIX_DB_setting` (`setting_id`, `store_id`, `code`, `key`, `value`, `serialized`) VALUES ('41420', '0', 'fractal', 'fractal_wishlist_footer', '0', '0');
INSERT INTO `PREFIX_DB_setting` (`setting_id`, `store_id`, `code`, `key`, `value`, `serialized`) VALUES ('41421', '0', 'fractal', 'fractal_newsletter_footer', '0', '0');
INSERT INTO `PREFIX_DB_setting` (`setting_id`, `store_id`, `code`, `key`, `value`, `serialized`) VALUES ('41422', '0', 'fractal', 'fractal_top_links2', '{"1":{"faicons_top":"fa fa-odnoklassniki","link_top":"https:\\/\\/ok.ru\\/","tooltipseti":"odnoklassniki"},"2":{"faicons_top":"fa fa-vk","link_top":"https:\\/\\/vk.com","tooltipseti":"vk"},"3":{"faicons_top":"fa fa-skype","link_top":"skype.com","tooltipseti":"skype"},"4":{"faicons_top":"fa fa-odnoklassniki","link_top":"https:\\/\\/ok.ru\\/","tooltipseti":"odnoklassniki"}}', '1');
INSERT INTO `PREFIX_DB_setting` (`setting_id`, `store_id`, `code`, `key`, `value`, `serialized`) VALUES ('41423', '0', 'fractal', 'fractal_footer_pay', 'catalog/1_fractal/payment.png', '0');
INSERT INTO `PREFIX_DB_setting` (`setting_id`, `store_id`, `code`, `key`, `value`, `serialized`) VALUES ('41424', '0', 'fractal', 'fractal_description', '{"1":"&lt;p&gt;\\u0418\\u043d\\u0442\\u0435\\u0440\\u043d\\u0435\\u0442-\\u043c\\u0430\\u0433\\u0430\\u0437\\u0438\\u043d (\\u0430\\u043d\\u0433\\u043b. online shop \\u0438\\u043b\\u0438 e-shop) \\u2014 \\u0441\\u0430\\u0439\\u0442, \\u0442\\u043e\\u0440\\u0433\\u0443\\u044e\\u0449\\u0438\\u0439 \\u0442\\u043e\\u0432\\u0430\\u0440\\u0430\\u043c\\u0438 \\u043f\\u043e\\u0441\\u0440\\u0435\\u0434\\u0441\\u0442\\u0432\\u043e\\u043c \\u0441\\u0435\\u0442\\u0438 \\u0418\\u043d\\u0442\\u0435\\u0440\\u043d\\u0435\\u0442. \\u041f\\u043e\\u0437\\u0432\\u043e\\u043b\\u044f\\u0435\\u0442 \\u043f\\u043e\\u043b\\u044c\\u0437\\u043e\\u0432\\u0430\\u0442\\u0435\\u043b\\u044f\\u043c \\u043e\\u043d\\u043b\\u0430\\u0439\\u043d, \\u0432 \\u0441\\u0432\\u043e\\u0451\\u043c \\u0431\\u0440\\u0430\\u0443\\u0437\\u0435\\u0440\\u0435 \\u0438\\u043b\\u0438 \\u0447\\u0435\\u0440\\u0435\\u0437 \\u043c\\u043e\\u0431\\u0438\\u043b\\u044c\\u043d\\u043e\\u0435 \\u043f\\u0440\\u0438\\u043b\\u043e\\u0436\\u0435\\u043d\\u0438\\u0435&lt;br&gt;&lt;\\/p&gt;","2":"&lt;p&gt;\\u0418\\u043d\\u0442\\u0435\\u0440\\u043d\\u0435\\u0442-\\u043c\\u0430\\u0433\\u0430\\u0437\\u0438\\u043d (\\u0430\\u043d\\u0433\\u043b. online shop \\u0438\\u043b\\u0438 e-shop) \\u2014 \\u0441\\u0430\\u0439\\u0442, \\u0442\\u043e\\u0440\\u0433\\u0443\\u044e\\u0449\\u0438\\u0439 \\u0442\\u043e\\u0432\\u0430\\u0440\\u0430\\u043c\\u0438 \\u043f\\u043e\\u0441\\u0440\\u0435\\u0434\\u0441\\u0442\\u0432\\u043e\\u043c \\u0441\\u0435\\u0442\\u0438 \\u0418\\u043d\\u0442\\u0435\\u0440\\u043d\\u0435\\u0442. \\u041f\\u043e\\u0437\\u0432\\u043e\\u043b\\u044f\\u0435\\u0442 \\u043f\\u043e\\u043b\\u044c\\u0437\\u043e\\u0432\\u0430\\u0442\\u0435\\u043b\\u044f\\u043c \\u043e\\u043d\\u043b\\u0430\\u0439\\u043d, \\u0432 \\u0441\\u0432\\u043e\\u0451\\u043c \\u0431\\u0440\\u0430\\u0443\\u0437\\u0435\\u0440\\u0435 \\u0438\\u043b\\u0438 \\u0447\\u0435\\u0440\\u0435\\u0437 \\u043c\\u043e\\u0431\\u0438\\u043b\\u044c\\u043d\\u043e\\u0435 \\u043f\\u0440\\u0438\\u043b\\u043e\\u0436\\u0435\\u043d\\u0438\\u0435&lt;br&gt;&lt;\\/p&gt;"}', '1');
INSERT INTO `PREFIX_DB_setting` (`setting_id`, `store_id`, `code`, `key`, `value`, `serialized`) VALUES ('41129', '0', 'config', 'config_ftp_root', '', '0');
INSERT INTO `PREFIX_DB_setting` (`setting_id`, `store_id`, `code`, `key`, `value`, `serialized`) VALUES ('41429', '0', 'fractal', 'fractal_sticky_menu', '0', '0');
INSERT INTO `PREFIX_DB_setting` (`setting_id`, `store_id`, `code`, `key`, `value`, `serialized`) VALUES ('41428', '0', 'fractal', 'fractal_license_text', '{"1":"\\u0420\\u0430\\u0431\\u043e\\u0442\\u0430\\u0435\\u0442 \\u043d\\u0430 &lt;a href=\'http:\\/\\/myopencart.com\\/\' target=\'_blank\'&gt;ocStore&lt;\\/a&gt; Fractal \\u00a9 2016","2":"\\u0420\\u0430\\u0431\\u043e\\u0442\\u0430\\u0435\\u0442 \\u043d\\u0430 &lt;a href=\'http:\\/\\/myopencart.com\\/\' target=\'_blank\'&gt;ocStore&lt;\\/a&gt; Fractal \\u00a9 2016"}', '1');
INSERT INTO `PREFIX_DB_setting` (`setting_id`, `store_id`, `code`, `key`, `value`, `serialized`) VALUES ('41426', '0', 'fractal', 'fractal_product_show_infoblock', '0', '0');
INSERT INTO `PREFIX_DB_setting` (`setting_id`, `store_id`, `code`, `key`, `value`, `serialized`) VALUES ('41427', '0', 'fractal', 'fractal_description_map_logo', '{"1":"&lt;p&gt;\\u0442\\u0440\\u0430\\u043c\\u0432\\u0430\\u0435\\u043c 1,5,12&lt;\\/p&gt;&lt;p&gt;\\u0430\\u0432\\u0442\\u043e\\u0431\\u0443\\u0441\\u043e\\u043c 32, 11&lt;br&gt;&lt;\\/p&gt;","2":"&lt;p&gt;\\u0442\\u0440\\u0430\\u043c\\u0432\\u0430\\u0435\\u043c 1,5,12&lt;\\/p&gt;&lt;p&gt;\\u0430\\u0432\\u0442\\u043e\\u0431\\u0443\\u0441\\u043e\\u043c 32, 11&lt;br&gt;&lt;\\/p&gt;"}', '1');
INSERT INTO `PREFIX_DB_setting` (`setting_id`, `store_id`, `code`, `key`, `value`, `serialized`) VALUES ('41412', '0', 'fractal', 'fractal_return_footer', '0', '0');
INSERT INTO `PREFIX_DB_setting` (`setting_id`, `store_id`, `code`, `key`, `value`, `serialized`) VALUES ('41408', '0', 'fractal', 'fractal_mail_footer', '{"1":"fractal@gmail.com","2":"fractal@gmail.com"}', '1');
INSERT INTO `PREFIX_DB_setting` (`setting_id`, `store_id`, `code`, `key`, `value`, `serialized`) VALUES ('41411', '0', 'fractal', 'fractal_contact_footer', '0', '0');
INSERT INTO `PREFIX_DB_setting` (`setting_id`, `store_id`, `code`, `key`, `value`, `serialized`) VALUES ('36505', '0', 'aridius_popupsize', 'aridius_popupsize_status', '1', '0');
INSERT INTO `PREFIX_DB_setting` (`setting_id`, `store_id`, `code`, `key`, `value`, `serialized`) VALUES ('41127', '0', 'config', 'config_ftp_username', '', '0');
INSERT INTO `PREFIX_DB_setting` (`setting_id`, `store_id`, `code`, `key`, `value`, `serialized`) VALUES ('41128', '0', 'config', 'config_ftp_password', '', '0');
INSERT INTO `PREFIX_DB_setting` (`setting_id`, `store_id`, `code`, `key`, `value`, `serialized`) VALUES ('41090', '0', 'config', 'config_voucher_min', '1', '0');
INSERT INTO `PREFIX_DB_setting` (`setting_id`, `store_id`, `code`, `key`, `value`, `serialized`) VALUES ('41089', '0', 'config', 'config_review_guest', '1', '0');
INSERT INTO `PREFIX_DB_setting` (`setting_id`, `store_id`, `code`, `key`, `value`, `serialized`) VALUES ('41088', '0', 'config', 'config_review_status', '1', '0');
INSERT INTO `PREFIX_DB_setting` (`setting_id`, `store_id`, `code`, `key`, `value`, `serialized`) VALUES ('41087', '0', 'config', 'config_product_mpn_hide', '0', '0');
INSERT INTO `PREFIX_DB_setting` (`setting_id`, `store_id`, `code`, `key`, `value`, `serialized`) VALUES ('41086', '0', 'config', 'config_product_isbn_hide', '0', '0');
INSERT INTO `PREFIX_DB_setting` (`setting_id`, `store_id`, `code`, `key`, `value`, `serialized`) VALUES ('41085', '0', 'config', 'config_product_jan_hide', '0', '0');
INSERT INTO `PREFIX_DB_setting` (`setting_id`, `store_id`, `code`, `key`, `value`, `serialized`) VALUES ('41084', '0', 'config', 'config_product_ean_hide', '0', '0');
INSERT INTO `PREFIX_DB_setting` (`setting_id`, `store_id`, `code`, `key`, `value`, `serialized`) VALUES ('41083', '0', 'config', 'config_product_upc_hide', '0', '0');
INSERT INTO `PREFIX_DB_setting` (`setting_id`, `store_id`, `code`, `key`, `value`, `serialized`) VALUES ('41082', '0', 'config', 'config_limit_admin', '10', '0');
INSERT INTO `PREFIX_DB_setting` (`setting_id`, `store_id`, `code`, `key`, `value`, `serialized`) VALUES ('41081', '0', 'config', 'config_product_count', '0', '0');
INSERT INTO `PREFIX_DB_setting` (`setting_id`, `store_id`, `code`, `key`, `value`, `serialized`) VALUES ('41080', '0', 'config', 'config_weight_class_id', '1', '0');
INSERT INTO `PREFIX_DB_setting` (`setting_id`, `store_id`, `code`, `key`, `value`, `serialized`) VALUES ('41079', '0', 'config', 'config_length_class_id', '1', '0');
INSERT INTO `PREFIX_DB_setting` (`setting_id`, `store_id`, `code`, `key`, `value`, `serialized`) VALUES ('41078', '0', 'config', 'config_currency_auto', '1', '0');
INSERT INTO `PREFIX_DB_setting` (`setting_id`, `store_id`, `code`, `key`, `value`, `serialized`) VALUES ('41077', '0', 'config', 'config_autocalc_not_mul_qty', '0', '0');
INSERT INTO `PREFIX_DB_setting` (`setting_id`, `store_id`, `code`, `key`, `value`, `serialized`) VALUES ('41062', '0', 'config', 'config_langdata', '{"1":{"meta_title":"Fractal","meta_description":"Fractal","meta_keyword":"Fractal","name":"Fractal","owner":"mrz","address":"\\u0410\\u0434\\u0440\\u0435\\u0441","open":"\\u0441 10\\u0447 \\u0434\\u043e 18\\u0447\\u043e\\u0431\\u0435\\u0434 \\u0441 14\\u0447 \\u0434\\u043e 15\\u0447\\u0432\\u043e\\u0441\\u043a\\u0440\\u0435\\u0441\\u0435\\u043d\\u044c\\u0435 - \\u0432\\u044b\\u0445\\u043e\\u0434\\u043d\\u043e\\u0439","comment":""},"2":{"meta_title":"Fractal","meta_description":"Fractal","meta_keyword":"Fractal","name":"Fractal","owner":"mrz","address":"Address 1","open":"","comment":""}}', '1');
INSERT INTO `PREFIX_DB_setting` (`setting_id`, `store_id`, `code`, `key`, `value`, `serialized`) VALUES ('41076', '0', 'config', 'config_autocalc_option_special', '0', '0');
INSERT INTO `PREFIX_DB_setting` (`setting_id`, `store_id`, `code`, `key`, `value`, `serialized`) VALUES ('41075', '0', 'config', 'config_currency2', '', '0');
INSERT INTO `PREFIX_DB_setting` (`setting_id`, `store_id`, `code`, `key`, `value`, `serialized`) VALUES ('41074', '0', 'config', 'config_currency', 'RUB', '0');
INSERT INTO `PREFIX_DB_setting` (`setting_id`, `store_id`, `code`, `key`, `value`, `serialized`) VALUES ('41073', '0', 'config', 'config_admin_language', 'ru-ru', '0');
INSERT INTO `PREFIX_DB_setting` (`setting_id`, `store_id`, `code`, `key`, `value`, `serialized`) VALUES ('41072', '0', 'config', 'config_language', 'ru-ru', '0');
INSERT INTO `PREFIX_DB_setting` (`setting_id`, `store_id`, `code`, `key`, `value`, `serialized`) VALUES ('41071', '0', 'config', 'config_zone_id', '2785', '0');
INSERT INTO `PREFIX_DB_setting` (`setting_id`, `store_id`, `code`, `key`, `value`, `serialized`) VALUES ('41070', '0', 'config', 'config_country_id', '176', '0');
INSERT INTO `PREFIX_DB_setting` (`setting_id`, `store_id`, `code`, `key`, `value`, `serialized`) VALUES ('41069', '0', 'config', 'config_image', '', '0');
INSERT INTO `PREFIX_DB_setting` (`setting_id`, `store_id`, `code`, `key`, `value`, `serialized`) VALUES ('41068', '0', 'config', 'config_fax', '', '0');
INSERT INTO `PREFIX_DB_setting` (`setting_id`, `store_id`, `code`, `key`, `value`, `serialized`) VALUES ('41067', '0', 'config', 'config_telephone', '123456789', '0');
INSERT INTO `PREFIX_DB_setting` (`setting_id`, `store_id`, `code`, `key`, `value`, `serialized`) VALUES ('41066', '0', 'config', 'config_email', 'test@bk.ru', '0');
INSERT INTO `PREFIX_DB_setting` (`setting_id`, `store_id`, `code`, `key`, `value`, `serialized`) VALUES ('41063', '0', 'config', 'config_theme', 'fractal', '0');
INSERT INTO `PREFIX_DB_setting` (`setting_id`, `store_id`, `code`, `key`, `value`, `serialized`) VALUES ('41064', '0', 'config', 'config_layout_id', '4', '0');
INSERT INTO `PREFIX_DB_setting` (`setting_id`, `store_id`, `code`, `key`, `value`, `serialized`) VALUES ('41065', '0', 'config', 'config_geocode', '54.718681,20.499113', '0');
INSERT INTO `PREFIX_DB_setting` (`setting_id`, `store_id`, `code`, `key`, `value`, `serialized`) VALUES ('41409', '0', 'fractal', 'fractal_addres_footer', '{"1":"\\u0433. \\u041c\\u043e\\u0441\\u043a\\u0432\\u0430 \\u0443\\u043b. \\u0410\\u0437\\u043e\\u0432\\u0441\\u043a\\u0430\\u044f, 25","2":"Russian Federation"}', '1');
INSERT INTO `PREFIX_DB_setting` (`setting_id`, `store_id`, `code`, `key`, `value`, `serialized`) VALUES ('41410', '0', 'fractal', 'fractal_time_footer', '{"1":"10 - 22","2":"10 - 22"}', '1');
INSERT INTO `PREFIX_DB_setting` (`setting_id`, `store_id`, `code`, `key`, `value`, `serialized`) VALUES ('41407', '0', 'fractal', 'fractal_skype_footer', '{"1":"fractal","2":"fractal"}', '1');
INSERT INTO `PREFIX_DB_setting` (`setting_id`, `store_id`, `code`, `key`, `value`, `serialized`) VALUES ('41406', '0', 'fractal', 'fractal_telephone2_footer', '{"1":"+7(495)66-555-65","2":"+2(495)66-555-65"}', '1');
INSERT INTO `PREFIX_DB_setting` (`setting_id`, `store_id`, `code`, `key`, `value`, `serialized`) VALUES ('41405', '0', 'fractal', 'fractal_telephone1_footer', '{"1":"+7(495)66-555-55","2":"+2(495)66-555-55"}', '1');
INSERT INTO `PREFIX_DB_setting` (`setting_id`, `store_id`, `code`, `key`, `value`, `serialized`) VALUES ('41404', '0', 'fractal', 'fractal_telephone_footer', '{"1":"+7(495)66-555-45","2":"+2(495)66-555-45"}', '1');
INSERT INTO `PREFIX_DB_setting` (`setting_id`, `store_id`, `code`, `key`, `value`, `serialized`) VALUES ('41403', '0', 'fractal', 'fractal_latitude_fluid_map', '{"1":"59.9324357","2":"59.9324357"}', '1');
INSERT INTO `PREFIX_DB_setting` (`setting_id`, `store_id`, `code`, `key`, `value`, `serialized`) VALUES ('41401', '0', 'fractal', 'fractal_show_info_marker_block', '0', '0');
INSERT INTO `PREFIX_DB_setting` (`setting_id`, `store_id`, `code`, `key`, `value`, `serialized`) VALUES ('41402', '0', 'fractal', 'fractal_longitude_fluid_map', '{"1":"30.3518969","2":"30.3518969"}', '1');
INSERT INTO `PREFIX_DB_setting` (`setting_id`, `store_id`, `code`, `key`, `value`, `serialized`) VALUES ('41400', '0', 'fractal', 'fractal_show_contactblock', '0', '0');
INSERT INTO `PREFIX_DB_setting` (`setting_id`, `store_id`, `code`, `key`, `value`, `serialized`) VALUES ('41398', '0', 'fractal', 'fractal_show_fluid_map_footer', '0', '0');
INSERT INTO `PREFIX_DB_setting` (`setting_id`, `store_id`, `code`, `key`, `value`, `serialized`) VALUES ('41399', '0', 'fractal', 'fractal_fluid_map_zoom', '14', '0');
INSERT INTO `PREFIX_DB_setting` (`setting_id`, `store_id`, `code`, `key`, `value`, `serialized`) VALUES ('41397', '0', 'fractal', 'fractal_footer_imgico', 'catalog/1_fractal/marker2.png', '0');
INSERT INTO `PREFIX_DB_setting` (`setting_id`, `store_id`, `code`, `key`, `value`, `serialized`) VALUES ('41395', '0', 'fractal', 'fractal_top_links5', '{"1":{"title":{"1":"fractal","2":"fractal"},"faicons_top":"fa fa-skype"}}', '1');
INSERT INTO `PREFIX_DB_setting` (`setting_id`, `store_id`, `code`, `key`, `value`, `serialized`) VALUES ('41394', '0', 'fractal', 'fractal_top_links3', '{"1":{"title":{"1":"+7(495)66-555-45","2":"+5(495)66-555-45"},"faicons_top":"fa fa-phone"}}', '1');
INSERT INTO `PREFIX_DB_setting` (`setting_id`, `store_id`, `code`, `key`, `value`, `serialized`) VALUES ('41393', '0', 'fractal', 'fractal_mail_header', '{"1":"fractal@gmail.com","2":"fractal@gmail.com"}', '1');
INSERT INTO `PREFIX_DB_setting` (`setting_id`, `store_id`, `code`, `key`, `value`, `serialized`) VALUES ('41387', '0', 'fractal', 'fractal_compare_top', '0', '0');
INSERT INTO `PREFIX_DB_setting` (`setting_id`, `store_id`, `code`, `key`, `value`, `serialized`) VALUES ('41388', '0', 'fractal', 'fractal_cart_top', '1', '0');
INSERT INTO `PREFIX_DB_setting` (`setting_id`, `store_id`, `code`, `key`, `value`, `serialized`) VALUES ('41389', '0', 'fractal', 'fractal_checkout_top', '1', '0');
INSERT INTO `PREFIX_DB_setting` (`setting_id`, `store_id`, `code`, `key`, `value`, `serialized`) VALUES ('41390', '0', 'fractal', 'fractal_calltop', '0', '0');
INSERT INTO `PREFIX_DB_setting` (`setting_id`, `store_id`, `code`, `key`, `value`, `serialized`) VALUES ('41391', '0', 'fractal', 'fractal_top_links6', '{"1":{"title":{"1":"FAQ","2":"FAQ"},"faicons_top":"fa fa-cog","link_top":{"1":"Faq","2":"Faq"}}}', '1');
INSERT INTO `PREFIX_DB_setting` (`setting_id`, `store_id`, `code`, `key`, `value`, `serialized`) VALUES ('41392', '0', 'fractal', 'fractal_telephone_mainheader', '{"1":"+7(495)66-555-55","2":"+5(495)66-555-55"}', '1');
INSERT INTO `PREFIX_DB_setting` (`setting_id`, `store_id`, `code`, `key`, `value`, `serialized`) VALUES ('41386', '0', 'fractal', 'fractal_wishlist_top', '0', '0');
INSERT INTO `PREFIX_DB_setting` (`setting_id`, `store_id`, `code`, `key`, `value`, `serialized`) VALUES ('41385', '0', 'fractal', 'fractal_download_top', '0', '0');
INSERT INTO `PREFIX_DB_setting` (`setting_id`, `store_id`, `code`, `key`, `value`, `serialized`) VALUES ('41384', '0', 'fractal', 'fractal_transaction_top', '0', '0');
INSERT INTO `PREFIX_DB_setting` (`setting_id`, `store_id`, `code`, `key`, `value`, `serialized`) VALUES ('41383', '0', 'fractal', 'fractal_order_top', '0', '0');
INSERT INTO `PREFIX_DB_setting` (`setting_id`, `store_id`, `code`, `key`, `value`, `serialized`) VALUES ('41382', '0', 'fractal', 'fractal_account_top', '0', '0');
INSERT INTO `PREFIX_DB_setting` (`setting_id`, `store_id`, `code`, `key`, `value`, `serialized`) VALUES ('41381', '0', 'fractal', 'fractal_image_location_height', '50', '0');
INSERT INTO `PREFIX_DB_setting` (`setting_id`, `store_id`, `code`, `key`, `value`, `serialized`) VALUES ('41380', '0', 'fractal', 'fractal_image_location_width', '268', '0');
INSERT INTO `PREFIX_DB_setting` (`setting_id`, `store_id`, `code`, `key`, `value`, `serialized`) VALUES ('41379', '0', 'fractal', 'fractal_image_cart_height', '47', '0');
INSERT INTO `PREFIX_DB_setting` (`setting_id`, `store_id`, `code`, `key`, `value`, `serialized`) VALUES ('41378', '0', 'fractal', 'fractal_image_cart_width', '47', '0');
INSERT INTO `PREFIX_DB_setting` (`setting_id`, `store_id`, `code`, `key`, `value`, `serialized`) VALUES ('41377', '0', 'fractal', 'fractal_image_wishlist_height', '47', '0');
INSERT INTO `PREFIX_DB_setting` (`setting_id`, `store_id`, `code`, `key`, `value`, `serialized`) VALUES ('41376', '0', 'fractal', 'fractal_image_wishlist_width', '47', '0');
INSERT INTO `PREFIX_DB_setting` (`setting_id`, `store_id`, `code`, `key`, `value`, `serialized`) VALUES ('41375', '0', 'fractal', 'fractal_image_compare_height', '90', '0');
INSERT INTO `PREFIX_DB_setting` (`setting_id`, `store_id`, `code`, `key`, `value`, `serialized`) VALUES ('41374', '0', 'fractal', 'fractal_image_compare_width', '90', '0');
INSERT INTO `PREFIX_DB_setting` (`setting_id`, `store_id`, `code`, `key`, `value`, `serialized`) VALUES ('41373', '0', 'fractal', 'fractal_image_related_height', '170', '0');
INSERT INTO `PREFIX_DB_setting` (`setting_id`, `store_id`, `code`, `key`, `value`, `serialized`) VALUES ('41372', '0', 'fractal', 'fractal_image_related_width', '200', '0');
INSERT INTO `PREFIX_DB_setting` (`setting_id`, `store_id`, `code`, `key`, `value`, `serialized`) VALUES ('41371', '0', 'fractal', 'fractal_image_additional_height', '47', '0');
INSERT INTO `PREFIX_DB_setting` (`setting_id`, `store_id`, `code`, `key`, `value`, `serialized`) VALUES ('41370', '0', 'fractal', 'fractal_image_additional_width', '47', '0');
INSERT INTO `PREFIX_DB_setting` (`setting_id`, `store_id`, `code`, `key`, `value`, `serialized`) VALUES ('41368', '0', 'fractal', 'fractal_image_product_width', '200', '0');
INSERT INTO `PREFIX_DB_setting` (`setting_id`, `store_id`, `code`, `key`, `value`, `serialized`) VALUES ('41369', '0', 'fractal', 'fractal_image_product_height', '170', '0');
INSERT INTO `PREFIX_DB_setting` (`setting_id`, `store_id`, `code`, `key`, `value`, `serialized`) VALUES ('41367', '0', 'fractal', 'fractal_image_popup_height', '500', '0');
INSERT INTO `PREFIX_DB_setting` (`setting_id`, `store_id`, `code`, `key`, `value`, `serialized`) VALUES ('41366', '0', 'fractal', 'fractal_image_popup_width', '500', '0');
INSERT INTO `PREFIX_DB_setting` (`setting_id`, `store_id`, `code`, `key`, `value`, `serialized`) VALUES ('41365', '0', 'fractal', 'fractal_image_thumb_height', '350', '0');
INSERT INTO `PREFIX_DB_setting` (`setting_id`, `store_id`, `code`, `key`, `value`, `serialized`) VALUES ('41364', '0', 'fractal', 'fractal_image_thumb_width', '400', '0');
INSERT INTO `PREFIX_DB_setting` (`setting_id`, `store_id`, `code`, `key`, `value`, `serialized`) VALUES ('41363', '0', 'fractal', 'fractal_image_category_height', '160', '0');
INSERT INTO `PREFIX_DB_setting` (`setting_id`, `store_id`, `code`, `key`, `value`, `serialized`) VALUES ('41362', '0', 'fractal', 'fractal_image_category_width', '160', '0');
INSERT INTO `PREFIX_DB_setting` (`setting_id`, `store_id`, `code`, `key`, `value`, `serialized`) VALUES ('41361', '0', 'fractal', 'fractal_product_description_length', '191', '0');
INSERT INTO `PREFIX_DB_setting` (`setting_id`, `store_id`, `code`, `key`, `value`, `serialized`) VALUES ('41360', '0', 'fractal', 'fractal_product_limit', '11', '0');
INSERT INTO `PREFIX_DB_setting` (`setting_id`, `store_id`, `code`, `key`, `value`, `serialized`) VALUES ('41359', '0', 'fractal', 'fractal_status', '1', '0');
INSERT INTO `PREFIX_DB_setting` (`setting_id`, `store_id`, `code`, `key`, `value`, `serialized`) VALUES ('41358', '0', 'fractal', 'fractal_directory', 'fractal', '0');
INSERT INTO `PREFIX_DB_setting` (`setting_id`, `store_id`, `code`, `key`, `value`, `serialized`) VALUES ('175', '0', 'configblog', 'configblog_review_guest', '1', '0');
INSERT INTO `PREFIX_DB_setting` (`setting_id`, `store_id`, `code`, `key`, `value`, `serialized`) VALUES ('176', '0', 'configblog', 'configblog_review_mail', '1', '0');
INSERT INTO `PREFIX_DB_setting` (`setting_id`, `store_id`, `code`, `key`, `value`, `serialized`) VALUES ('177', '0', 'configblog', 'configblog_article_download', '1', '0');
INSERT INTO `PREFIX_DB_setting` (`setting_id`, `store_id`, `code`, `key`, `value`, `serialized`) VALUES ('178', '0', 'configblog', 'configblog_review_status', '1', '0');
INSERT INTO `PREFIX_DB_setting` (`setting_id`, `store_id`, `code`, `key`, `value`, `serialized`) VALUES ('179', '0', 'configblog', 'configblog_article_limit', '20', '0');
INSERT INTO `PREFIX_DB_setting` (`setting_id`, `store_id`, `code`, `key`, `value`, `serialized`) VALUES ('180', '0', 'configblog', 'configblog_article_description_length', '200', '0');
INSERT INTO `PREFIX_DB_setting` (`setting_id`, `store_id`, `code`, `key`, `value`, `serialized`) VALUES ('181', '0', 'configblog', 'configblog_limit_admin', '20', '0');
INSERT INTO `PREFIX_DB_setting` (`setting_id`, `store_id`, `code`, `key`, `value`, `serialized`) VALUES ('182', '0', 'configblog', 'configblog_blog_menu', '1', '0');
INSERT INTO `PREFIX_DB_setting` (`setting_id`, `store_id`, `code`, `key`, `value`, `serialized`) VALUES ('183', '0', 'configblog', 'configblog_article_count', '1', '0');
INSERT INTO `PREFIX_DB_setting` (`setting_id`, `store_id`, `code`, `key`, `value`, `serialized`) VALUES ('184', '0', 'configblog', 'configblog_meta_keyword', 'блог, blog, opencart blog, опенкарт блог', '0');
INSERT INTO `PREFIX_DB_setting` (`setting_id`, `store_id`, `code`, `key`, `value`, `serialized`) VALUES ('185', '0', 'configblog', 'configblog_meta_description', 'Используя блог для Опенкарт вы можете донести информацию клиентам и повысить ранжирование в поисковых системах', '0');
INSERT INTO `PREFIX_DB_setting` (`setting_id`, `store_id`, `code`, `key`, `value`, `serialized`) VALUES ('186', '0', 'configblog', 'configblog_meta_title', 'Встроенный блог для магазина на Опенкарт', '0');
INSERT INTO `PREFIX_DB_setting` (`setting_id`, `store_id`, `code`, `key`, `value`, `serialized`) VALUES ('187', '0', 'configblog', 'configblog_html_h1', 'Блог для магазина на Опенкарт', '0');
INSERT INTO `PREFIX_DB_setting` (`setting_id`, `store_id`, `code`, `key`, `value`, `serialized`) VALUES ('188', '0', 'configblog', 'configblog_name', 'Блог', '0');
INSERT INTO `PREFIX_DB_setting` (`setting_id`, `store_id`, `code`, `key`, `value`, `serialized`) VALUES ('189', '0', 'configblog', 'configblog_image_category_width', '50', '0');
INSERT INTO `PREFIX_DB_setting` (`setting_id`, `store_id`, `code`, `key`, `value`, `serialized`) VALUES ('190', '0', 'configblog', 'configblog_image_category_height', '50', '0');
INSERT INTO `PREFIX_DB_setting` (`setting_id`, `store_id`, `code`, `key`, `value`, `serialized`) VALUES ('191', '0', 'configblog', 'configblog_image_article_width', '150', '0');
INSERT INTO `PREFIX_DB_setting` (`setting_id`, `store_id`, `code`, `key`, `value`, `serialized`) VALUES ('192', '0', 'configblog', 'configblog_image_article_height', '200', '0');
INSERT INTO `PREFIX_DB_setting` (`setting_id`, `store_id`, `code`, `key`, `value`, `serialized`) VALUES ('193', '0', 'configblog', 'configblog_image_related_width', '200', '0');
INSERT INTO `PREFIX_DB_setting` (`setting_id`, `store_id`, `code`, `key`, `value`, `serialized`) VALUES ('194', '0', 'configblog', 'configblog_image_related_height', '200', '0');
INSERT INTO `PREFIX_DB_setting` (`setting_id`, `store_id`, `code`, `key`, `value`, `serialized`) VALUES ('195', '0', 'blog_category', 'blog_category_status', '1', '0');
INSERT INTO `PREFIX_DB_setting` (`setting_id`, `store_id`, `code`, `key`, `value`, `serialized`) VALUES ('196', '0', 'configcustommenu', 'configcustommenu_custommenu', '0', '0');
INSERT INTO `PREFIX_DB_setting` (`setting_id`, `store_id`, `code`, `key`, `value`, `serialized`) VALUES ('197', '0', 'manufacturer', 'manufacturer_status', '1', '0');
INSERT INTO `PREFIX_DB_setting` (`setting_id`, `store_id`, `code`, `key`, `value`, `serialized`) VALUES ('41590', '0', 'aridius_letters', 'aridius_lettersdes_status', '0', '0');
INSERT INTO `PREFIX_DB_setting` (`setting_id`, `store_id`, `code`, `key`, `value`, `serialized`) VALUES ('41591', '0', 'aridius_letters', 'aridius_letters_description', '{"1":"&lt;span class=&quot;person_data&quot;&gt;\\u041d\\u0430\\u0436\\u0438\\u043c\\u0430\\u044f \\u043d\\u0430 \\u043a\\u043d\\u043e\\u043f\\u043a\\u0443 \\u00ab\\u041f\\u043e\\u0434\\u043f\\u0438\\u0441\\u0430\\u0442\\u044c\\u0441\\u044f\\u00bb, \\u044f \\u0434\\u0430\\u044e c\\u043e\\u0433\\u043b\\u0430\\u0441\\u0438\\u0435 \\u043d\\u0430 &lt;a href=&quot;person_danie&quot; target=&quot;_blank&quot;&gt;\\u043e\\u0431\\u0440\\u0430\\u0431\\u043e\\u0442\\u043a\\u0443 \\u043f\\u0435\\u0440\\u0441\\u043e\\u043d\\u0430\\u043b\\u044c\\u043d\\u044b\\u0445 \\u0434\\u0430\\u043d\\u043d\\u044b\\u0445.&lt;\\/a&gt;&lt;\\/span&gt;","2":""}', '1');
INSERT INTO `PREFIX_DB_setting` (`setting_id`, `store_id`, `code`, `key`, `value`, `serialized`) VALUES ('41599', '0', 'aridius_popupmail', 'aridius_popupmaildes_status', '0', '0');
INSERT INTO `PREFIX_DB_setting` (`setting_id`, `store_id`, `code`, `key`, `value`, `serialized`) VALUES ('41598', '0', 'aridius_popupmail', 'aridius_popupmail_description', '{"1":"&lt;span class=&quot;person_data2&quot;&gt;\\u041d\\u0430\\u0436\\u0438\\u043c\\u0430\\u044f \\u043d\\u0430 \\u043a\\u043d\\u043e\\u043f\\u043a\\u0443 \\u00ab\\u041f\\u043e\\u0434\\u043f\\u0438\\u0441\\u0430\\u0442\\u044c\\u0441\\u044f\\u00bb, \\u044f \\u0434\\u0430\\u044e c\\u043e\\u0433\\u043b\\u0430\\u0441\\u0438\\u0435 \\u043d\\u0430 &lt;a href=&quot;person_danie&quot; target=&quot;_blank&quot;&gt;\\u043e\\u0431\\u0440\\u0430\\u0431\\u043e\\u0442\\u043a\\u0443 \\u043f\\u0435\\u0440\\u0441\\u043e\\u043d\\u0430\\u043b\\u044c\\u043d\\u044b\\u0445 \\u0434\\u0430\\u043d\\u043d\\u044b\\u0445.&lt;\\/a&gt;&lt;\\/span&gt;","2":""}', '1');

TRUNCATE TABLE `PREFIX_DB_review`;

INSERT INTO `PREFIX_DB_review` (`review_id`, `product_id`, `customer_id`, `author`, `text`, `rating`, `status`, `date_added`, `date_modified`) VALUES ('8', '29', '0', 'Елена', 'Когда купила эти сапоги радости не было предела/ Удобные, комфортные, теплые. А сейчас одно разочарование. Хоть плачь. Выпал снег и угги покрылись пятнами. Начали промокать. Не спасала даже супер навороченная защита от промокания. Ноги после прогулки окрасились в синий цвет. После просушки на сапогах все равно остались пятна. Чтобы хоть како выровнять цвет, я протерла сапоги увлажненной водой губкой полностью. Губка стала синей (и это без нажима и усилий), а сапоги после просушки стали цвета джинсов, которые подвергали сотне стирок. Печально и обидно. &quot;Австралийские&quot; угги оказались подделкой. И вдвойне обидно, что не дешевой.', '5', '1', '2016-09-03 10:42:12', '2016-09-03 10:45:40');
INSERT INTO `PREFIX_DB_review` (`review_id`, `product_id`, `customer_id`, `author`, `text`, `rating`, `status`, `date_added`, `date_modified`) VALUES ('3', '48', '0', 'Артем', 'Серёжки в диаметре миллиметров 7-8. на ребёнка 1.5 годика в самый раз. красивые, компактные. застежка лучше чем обыкновенная английская, не давит когда ребёнок спит. носим не снимая. возможно через пару лет будут маловаты.', '5', '1', '2016-09-03 10:38:42', '2016-09-03 10:46:02');
INSERT INTO `PREFIX_DB_review` (`review_id`, `product_id`, `customer_id`, `author`, `text`, `rating`, `status`, `date_added`, `date_modified`) VALUES ('4', '43', '0', 'Николай', 'Крутезная модель часов от TIMEX. В реальности выглядят ещё лучше чем картинке, качество сборки отличное, ремешок из натуральной кожи очень приятен на ощупь, ну а фирменная ненавязчивая подсветка INDIGLO добивает окончательно - незаменимая вещь в темноте. Кстати, Timex - лидер продаж часовых механизмов в США. Сегодня получил доставку, очень доволен', '3', '1', '2016-09-03 10:39:07', '2016-09-04 12:39:15');
INSERT INTO `PREFIX_DB_review` (`review_id`, `product_id`, `customer_id`, `author`, `text`, `rating`, `status`, `date_added`, `date_modified`) VALUES ('5', '28', '0', 'Никита', 'С размером все хорошо, совпадает и по ширине, проблема в подьеме, если он высокий, то вот эта липучка дотягивается только на половину, можно взять на размер больше конечно, но только ради длины хлястика этого...не думаю. А так все хорошо, проблема больше в ногах чем в обуви)', '5', '1', '2016-09-03 10:40:12', '2016-09-03 10:45:54');
INSERT INTO `PREFIX_DB_review` (`review_id`, `product_id`, `customer_id`, `author`, `text`, `rating`, `status`, `date_added`, `date_modified`) VALUES ('6', '41', '0', 'Юлия', 'Спасибо огромное за сумочки! Заказываю уже не первый год и все всегда на отлично! Очень благодарна Леночке за ответственность и индивидуальный подход к каждому клиенту! Кожаные сумки за приемлемую цену отличного качества!!!\r\nБольшое спасибо магазину за доступные цены, быструю доставку и доброжелательное отношение к покупателям! ', '5', '1', '2016-09-03 10:40:37', '2016-09-03 10:45:47');
INSERT INTO `PREFIX_DB_review` (`review_id`, `product_id`, `customer_id`, `author`, `text`, `rating`, `status`, `date_added`, `date_modified`) VALUES ('7', '34', '0', 'Марина', 'Я большой фанат обуви, можно даже сказать коллекционер, т.к. туфли и сапоги у меня есть абсолютно разных фасонов и цветов. Естественно, покупать все дорогие модели я не могу, поэтому есть и такие пары, как из магазина', '3', '1', '2016-09-03 10:41:01', '2016-09-04 12:38:59');
INSERT INTO `PREFIX_DB_review` (`review_id`, `product_id`, `customer_id`, `author`, `text`, `rating`, `status`, `date_added`, `date_modified`) VALUES ('9', '36', '0', 'Сергей', 'Купив один раз очки Polaroid, Вы совершенно по-другому начнёте смотреть на мир!!!!! И в этом отзыве я расскажу почему. Обязательно, просто необходимо, иметь хотя бы одни очки в своем арсенале с поляризацией. Да и на самом деле - этого достаточно. ', '5', '1', '2016-09-03 10:42:49', '2016-09-03 10:44:27');
INSERT INTO `PREFIX_DB_review` (`review_id`, `product_id`, `customer_id`, `author`, `text`, `rating`, `status`, `date_added`, `date_modified`) VALUES ('11', '42', '0', 'cmsrdghjvkbln', 'hmgukjb.ln;m\'U?Oi.gluf,ymdthnfgdbfvsdgfhcngjh', '5', '0', '2016-09-26 14:42:19', '0000-00-00 00:00:00');
INSERT INTO `PREFIX_DB_review` (`review_id`, `product_id`, `customer_id`, `author`, `text`, `rating`, `status`, `date_added`, `date_modified`) VALUES ('12', '30', '0', 'ыаыаыа', 'ыаааааааааааааааааааааааааааааааааааааааааааааааааааааааааыыыыыыыыыы', '5', '0', '2016-11-02 15:36:55', '0000-00-00 00:00:00');
INSERT INTO `PREFIX_DB_review` (`review_id`, `product_id`, `customer_id`, `author`, `text`, `rating`, `status`, `date_added`, `date_modified`) VALUES ('13', '30', '0', 'вапвапвапвапва', 'павп авпвапавпвавапвапвапвапва', '5', '0', '2016-11-10 17:58:40', '0000-00-00 00:00:00');
INSERT INTO `PREFIX_DB_review` (`review_id`, `product_id`, `customer_id`, `author`, `text`, `rating`, `status`, `date_added`, `date_modified`) VALUES ('14', '30', '0', 'fnsdmfns,mdfn,sm', 'ажывьалдвыоаы длпаоыларлвораолвавр лорва флрафовар влоаролвар ', '5', '0', '2016-11-17 12:21:29', '0000-00-00 00:00:00');
INSERT INTO `PREFIX_DB_review` (`review_id`, `product_id`, `customer_id`, `author`, `text`, `rating`, `status`, `date_added`, `date_modified`) VALUES ('15', '30', '0', 'апрол', 'вапролдж пролджэ кенгшщз цукенгшщз.', '5', '0', '2016-11-20 20:50:43', '0000-00-00 00:00:00');
INSERT INTO `PREFIX_DB_review` (`review_id`, `product_id`, `customer_id`, `author`, `text`, `rating`, `status`, `date_added`, `date_modified`) VALUES ('16', '42', '0', 'Вофффка', 'очень понравилось. куплю ещё 1000000 таких', '5', '0', '2017-03-09 13:53:40', '0000-00-00 00:00:00');
INSERT INTO `PREFIX_DB_review` (`review_id`, `product_id`, `customer_id`, `author`, `text`, `rating`, `status`, `date_added`, `date_modified`) VALUES ('17', '30', '0', 'Вася', 'Хороший шаблон получился у автора шаблона', '5', '0', '2017-05-04 22:29:03', '0000-00-00 00:00:00');




TRUNCATE TABLE `PREFIX_DB_url_alias`;

INSERT INTO `PREFIX_DB_url_alias` (`url_alias_id`, `query`, `keyword`, `seomanager`) VALUES ('601', 'account/voucher', 'vouchers', '0');
INSERT INTO `PREFIX_DB_url_alias` (`url_alias_id`, `query`, `keyword`, `seomanager`) VALUES ('602', 'account/wishlist', 'wishlist', '0');
INSERT INTO `PREFIX_DB_url_alias` (`url_alias_id`, `query`, `keyword`, `seomanager`) VALUES ('603', 'account/account', 'my-account', '0');
INSERT INTO `PREFIX_DB_url_alias` (`url_alias_id`, `query`, `keyword`, `seomanager`) VALUES ('604', 'checkout/cart', 'cart', '0');
INSERT INTO `PREFIX_DB_url_alias` (`url_alias_id`, `query`, `keyword`, `seomanager`) VALUES ('605', 'checkout/checkout', 'checkout', '0');
INSERT INTO `PREFIX_DB_url_alias` (`url_alias_id`, `query`, `keyword`, `seomanager`) VALUES ('606', 'account/login', 'login', '0');
INSERT INTO `PREFIX_DB_url_alias` (`url_alias_id`, `query`, `keyword`, `seomanager`) VALUES ('607', 'account/logout', 'logout', '0');
INSERT INTO `PREFIX_DB_url_alias` (`url_alias_id`, `query`, `keyword`, `seomanager`) VALUES ('608', 'account/order', 'order-history', '0');
INSERT INTO `PREFIX_DB_url_alias` (`url_alias_id`, `query`, `keyword`, `seomanager`) VALUES ('609', 'account/newsletter', 'newsletter', '0');
INSERT INTO `PREFIX_DB_url_alias` (`url_alias_id`, `query`, `keyword`, `seomanager`) VALUES ('610', 'product/special', 'specials', '0');
INSERT INTO `PREFIX_DB_url_alias` (`url_alias_id`, `query`, `keyword`, `seomanager`) VALUES ('611', 'affiliate/account', 'affiliates', '0');
INSERT INTO `PREFIX_DB_url_alias` (`url_alias_id`, `query`, `keyword`, `seomanager`) VALUES ('612', 'checkout/voucher', 'gift-vouchers', '0');
INSERT INTO `PREFIX_DB_url_alias` (`url_alias_id`, `query`, `keyword`, `seomanager`) VALUES ('613', 'product/manufacturer', 'brands', '0');
INSERT INTO `PREFIX_DB_url_alias` (`url_alias_id`, `query`, `keyword`, `seomanager`) VALUES ('614', 'information/contact', 'contact-us', '0');
INSERT INTO `PREFIX_DB_url_alias` (`url_alias_id`, `query`, `keyword`, `seomanager`) VALUES ('615', 'account/return/insert', 'request-return', '0');
INSERT INTO `PREFIX_DB_url_alias` (`url_alias_id`, `query`, `keyword`, `seomanager`) VALUES ('616', 'information/sitemap', 'sitemap', '0');
INSERT INTO `PREFIX_DB_url_alias` (`url_alias_id`, `query`, `keyword`, `seomanager`) VALUES ('617', 'account/forgotten', 'forgot-password', '0');
INSERT INTO `PREFIX_DB_url_alias` (`url_alias_id`, `query`, `keyword`, `seomanager`) VALUES ('618', 'account/download', 'downloads', '0');
INSERT INTO `PREFIX_DB_url_alias` (`url_alias_id`, `query`, `keyword`, `seomanager`) VALUES ('619', 'account/return', 'returns', '0');
INSERT INTO `PREFIX_DB_url_alias` (`url_alias_id`, `query`, `keyword`, `seomanager`) VALUES ('620', 'account/transaction', 'transactions', '0');
INSERT INTO `PREFIX_DB_url_alias` (`url_alias_id`, `query`, `keyword`, `seomanager`) VALUES ('621', 'account/register', 'create-account', '0');
INSERT INTO `PREFIX_DB_url_alias` (`url_alias_id`, `query`, `keyword`, `seomanager`) VALUES ('622', 'product/compare', 'compare-products', '0');
INSERT INTO `PREFIX_DB_url_alias` (`url_alias_id`, `query`, `keyword`, `seomanager`) VALUES ('623', 'product/search', 'search', '0');
INSERT INTO `PREFIX_DB_url_alias` (`url_alias_id`, `query`, `keyword`, `seomanager`) VALUES ('624', 'account/edit', 'edit-account', '0');
INSERT INTO `PREFIX_DB_url_alias` (`url_alias_id`, `query`, `keyword`, `seomanager`) VALUES ('625', 'account/password', 'change-password', '0');
INSERT INTO `PREFIX_DB_url_alias` (`url_alias_id`, `query`, `keyword`, `seomanager`) VALUES ('626', 'account/address', 'address-book', '0');
INSERT INTO `PREFIX_DB_url_alias` (`url_alias_id`, `query`, `keyword`, `seomanager`) VALUES ('627', 'account/reward', 'reward-points', '0');
INSERT INTO `PREFIX_DB_url_alias` (`url_alias_id`, `query`, `keyword`, `seomanager`) VALUES ('628', 'affiliate/edit', 'edit-affiliate-account', '0');
INSERT INTO `PREFIX_DB_url_alias` (`url_alias_id`, `query`, `keyword`, `seomanager`) VALUES ('629', 'affiliate/password', 'change-affiliate-password', '0');
INSERT INTO `PREFIX_DB_url_alias` (`url_alias_id`, `query`, `keyword`, `seomanager`) VALUES ('630', 'affiliate/payment', 'affiliate-payment-options', '0');
INSERT INTO `PREFIX_DB_url_alias` (`url_alias_id`, `query`, `keyword`, `seomanager`) VALUES ('631', 'affiliate/tracking', 'affiliate-tracking-code', '0');
INSERT INTO `PREFIX_DB_url_alias` (`url_alias_id`, `query`, `keyword`, `seomanager`) VALUES ('632', 'affiliate/transaction', 'affiliate-transactions', '0');
INSERT INTO `PREFIX_DB_url_alias` (`url_alias_id`, `query`, `keyword`, `seomanager`) VALUES ('633', 'affiliate/logout', 'affiliate-logout', '0');
INSERT INTO `PREFIX_DB_url_alias` (`url_alias_id`, `query`, `keyword`, `seomanager`) VALUES ('634', 'affiliate/forgotten', 'affiliate-forgot-password', '0');
INSERT INTO `PREFIX_DB_url_alias` (`url_alias_id`, `query`, `keyword`, `seomanager`) VALUES ('635', 'affiliate/register', 'create-affiliate-account', '0');
INSERT INTO `PREFIX_DB_url_alias` (`url_alias_id`, `query`, `keyword`, `seomanager`) VALUES ('636', 'affiliate/login', 'affiliate-login', '0');
INSERT INTO `PREFIX_DB_url_alias` (`url_alias_id`, `query`, `keyword`, `seomanager`) VALUES ('637', 'account/return/add', 'add-return', '0');
INSERT INTO `PREFIX_DB_url_alias` (`url_alias_id`, `query`, `keyword`, `seomanager`) VALUES ('638', 'common/home', '', '0');
INSERT INTO `PREFIX_DB_url_alias` (`url_alias_id`, `query`, `keyword`, `seomanager`) VALUES ('824', 'product_id=48', 'ipod-classic', '0');
INSERT INTO `PREFIX_DB_url_alias` (`url_alias_id`, `query`, `keyword`, `seomanager`) VALUES ('836', 'category_id=20', 'desktops', '0');
INSERT INTO `PREFIX_DB_url_alias` (`url_alias_id`, `query`, `keyword`, `seomanager`) VALUES ('834', 'category_id=26', 'pc', '0');
INSERT INTO `PREFIX_DB_url_alias` (`url_alias_id`, `query`, `keyword`, `seomanager`) VALUES ('835', 'category_id=27', 'mac', '0');
INSERT INTO `PREFIX_DB_url_alias` (`url_alias_id`, `query`, `keyword`, `seomanager`) VALUES ('730', 'manufacturer_id=8', 'apple', '0');
INSERT INTO `PREFIX_DB_url_alias` (`url_alias_id`, `query`, `keyword`, `seomanager`) VALUES ('772', 'information_id=4', 'about_us', '0');
INSERT INTO `PREFIX_DB_url_alias` (`url_alias_id`, `query`, `keyword`, `seomanager`) VALUES ('768', 'product_id=42', 'test', '0');
INSERT INTO `PREFIX_DB_url_alias` (`url_alias_id`, `query`, `keyword`, `seomanager`) VALUES ('789', 'category_id=34', 'mp3-players', '0');
INSERT INTO `PREFIX_DB_url_alias` (`url_alias_id`, `query`, `keyword`, `seomanager`) VALUES ('781', 'category_id=36', 'test2', '0');
INSERT INTO `PREFIX_DB_url_alias` (`url_alias_id`, `query`, `keyword`, `seomanager`) VALUES ('774', 'category_id=18', 'laptop-notebook', '0');
INSERT INTO `PREFIX_DB_url_alias` (`url_alias_id`, `query`, `keyword`, `seomanager`) VALUES ('775', 'category_id=46', 'macs', '0');
INSERT INTO `PREFIX_DB_url_alias` (`url_alias_id`, `query`, `keyword`, `seomanager`) VALUES ('776', 'category_id=45', 'windows', '0');
INSERT INTO `PREFIX_DB_url_alias` (`url_alias_id`, `query`, `keyword`, `seomanager`) VALUES ('777', 'category_id=25', 'component', '0');
INSERT INTO `PREFIX_DB_url_alias` (`url_alias_id`, `query`, `keyword`, `seomanager`) VALUES ('778', 'category_id=29', 'mouse', '0');
INSERT INTO `PREFIX_DB_url_alias` (`url_alias_id`, `query`, `keyword`, `seomanager`) VALUES ('779', 'category_id=28', 'monitor', '0');
INSERT INTO `PREFIX_DB_url_alias` (`url_alias_id`, `query`, `keyword`, `seomanager`) VALUES ('780', 'category_id=35', 'test1', '0');
INSERT INTO `PREFIX_DB_url_alias` (`url_alias_id`, `query`, `keyword`, `seomanager`) VALUES ('782', 'category_id=30', 'printer', '0');
INSERT INTO `PREFIX_DB_url_alias` (`url_alias_id`, `query`, `keyword`, `seomanager`) VALUES ('783', 'category_id=31', 'scanner', '0');
INSERT INTO `PREFIX_DB_url_alias` (`url_alias_id`, `query`, `keyword`, `seomanager`) VALUES ('784', 'category_id=32', 'web-camera', '0');
INSERT INTO `PREFIX_DB_url_alias` (`url_alias_id`, `query`, `keyword`, `seomanager`) VALUES ('785', 'category_id=57', 'tablet', '0');
INSERT INTO `PREFIX_DB_url_alias` (`url_alias_id`, `query`, `keyword`, `seomanager`) VALUES ('786', 'category_id=17', 'software', '0');
INSERT INTO `PREFIX_DB_url_alias` (`url_alias_id`, `query`, `keyword`, `seomanager`) VALUES ('787', 'category_id=24', 'smartphone', '0');
INSERT INTO `PREFIX_DB_url_alias` (`url_alias_id`, `query`, `keyword`, `seomanager`) VALUES ('788', 'category_id=33', 'camera', '0');
INSERT INTO `PREFIX_DB_url_alias` (`url_alias_id`, `query`, `keyword`, `seomanager`) VALUES ('790', 'category_id=43', 'test11', '0');
INSERT INTO `PREFIX_DB_url_alias` (`url_alias_id`, `query`, `keyword`, `seomanager`) VALUES ('791', 'category_id=44', 'test12', '0');
INSERT INTO `PREFIX_DB_url_alias` (`url_alias_id`, `query`, `keyword`, `seomanager`) VALUES ('792', 'category_id=47', 'test15', '0');
INSERT INTO `PREFIX_DB_url_alias` (`url_alias_id`, `query`, `keyword`, `seomanager`) VALUES ('793', 'category_id=48', 'test16', '0');
INSERT INTO `PREFIX_DB_url_alias` (`url_alias_id`, `query`, `keyword`, `seomanager`) VALUES ('794', 'category_id=49', 'test17', '0');
INSERT INTO `PREFIX_DB_url_alias` (`url_alias_id`, `query`, `keyword`, `seomanager`) VALUES ('795', 'category_id=50', 'test18', '0');
INSERT INTO `PREFIX_DB_url_alias` (`url_alias_id`, `query`, `keyword`, `seomanager`) VALUES ('796', 'category_id=51', 'test19', '0');
INSERT INTO `PREFIX_DB_url_alias` (`url_alias_id`, `query`, `keyword`, `seomanager`) VALUES ('797', 'category_id=52', 'test20', '0');
INSERT INTO `PREFIX_DB_url_alias` (`url_alias_id`, `query`, `keyword`, `seomanager`) VALUES ('798', 'category_id=58', 'test25', '0');
INSERT INTO `PREFIX_DB_url_alias` (`url_alias_id`, `query`, `keyword`, `seomanager`) VALUES ('799', 'category_id=53', 'test21', '0');
INSERT INTO `PREFIX_DB_url_alias` (`url_alias_id`, `query`, `keyword`, `seomanager`) VALUES ('800', 'category_id=54', 'test22', '0');
INSERT INTO `PREFIX_DB_url_alias` (`url_alias_id`, `query`, `keyword`, `seomanager`) VALUES ('801', 'category_id=55', 'test23', '0');
INSERT INTO `PREFIX_DB_url_alias` (`url_alias_id`, `query`, `keyword`, `seomanager`) VALUES ('802', 'category_id=56', 'test24', '0');
INSERT INTO `PREFIX_DB_url_alias` (`url_alias_id`, `query`, `keyword`, `seomanager`) VALUES ('803', 'category_id=38', 'test4', '0');
INSERT INTO `PREFIX_DB_url_alias` (`url_alias_id`, `query`, `keyword`, `seomanager`) VALUES ('804', 'category_id=37', 'test5', '0');
INSERT INTO `PREFIX_DB_url_alias` (`url_alias_id`, `query`, `keyword`, `seomanager`) VALUES ('805', 'category_id=39', 'test6', '0');
INSERT INTO `PREFIX_DB_url_alias` (`url_alias_id`, `query`, `keyword`, `seomanager`) VALUES ('806', 'category_id=40', 'test7', '0');
INSERT INTO `PREFIX_DB_url_alias` (`url_alias_id`, `query`, `keyword`, `seomanager`) VALUES ('807', 'category_id=41', 'test8', '0');
INSERT INTO `PREFIX_DB_url_alias` (`url_alias_id`, `query`, `keyword`, `seomanager`) VALUES ('808', 'category_id=42', 'test9', '0');
INSERT INTO `PREFIX_DB_url_alias` (`url_alias_id`, `query`, `keyword`, `seomanager`) VALUES ('809', 'product_id=30', 'canon-eos-5d', '0');
INSERT INTO `PREFIX_DB_url_alias` (`url_alias_id`, `query`, `keyword`, `seomanager`) VALUES ('840', 'product_id=47', 'hp-lp3065', '0');
INSERT INTO `PREFIX_DB_url_alias` (`url_alias_id`, `query`, `keyword`, `seomanager`) VALUES ('811', 'product_id=28', 'htc-touch-hd', '0');
INSERT INTO `PREFIX_DB_url_alias` (`url_alias_id`, `query`, `keyword`, `seomanager`) VALUES ('812', 'product_id=43', 'macbook', '0');
INSERT INTO `PREFIX_DB_url_alias` (`url_alias_id`, `query`, `keyword`, `seomanager`) VALUES ('813', 'product_id=44', 'macbook-air', '0');
INSERT INTO `PREFIX_DB_url_alias` (`url_alias_id`, `query`, `keyword`, `seomanager`) VALUES ('814', 'product_id=45', 'macbook-pro', '0');
INSERT INTO `PREFIX_DB_url_alias` (`url_alias_id`, `query`, `keyword`, `seomanager`) VALUES ('816', 'product_id=31', 'nikon-d300', '0');
INSERT INTO `PREFIX_DB_url_alias` (`url_alias_id`, `query`, `keyword`, `seomanager`) VALUES ('817', 'product_id=29', 'palm-treo-pro', '0');
INSERT INTO `PREFIX_DB_url_alias` (`url_alias_id`, `query`, `keyword`, `seomanager`) VALUES ('818', 'product_id=35', 'product-8', '0');
INSERT INTO `PREFIX_DB_url_alias` (`url_alias_id`, `query`, `keyword`, `seomanager`) VALUES ('819', 'product_id=49', 'samsung-galaxy-tab-10-1', '0');
INSERT INTO `PREFIX_DB_url_alias` (`url_alias_id`, `query`, `keyword`, `seomanager`) VALUES ('820', 'product_id=33', 'samsung-syncmaster-941bw', '0');
INSERT INTO `PREFIX_DB_url_alias` (`url_alias_id`, `query`, `keyword`, `seomanager`) VALUES ('821', 'product_id=46', 'sony-vaio', '0');
INSERT INTO `PREFIX_DB_url_alias` (`url_alias_id`, `query`, `keyword`, `seomanager`) VALUES ('837', 'product_id=41', 'imac', '0');
INSERT INTO `PREFIX_DB_url_alias` (`url_alias_id`, `query`, `keyword`, `seomanager`) VALUES ('823', 'product_id=40', 'iphone', '0');
INSERT INTO `PREFIX_DB_url_alias` (`url_alias_id`, `query`, `keyword`, `seomanager`) VALUES ('825', 'product_id=36', 'ipod-nano', '0');
INSERT INTO `PREFIX_DB_url_alias` (`url_alias_id`, `query`, `keyword`, `seomanager`) VALUES ('826', 'product_id=34', 'ipod-shuffle', '0');
INSERT INTO `PREFIX_DB_url_alias` (`url_alias_id`, `query`, `keyword`, `seomanager`) VALUES ('827', 'product_id=32', 'ipod-touch', '0');
INSERT INTO `PREFIX_DB_url_alias` (`url_alias_id`, `query`, `keyword`, `seomanager`) VALUES ('828', 'manufacturer_id=9', 'canon', '0');
INSERT INTO `PREFIX_DB_url_alias` (`url_alias_id`, `query`, `keyword`, `seomanager`) VALUES ('829', 'manufacturer_id=5', 'htc', '0');
INSERT INTO `PREFIX_DB_url_alias` (`url_alias_id`, `query`, `keyword`, `seomanager`) VALUES ('830', 'manufacturer_id=7', 'hewlett-packard', '0');
INSERT INTO `PREFIX_DB_url_alias` (`url_alias_id`, `query`, `keyword`, `seomanager`) VALUES ('831', 'manufacturer_id=6', 'palm', '0');
INSERT INTO `PREFIX_DB_url_alias` (`url_alias_id`, `query`, `keyword`, `seomanager`) VALUES ('832', 'manufacturer_id=10', 'sony', '0');
INSERT INTO `PREFIX_DB_url_alias` (`url_alias_id`, `query`, `keyword`, `seomanager`) VALUES ('841', 'information_id=6', 'delivery', '0');
INSERT INTO `PREFIX_DB_url_alias` (`url_alias_id`, `query`, `keyword`, `seomanager`) VALUES ('842', 'information_id=3', 'privacy', '0');
INSERT INTO `PREFIX_DB_url_alias` (`url_alias_id`, `query`, `keyword`, `seomanager`) VALUES ('843', 'information_id=5', 'terms', '0');
INSERT INTO `PREFIX_DB_url_alias` (`url_alias_id`, `query`, `keyword`, `seomanager`) VALUES ('845', 'information/aridius_faq', 'faq', '0');
INSERT INTO `PREFIX_DB_url_alias` (`url_alias_id`, `query`, `keyword`, `seomanager`) VALUES ('847', 'information/aridius_news', 'all-news', '0');
INSERT INTO `PREFIX_DB_url_alias` (`url_alias_id`, `query`, `keyword`, `seomanager`) VALUES ('848', 'extension/module/aridius_store_review', 'review', '0');
INSERT INTO `PREFIX_DB_url_alias` (`url_alias_id`, `query`, `keyword`, `seomanager`) VALUES ('1477', 'aridius_news_id=1', 'novost1', '0');
INSERT INTO `PREFIX_DB_url_alias` (`url_alias_id`, `query`, `keyword`, `seomanager`) VALUES ('1332', 'aridius_news_id=2', 'novost2', '0');
INSERT INTO `PREFIX_DB_url_alias` (`url_alias_id`, `query`, `keyword`, `seomanager`) VALUES ('1333', 'aridius_news_id=3', 'novost3', '0');
INSERT INTO `PREFIX_DB_url_alias` (`url_alias_id`, `query`, `keyword`, `seomanager`) VALUES ('1335', 'aridius_news_id=4', 'novost4', '0');
INSERT INTO `PREFIX_DB_url_alias` (`url_alias_id`, `query`, `keyword`, `seomanager`) VALUES ('1336', 'aridius_news_id=5', 'novost5', '0');
INSERT INTO `PREFIX_DB_url_alias` (`url_alias_id`, `query`, `keyword`, `seomanager`) VALUES ('1490', 'information_id=7', 'person_danie', '0');




