CREATE TABLE IF NOT EXISTS PREFIX_DB_aridiuscallback (order_id int(11) NOT NULL AUTO_INCREMENT, product_id int(11) NOT NULL, contact varchar(96) NOT NULL, firstname varchar(96) NOT NULL, email varchar(96) NOT NULL, comment text NOT NULL, comment_manager text NOT NULL, status tinyint(1) NOT NULL, time_in time NOT NULL DEFAULT '00:00:00', time_off time NOT NULL DEFAULT '00:00:00', date_added datetime NOT NULL DEFAULT '0000-00-00 00:00:00', PRIMARY KEY (order_id)) ENGINE=MyISAM DEFAULT CHARSET=utf8;
CREATE TABLE IF NOT EXISTS PREFIX_DB_aridiusfastorder (order_id int(11) NOT NULL AUTO_INCREMENT,product_id int(11) NOT NULL,product_option_value_id int(11) NOT NULL,contact varchar(96) NOT NULL,firstname varchar(96) NOT NULL,email varchar(96) NOT NULL,comment text NOT NULL,comment_manager text NOT NULL,product_name varchar(255) NOT NULL,quantity int(4) NOT NULL,status tinyint(1) NOT NULL,format_option varchar(255) NOT NULL,total decimal(15,4) NOT NULL DEFAULT '0.0000',date_added datetime NOT NULL DEFAULT '0000-00-00 00:00:00',currency_id int(11) NOT NULL,currency_code varchar(3) NOT NULL,currency_value decimal(15,8) NOT NULL DEFAULT '1.00000000',PRIMARY KEY (order_id)) ENGINE=MyISAM DEFAULT CHARSET=utf8;
CREATE TABLE IF NOT EXISTS PREFIX_DB_aridiusinstock (order_id int(11) NOT NULL AUTO_INCREMENT,product_id int(11) NOT NULL,contact varchar(96) NOT NULL,firstname varchar(96) NOT NULL,email varchar(96) NOT NULL,comment_manager text NOT NULL,product_name varchar(255) NOT NULL,status tinyint(1) NOT NULL,date_added datetime NOT NULL DEFAULT '0000-00-00 00:00:00',PRIMARY KEY (order_id)) ENGINE=MyISAM DEFAULT CHARSET=utf8;
CREATE TABLE IF NOT EXISTS PREFIX_DB_aridiusundersell (order_id int(11) NOT NULL AUTO_INCREMENT,product_id int(11) NOT NULL,contact varchar(96) NOT NULL,firstname varchar(96) NOT NULL,email varchar(96) NOT NULL,link text NOT NULL,comment text NOT NULL,comment_manager text NOT NULL,product_name varchar(255) NOT NULL,quantity int(4) NOT NULL,status tinyint(1) NOT NULL,format_option varchar(255) NOT NULL,total decimal(15,4) NOT NULL DEFAULT '0.0000',date_added datetime NOT NULL DEFAULT '0000-00-00 00:00:00',currency_id int(11) NOT NULL,currency_code varchar(3) NOT NULL,currency_value decimal(15,8) NOT NULL DEFAULT '1.00000000',PRIMARY KEY (order_id)) ENGINE=MyISAM DEFAULT CHARSET=utf8;
CREATE TABLE IF NOT EXISTS PREFIX_DB_aridius_letters (email_id int(11) NOT NULL AUTO_INCREMENT,email_user varchar(96) NOT NULL,email_date date NOT NULL,PRIMARY KEY (`email_id`)) ENGINE=MyISAM DEFAULT CHARSET=utf8;
CREATE TABLE IF NOT EXISTS PREFIX_DB_aridius_news (`aridius_news_id` int(11) NOT NULL AUTO_INCREMENT, `image` varchar(255) DEFAULT NULL, `video` varchar(255) DEFAULT NULL, `date_added` datetime NOT NULL,`viewed` int(11) NOT NULL DEFAULT '0', `sort_order` int(3) NOT NULL DEFAULT '0', `status` tinyint(1) NOT NULL, PRIMARY KEY (`aridius_news_id`)) ENGINE=MYISAM DEFAULT CHARSET=utf8 COLLATE=utf8_general_ci;
CREATE TABLE IF NOT EXISTS PREFIX_DB_aridius_news_description (`aridius_news_id` int(11) NOT NULL, `language_id` int(11) NOT NULL, `title` varchar(255) NOT NULL, `meta_description` VARCHAR(255) NOT NULL, `meta_title` VARCHAR(255) NOT NULL, `description` text CHARACTER SET utf8 NOT NULL, `meta_keyword` varchar(255) NOT NULL,  PRIMARY KEY (`aridius_news_id`,`language_id`)) ENGINE=MYISAM DEFAULT CHARSET=utf8 COLLATE=utf8_general_ci;
CREATE TABLE IF NOT EXISTS PREFIX_DB_aridius_news_to_store (`aridius_news_id` int(11) NOT NULL, `store_id` int(11) NOT NULL, PRIMARY KEY (`aridius_news_id`,`store_id`)) ENGINE=MYISAM DEFAULT CHARSET=utf8 COLLATE=utf8_general_ci;
CREATE TABLE IF NOT EXISTS PREFIX_DB_aridius_news_related (`aridius_news_id` int(11) NOT NULL, `related_aridius_news_id` int(11) NOT NULL, PRIMARY KEY (`aridius_news_id`,`related_aridius_news_id`)) ENGINE=MyISAM DEFAULT CHARSET=utf8 COLLATE=utf8_bin;
CREATE TABLE IF NOT EXISTS PREFIX_DB_aridius_news_product_related (`aridius_news_id` int(11) NOT NULL,`product_id` int(11) NOT NULL,PRIMARY KEY (`aridius_news_id`,`product_id`)) ENGINE=MyISAM DEFAULT CHARSET=utf8 COLLATE=utf8_bin;
CREATE TABLE IF NOT EXISTS PREFIX_DB_aridius_review_news (`review_id` int(11) NOT NULL AUTO_INCREMENT, `parent_id` int(11) NOT NULL, `customer_id` int(11) NOT NULL, `news_id` int(11) NOT NULL, `author` varchar(64) NOT NULL, `text` text NOT NULL, `status` tinyint(1) NOT NULL DEFAULT '0', `date_added` datetime NOT NULL, `date_modified` datetime NOT NULL, PRIMARY KEY (`review_id`)) ENGINE=MYISAM DEFAULT CHARSET=utf8 COLLATE=utf8_general_ci;
CREATE TABLE IF NOT EXISTS PREFIX_DB_aridius_review_store (`review_id` int(11) NOT NULL AUTO_INCREMENT, `parent` int(11) NOT NULL, `customer_id` int(11) NOT NULL, `author` varchar(64) NOT NULL, `text` text NOT NULL, `rating` int(1) NOT NULL, `status` tinyint(1) NOT NULL DEFAULT '0', `date_added` datetime NOT NULL, `date_modified` datetime NOT NULL, PRIMARY KEY (`review_id`)) ENGINE=MYISAM DEFAULT CHARSET=utf8 COLLATE=utf8_general_ci;
CREATE TABLE IF NOT EXISTS PREFIX_DB_license (`key` varchar(3) CHARACTER SET utf8,`value` text CHARACTER SET utf8,primary key (`key`)) ENGINE=MyISAM DEFAULT CHARSET=utf8;
CREATE TABLE IF NOT EXISTS PREFIX_DB_review_dig_lim (review_id int(11) NOT NULL AUTO_INCREMENT,dignity text NOT NULL,limitations text NOT NULL,PRIMARY KEY (review_id)) ENGINE=MyISAM DEFAULT CHARSET=utf8;
ALTER TABLE PREFIX_DB_banner_image ADD `description` text NOT NULL AFTER title;
ALTER TABLE PREFIX_DB_product ADD `popupsize` tinyint(1) NOT NULL AFTER stock_status_id;
ALTER TABLE PREFIX_DB_product ADD `stickers` tinyint(1) NOT NULL AFTER stock_status_id;
ALTER TABLE PREFIX_DB_category ADD `stickers` tinyint(1) NOT NULL AFTER status;

INSERT INTO `PREFIX_DB_information` (`information_id`, `bottom`, `sort_order`, `status`, `noindex`) VALUES ('700', '0', '100', '1', '1');
INSERT INTO `PREFIX_DB_information_description` (`information_id`, `language_id`, `title`, `description`, `meta_title`, `meta_h1`, `meta_description`, `meta_keyword`) VALUES ('700', '1', 'Согласие на обработку персональных данных', '&lt;p&gt;Предоставляя свои персональные данные при регистрации на сайте, \r\nПокупатель даёт Продавцу своё согласие на обработку и использование \r\nсвоих персональных данных согласно ФЗ № 152-ФЗ «О персональных данных» \r\nот 27.07.2006 г. различными способами в целях, указанных в настоящих \r\nПравилах.&lt;/p&gt;&lt;p&gt;&lt;br&gt;&lt;/p&gt;', 'Согласие на обработку персональных данных', 'Согласие на обработку персональных данных', 'Согласие на обработку персональных данных', 'Согласие на обработку персональных данных');
INSERT INTO `PREFIX_DB_information_description` (`information_id`, `language_id`, `title`, `description`, `meta_title`, `meta_h1`, `meta_description`, `meta_keyword`) VALUES ('700', '2', 'Согласие на обработку персональных данных', '&lt;p&gt;Предоставляя свои персональные данные при регистрации на сайте, \r\nПокупатель даёт Продавцу своё согласие на обработку и использование \r\nсвоих персональных данных согласно ФЗ № 152-ФЗ «О персональных данных» \r\nот 27.07.2006 г. различными способами в целях, указанных в настоящих \r\nПравилах.&lt;/p&gt;&lt;p&gt;&lt;br&gt;&lt;/p&gt;&lt;p&gt;&lt;br&gt;&lt;/p&gt;&lt;p&gt;&lt;br&gt;&lt;/p&gt;', 'Согласие на обработку персональных данных', 'Согласие на обработку персональных данных', 'Согласие на обработку персональных данных', 'Согласие на обработку персональных данных');
INSERT INTO `PREFIX_DB_information_to_store` (`information_id`, `store_id`) VALUES ('700', '0');


TRUNCATE TABLE `PREFIX_DB_aridius_news`;

INSERT INTO `PREFIX_DB_aridius_news` (`aridius_news_id`, `image`, `date_added`, `viewed`, `sort_order`, `status`) VALUES ('1', 'catalog/1_fractal/main-260x167.png', '2012-12-07 11:53:50', '78', '100', '1');
INSERT INTO `PREFIX_DB_aridius_news` (`aridius_news_id`, `image`, `date_added`, `viewed`, `sort_order`, `status`) VALUES ('2', 'catalog/1_fractal/main3-260x167.png', '2016-12-07 11:54:25', '217', '2', '1');
INSERT INTO `PREFIX_DB_aridius_news` (`aridius_news_id`, `image`, `date_added`, `viewed`, `sort_order`, `status`) VALUES ('3', 'catalog/1_fractal/main2-260x167.png', '2016-12-07 11:54:57', '192', '3', '1');
INSERT INTO `PREFIX_DB_aridius_news` (`aridius_news_id`, `image`, `date_added`, `viewed`, `sort_order`, `status`) VALUES ('4', 'catalog/1_fractal/main45-260x167.png', '2016-12-07 11:56:12', '123', '4', '1');
INSERT INTO `PREFIX_DB_aridius_news` (`aridius_news_id`, `image`, `date_added`, `viewed`, `sort_order`, `status`) VALUES ('5', 'catalog/1_fractal/televizor1-260x167.jpg', '2016-12-07 11:57:09', '70', '5', '1');


TRUNCATE TABLE `PREFIX_DB_aridius_news_description`;

INSERT INTO `PREFIX_DB_aridius_news_description` (`aridius_news_id`, `language_id`, `title`, `meta_description`, `meta_title`, `description`, `meta_keyword`) VALUES ('2', '1', 'Домашний центр в вашем телевизоре', '', '', '&lt;p&gt;&lt;br&gt;&lt;/p&gt;&lt;p&gt;Исключительно красив, необычайно умен: подскажет тебе то, что нужно именно в этот момент, именно в этом месте.&lt;/p&gt;&lt;p&gt;&lt;br&gt;&lt;/p&gt;&lt;p&gt;Жизнь неповторима - живи по полной!&lt;/p&gt;&lt;p&gt;&lt;br&gt;&lt;/p&gt;&lt;p&gt;Двухцветный металлический корпус с зеркальной окантовкой. Скругленные углы и эргономичные формы – этот смартфон создан повторять контуры твоей руки и обеспечивать максимальный комфорт. Цельная задняя панель имеет изогнутую поверхность, ставшую визитной карточкой легендарных смартфонов серии HTC One.&lt;/p&gt;&lt;p&gt;&lt;br&gt;&lt;/p&gt;&lt;p&gt;Со смартфоном HTC One M9 возможности персонализации устройства выходят на принципиально новый уровень. Приложение HTC «Тема» позволяет оформить рабочие экраны по-своему – используй любимые фотографии и картинки с онлайн-ресурсов. Меняй форму и размер иконок, мелодии звонка и даже обои – теперь все в твоих руках! &lt;/p&gt;&lt;p&gt;&lt;br&gt;&lt;/p&gt;&lt;p&gt;Основная камера 20 МП и фронтальная камера с технологией HTC UltraPixel™ позволят тебе контролировать съемочный процесс «от» и «до».  Мощные инструменты из HTC Eye Experience позволят тебе снимать двумя камерами одновременно, делать селфи при помощи голосовых команд, ещё до момента съемки – в процессе визирования – использовать фильтры для ретуши и многое другое. А приложение Zoe позволит монтировать видеоролики, комбинируя свои материалы с фотографиями и видео, снятыми друзьями.&lt;/p&gt;&lt;p&gt;Наслаждайся потрясающими фото – с любой камерой HTC One M9.&lt;br&gt;&lt;/p&gt;&lt;p&gt;Смартфон HTC One M9 создавался в сотрудничестве с лабораторией Dolby, благодаря которому теперь ты будешь слышать объемный звук – как в настоящем кинотеатре. HTC BoomSound™ с Dolby Audio прекрасно справляется с музыкой любой сложности и любого жанра - ему по силам даже многоканальные треки с YouTube.&lt;/p&gt;&lt;p&gt;Твои игры и фильмы звучат потрясающе как через встроенные динамики, так и в наушниках. Такого ты ещё не слышал!источник: http://htc.com/&lt;br&gt;&lt;/p&gt;', '');
INSERT INTO `PREFIX_DB_aridius_news_description` (`aridius_news_id`, `language_id`, `title`, `meta_description`, `meta_title`, `description`, `meta_keyword`) VALUES ('3', '1', 'Смартфон HTC One M9', '', '', '&lt;p&gt;&lt;br&gt;&lt;/p&gt;&lt;p&gt;Исключительно красив, необычайно умен: подскажет тебе то, что нужно именно в этот момент, именно в этом месте.&lt;/p&gt;&lt;p&gt;&lt;br&gt;&lt;/p&gt;&lt;p&gt;Жизнь неповторима - живи по полной!&lt;/p&gt;&lt;p&gt;&lt;br&gt;&lt;/p&gt;&lt;p&gt;Двухцветный металлический корпус с зеркальной окантовкой. Скругленные углы и эргономичные формы – этот смартфон создан повторять контуры твоей руки и обеспечивать максимальный комфорт. Цельная задняя панель имеет изогнутую поверхность, ставшую визитной карточкой легендарных смартфонов серии HTC One.&lt;/p&gt;&lt;p&gt;&lt;br&gt;&lt;/p&gt;&lt;p&gt;Со смартфоном HTC One M9 возможности персонализации устройства выходят на принципиально новый уровень. Приложение HTC «Тема» позволяет оформить рабочие экраны по-своему – используй любимые фотографии и картинки с онлайн-ресурсов. Меняй форму и размер иконок, мелодии звонка и даже обои – теперь все в твоих руках! &lt;/p&gt;&lt;p&gt;&lt;br&gt;&lt;/p&gt;&lt;p&gt;Основная камера 20 МП и фронтальная камера с технологией HTC UltraPixel™ позволят тебе контролировать съемочный процесс «от» и «до».  Мощные инструменты из HTC Eye Experience позволят тебе снимать двумя камерами одновременно, делать селфи при помощи голосовых команд, ещё до момента съемки – в процессе визирования – использовать фильтры для ретуши и многое другое. А приложение Zoe позволит монтировать видеоролики, комбинируя свои материалы с фотографиями и видео, снятыми друзьями.&lt;/p&gt;&lt;p&gt;Наслаждайся потрясающими фото – с любой камерой HTC One M9.&lt;br&gt;&lt;/p&gt;&lt;p&gt;Смартфон HTC One M9 создавался в сотрудничестве с лабораторией Dolby, благодаря которому теперь ты будешь слышать объемный звук – как в настоящем кинотеатре. HTC BoomSound™ с Dolby Audio прекрасно справляется с музыкой любой сложности и любого жанра - ему по силам даже многоканальные треки с YouTube.&lt;/p&gt;&lt;p&gt;Твои игры и фильмы звучат потрясающе как через встроенные динамики, так и в наушниках. Такого ты ещё не слышал!источник: http://htc.com/&lt;br&gt;&lt;/p&gt;', '');
INSERT INTO `PREFIX_DB_aridius_news_description` (`aridius_news_id`, `language_id`, `title`, `meta_description`, `meta_title`, `description`, `meta_keyword`) VALUES ('4', '1', 'Тонкие LED - телевизоры Samsung', '', '', '&lt;p&gt;&lt;br&gt;&lt;/p&gt;&lt;h3&gt;Все содержимое на одном большом экране&lt;/h3&gt;&lt;p&gt;&lt;br&gt;&lt;/p&gt;&lt;p&gt;Мгновенно отображайте на экране телевизора любое содержимое. Просто подключите к телевизору USB-накопитель и наслаждайтесь фильмами, фотографиями и видеоклипами на большом экране. Благодаря входным разъемам HDMI можно с необходимой скоростью передавать на телеэкран цифровые данные высокого разрешения. Так что всем, что вы захотите просмотреть, отныне можно наслаждаться в комфорте своей комнаты на большом экране телевизора Samsung.&lt;br&gt;&lt;br&gt;С помощью функции Screen Mirroring можно с невероятной легкостью просматривать содержимое с мобильных устройств на телеэкране. При этом вам даже не придется изменять источник телевизионного сигнала. Просто откройте панель уведомлений на мобильном устройстве, щелкните значок Screen Mirroring и выберите телевизор. Подобным же образом можно наслаждаться любимыми приложениями, играми и прочим на большом экране.&lt;br&gt;&lt;br&gt;*&amp;nbsp;Функция Screen Mirroring недоступна в Сирии&lt;/p&gt;&lt;p&gt;&lt;br&gt;&lt;/p&gt;&lt;h3&gt;Тонкий и обтекаемый, идеально соответствующий цифровой эре &lt;/h3&gt;&lt;p&gt;&lt;br&gt;&lt;/p&gt;&lt;p&gt;Что же удерживает вас от покупки? Пришло время отказаться от громоздкого телевизора на электронно-лучевой трубке и приобрести тонкий, цифровой и недорогой LED-телевизор Samsung. Вы сможете приобщиться к миру телевидения высокой четкости и наслаждаться великолепным изображением на ярком светодиодном экране. Его можно подключить к цифровой телевизионной абонентской приставке, после чего в вашем распоряжении окажется множество телеканалов. &lt;/p&gt;&lt;p&gt;&lt;br&gt;&lt;/p&gt;', '');
INSERT INTO `PREFIX_DB_aridius_news_description` (`aridius_news_id`, `language_id`, `title`, `meta_description`, `meta_title`, `description`, `meta_keyword`) VALUES ('5', '2', 'Телевизоры Samsung', '', '', '&lt;p&gt;&lt;br&gt;&lt;/p&gt;&lt;p&gt;Исключительно красив, необычайно умен: подскажет тебе то, что нужно именно в этот момент, именно в этом месте.&lt;/p&gt;&lt;p&gt;&lt;br&gt;&lt;/p&gt;&lt;p&gt;Жизнь неповторима - живи по полной!&lt;/p&gt;&lt;p&gt;&lt;br&gt;&lt;/p&gt;&lt;p&gt;Двухцветный металлический корпус с зеркальной окантовкой. Скругленные углы и эргономичные формы – этот смартфон создан повторять контуры твоей руки и обеспечивать максимальный комфорт. Цельная задняя панель имеет изогнутую поверхность, ставшую визитной карточкой легендарных смартфонов серии HTC One.&lt;/p&gt;&lt;p&gt;&lt;br&gt;&lt;/p&gt;&lt;p&gt;Со смартфоном HTC One M9 возможности персонализации устройства выходят на принципиально новый уровень. Приложение HTC «Тема» позволяет оформить рабочие экраны по-своему – используй любимые фотографии и картинки с онлайн-ресурсов. Меняй форму и размер иконок, мелодии звонка и даже обои – теперь все в твоих руках! &lt;/p&gt;&lt;p&gt;&lt;br&gt;&lt;/p&gt;&lt;p&gt;Основная камера 20 МП и фронтальная камера с технологией HTC UltraPixel™ позволят тебе контролировать съемочный процесс «от» и «до».  Мощные инструменты из HTC Eye Experience позволят тебе снимать двумя камерами одновременно, делать селфи при помощи голосовых команд, ещё до момента съемки – в процессе визирования – использовать фильтры для ретуши и многое другое. А приложение Zoe позволит монтировать видеоролики, комбинируя свои материалы с фотографиями и видео, снятыми друзьями.&lt;/p&gt;&lt;p&gt;Наслаждайся потрясающими фото – с любой камерой HTC One M9.&lt;br&gt;&lt;/p&gt;&lt;p&gt;Смартфон HTC One M9 создавался в сотрудничестве с лабораторией Dolby, благодаря которому теперь ты будешь слышать объемный звук – как в настоящем кинотеатре. HTC BoomSound™ с Dolby Audio прекрасно справляется с музыкой любой сложности и любого жанра - ему по силам даже многоканальные треки с YouTube.&lt;/p&gt;&lt;p&gt;Твои игры и фильмы звучат потрясающе как через встроенные динамики, так и в наушниках. Такого ты ещё не слышал!источник: http://htc.com/&lt;br&gt;&lt;/p&gt;', '');
INSERT INTO `PREFIX_DB_aridius_news_description` (`aridius_news_id`, `language_id`, `title`, `meta_description`, `meta_title`, `description`, `meta_keyword`) VALUES ('5', '1', 'Телевизоры Samsung', '', '', '&lt;p&gt;&lt;br&gt;&lt;/p&gt;&lt;p&gt;Исключительно красив, необычайно умен: подскажет тебе то, что нужно именно в этот момент, именно в этом месте.&lt;/p&gt;&lt;p&gt;&lt;br&gt;&lt;/p&gt;&lt;p&gt;Жизнь неповторима - живи по полной!&lt;/p&gt;&lt;p&gt;&lt;br&gt;&lt;/p&gt;&lt;p&gt;Двухцветный металлический корпус с зеркальной окантовкой. Скругленные углы и эргономичные формы – этот смартфон создан повторять контуры твоей руки и обеспечивать максимальный комфорт. Цельная задняя панель имеет изогнутую поверхность, ставшую визитной карточкой легендарных смартфонов серии HTC One.&lt;/p&gt;&lt;p&gt;&lt;br&gt;&lt;/p&gt;&lt;p&gt;Со смартфоном HTC One M9 возможности персонализации устройства выходят на принципиально новый уровень. Приложение HTC «Тема» позволяет оформить рабочие экраны по-своему – используй любимые фотографии и картинки с онлайн-ресурсов. Меняй форму и размер иконок, мелодии звонка и даже обои – теперь все в твоих руках! &lt;/p&gt;&lt;p&gt;&lt;br&gt;&lt;/p&gt;&lt;p&gt;Основная камера 20 МП и фронтальная камера с технологией HTC UltraPixel™ позволят тебе контролировать съемочный процесс «от» и «до».  Мощные инструменты из HTC Eye Experience позволят тебе снимать двумя камерами одновременно, делать селфи при помощи голосовых команд, ещё до момента съемки – в процессе визирования – использовать фильтры для ретуши и многое другое. А приложение Zoe позволит монтировать видеоролики, комбинируя свои материалы с фотографиями и видео, снятыми друзьями.&lt;/p&gt;&lt;p&gt;Наслаждайся потрясающими фото – с любой камерой HTC One M9.&lt;br&gt;&lt;/p&gt;&lt;p&gt;Смартфон HTC One M9 создавался в сотрудничестве с лабораторией Dolby, благодаря которому теперь ты будешь слышать объемный звук – как в настоящем кинотеатре. HTC BoomSound™ с Dolby Audio прекрасно справляется с музыкой любой сложности и любого жанра - ему по силам даже многоканальные треки с YouTube.&lt;/p&gt;&lt;p&gt;Твои игры и фильмы звучат потрясающе как через встроенные динамики, так и в наушниках. Такого ты ещё не слышал!источник: http://htc.com/&lt;br&gt;&lt;/p&gt;', '');
INSERT INTO `PREFIX_DB_aridius_news_description` (`aridius_news_id`, `language_id`, `title`, `meta_description`, `meta_title`, `description`, `meta_keyword`) VALUES ('1', '1', 'Galaxy S: новая эра в эволюции AMOLED', '', '', '&lt;p&gt;&lt;br&gt;&lt;/p&gt;&lt;p&gt;Исключительно красив, необычайно умен: подскажет тебе то, что нужно именно в этот момент, именно в этом месте.&lt;/p&gt;&lt;p&gt;&lt;br&gt;&lt;/p&gt;&lt;p&gt;Жизнь неповторима - живи по полной!&lt;/p&gt;&lt;p&gt;&lt;br&gt;&lt;/p&gt;&lt;p&gt;Двухцветный металлический корпус с зеркальной окантовкой. Скругленные углы и эргономичные формы – этот смартфон создан повторять контуры твоей руки и обеспечивать максимальный комфорт. Цельная задняя панель имеет изогнутую поверхность, ставшую визитной карточкой легендарных смартфонов серии HTC One.&lt;/p&gt;&lt;p&gt;&lt;br&gt;&lt;/p&gt;&lt;p&gt;Со смартфоном HTC One M9 возможности персонализации устройства выходят на принципиально новый уровень. Приложение HTC «Тема» позволяет оформить рабочие экраны по-своему – используй любимые фотографии и картинки с онлайн-ресурсов. Меняй форму и размер иконок, мелодии звонка и даже обои – теперь все в твоих руках! &lt;/p&gt;&lt;p&gt;&lt;br&gt;&lt;/p&gt;&lt;p&gt;Основная камера 20 МП и фронтальная камера с технологией HTC UltraPixel™ позволят тебе контролировать съемочный процесс «от» и «до».  Мощные инструменты из HTC Eye Experience позволят тебе снимать двумя камерами одновременно, делать селфи при помощи голосовых команд, ещё до момента съемки – в процессе визирования – использовать фильтры для ретуши и многое другое. А приложение Zoe позволит монтировать видеоролики, комбинируя свои материалы с фотографиями и видео, снятыми друзьями.&lt;/p&gt;&lt;p&gt;Наслаждайся потрясающими фото – с любой камерой HTC One M9.&lt;br&gt;&lt;/p&gt;&lt;p&gt;Смартфон HTC One M9 создавался в сотрудничестве с лабораторией Dolby, благодаря которому теперь ты будешь слышать объемный звук – как в настоящем кинотеатре. HTC BoomSound™ с Dolby Audio прекрасно справляется с музыкой любой сложности и любого жанра - ему по силам даже многоканальные треки с YouTube.&lt;/p&gt;&lt;p&gt;Твои игры и фильмы звучат потрясающе как через встроенные динамики, так и в наушниках. Такого ты ещё не слышал!источник: http://htc.com/&lt;br&gt;&lt;/p&gt;', '');


TRUNCATE TABLE `PREFIX_DB_aridius_news_product_related`;

INSERT INTO `PREFIX_DB_aridius_news_product_related` (`aridius_news_id`, `product_id`) VALUES ('1', '28');
INSERT INTO `PREFIX_DB_aridius_news_product_related` (`aridius_news_id`, `product_id`) VALUES ('1', '30');
INSERT INTO `PREFIX_DB_aridius_news_product_related` (`aridius_news_id`, `product_id`) VALUES ('1', '41');
INSERT INTO `PREFIX_DB_aridius_news_product_related` (`aridius_news_id`, `product_id`) VALUES ('1', '42');
INSERT INTO `PREFIX_DB_aridius_news_product_related` (`aridius_news_id`, `product_id`) VALUES ('1', '47');
INSERT INTO `PREFIX_DB_aridius_news_product_related` (`aridius_news_id`, `product_id`) VALUES ('2', '28');
INSERT INTO `PREFIX_DB_aridius_news_product_related` (`aridius_news_id`, `product_id`) VALUES ('2', '30');
INSERT INTO `PREFIX_DB_aridius_news_product_related` (`aridius_news_id`, `product_id`) VALUES ('2', '41');
INSERT INTO `PREFIX_DB_aridius_news_product_related` (`aridius_news_id`, `product_id`) VALUES ('2', '42');
INSERT INTO `PREFIX_DB_aridius_news_product_related` (`aridius_news_id`, `product_id`) VALUES ('2', '47');
INSERT INTO `PREFIX_DB_aridius_news_product_related` (`aridius_news_id`, `product_id`) VALUES ('3', '28');
INSERT INTO `PREFIX_DB_aridius_news_product_related` (`aridius_news_id`, `product_id`) VALUES ('3', '30');
INSERT INTO `PREFIX_DB_aridius_news_product_related` (`aridius_news_id`, `product_id`) VALUES ('3', '41');
INSERT INTO `PREFIX_DB_aridius_news_product_related` (`aridius_news_id`, `product_id`) VALUES ('3', '42');
INSERT INTO `PREFIX_DB_aridius_news_product_related` (`aridius_news_id`, `product_id`) VALUES ('3', '47');
INSERT INTO `PREFIX_DB_aridius_news_product_related` (`aridius_news_id`, `product_id`) VALUES ('4', '28');
INSERT INTO `PREFIX_DB_aridius_news_product_related` (`aridius_news_id`, `product_id`) VALUES ('4', '30');
INSERT INTO `PREFIX_DB_aridius_news_product_related` (`aridius_news_id`, `product_id`) VALUES ('4', '41');
INSERT INTO `PREFIX_DB_aridius_news_product_related` (`aridius_news_id`, `product_id`) VALUES ('4', '42');
INSERT INTO `PREFIX_DB_aridius_news_product_related` (`aridius_news_id`, `product_id`) VALUES ('4', '47');
INSERT INTO `PREFIX_DB_aridius_news_product_related` (`aridius_news_id`, `product_id`) VALUES ('5', '28');
INSERT INTO `PREFIX_DB_aridius_news_product_related` (`aridius_news_id`, `product_id`) VALUES ('5', '30');
INSERT INTO `PREFIX_DB_aridius_news_product_related` (`aridius_news_id`, `product_id`) VALUES ('5', '41');
INSERT INTO `PREFIX_DB_aridius_news_product_related` (`aridius_news_id`, `product_id`) VALUES ('5', '42');
INSERT INTO `PREFIX_DB_aridius_news_product_related` (`aridius_news_id`, `product_id`) VALUES ('5', '47');


TRUNCATE TABLE `PREFIX_DB_aridius_news_related`;

INSERT INTO `PREFIX_DB_aridius_news_related` (`aridius_news_id`, `related_aridius_news_id`) VALUES ('1', '2');
INSERT INTO `PREFIX_DB_aridius_news_related` (`aridius_news_id`, `related_aridius_news_id`) VALUES ('1', '3');
INSERT INTO `PREFIX_DB_aridius_news_related` (`aridius_news_id`, `related_aridius_news_id`) VALUES ('1', '4');
INSERT INTO `PREFIX_DB_aridius_news_related` (`aridius_news_id`, `related_aridius_news_id`) VALUES ('1', '5');
INSERT INTO `PREFIX_DB_aridius_news_related` (`aridius_news_id`, `related_aridius_news_id`) VALUES ('2', '1');
INSERT INTO `PREFIX_DB_aridius_news_related` (`aridius_news_id`, `related_aridius_news_id`) VALUES ('2', '3');
INSERT INTO `PREFIX_DB_aridius_news_related` (`aridius_news_id`, `related_aridius_news_id`) VALUES ('2', '4');
INSERT INTO `PREFIX_DB_aridius_news_related` (`aridius_news_id`, `related_aridius_news_id`) VALUES ('2', '5');
INSERT INTO `PREFIX_DB_aridius_news_related` (`aridius_news_id`, `related_aridius_news_id`) VALUES ('3', '1');
INSERT INTO `PREFIX_DB_aridius_news_related` (`aridius_news_id`, `related_aridius_news_id`) VALUES ('3', '2');
INSERT INTO `PREFIX_DB_aridius_news_related` (`aridius_news_id`, `related_aridius_news_id`) VALUES ('3', '4');
INSERT INTO `PREFIX_DB_aridius_news_related` (`aridius_news_id`, `related_aridius_news_id`) VALUES ('3', '5');
INSERT INTO `PREFIX_DB_aridius_news_related` (`aridius_news_id`, `related_aridius_news_id`) VALUES ('4', '1');
INSERT INTO `PREFIX_DB_aridius_news_related` (`aridius_news_id`, `related_aridius_news_id`) VALUES ('4', '2');
INSERT INTO `PREFIX_DB_aridius_news_related` (`aridius_news_id`, `related_aridius_news_id`) VALUES ('4', '3');
INSERT INTO `PREFIX_DB_aridius_news_related` (`aridius_news_id`, `related_aridius_news_id`) VALUES ('4', '5');
INSERT INTO `PREFIX_DB_aridius_news_related` (`aridius_news_id`, `related_aridius_news_id`) VALUES ('5', '1');
INSERT INTO `PREFIX_DB_aridius_news_related` (`aridius_news_id`, `related_aridius_news_id`) VALUES ('5', '2');
INSERT INTO `PREFIX_DB_aridius_news_related` (`aridius_news_id`, `related_aridius_news_id`) VALUES ('5', '3');
INSERT INTO `PREFIX_DB_aridius_news_related` (`aridius_news_id`, `related_aridius_news_id`) VALUES ('5', '4');


TRUNCATE TABLE `PREFIX_DB_aridius_news_to_store`;

INSERT INTO `PREFIX_DB_aridius_news_to_store` (`aridius_news_id`, `store_id`) VALUES ('1', '0');
INSERT INTO `PREFIX_DB_aridius_news_to_store` (`aridius_news_id`, `store_id`) VALUES ('2', '0');
INSERT INTO `PREFIX_DB_aridius_news_to_store` (`aridius_news_id`, `store_id`) VALUES ('3', '0');
INSERT INTO `PREFIX_DB_aridius_news_to_store` (`aridius_news_id`, `store_id`) VALUES ('4', '0');
INSERT INTO `PREFIX_DB_aridius_news_to_store` (`aridius_news_id`, `store_id`) VALUES ('5', '0');


TRUNCATE TABLE `PREFIX_DB_banner`;

INSERT INTO `PREFIX_DB_banner` (`banner_id`, `name`, `status`) VALUES ('7', 'Слайдшоу на главной', '1');
INSERT INTO `PREFIX_DB_banner` (`banner_id`, `name`, `status`) VALUES ('8', 'Производители', '1');
INSERT INTO `PREFIX_DB_banner` (`banner_id`, `name`, `status`) VALUES ('9', 'баннер пр1', '1');
INSERT INTO `PREFIX_DB_banner` (`banner_id`, `name`, `status`) VALUES ('10', 'баннер пр2', '1');
INSERT INTO `PREFIX_DB_banner` (`banner_id`, `name`, `status`) VALUES ('12', 'баннер ср1', '1');
INSERT INTO `PREFIX_DB_banner` (`banner_id`, `name`, `status`) VALUES ('13', 'баннер ср4', '1');
INSERT INTO `PREFIX_DB_banner` (`banner_id`, `name`, `status`) VALUES ('14', 'баннер ср2', '1');
INSERT INTO `PREFIX_DB_banner` (`banner_id`, `name`, `status`) VALUES ('15', 'баннер низ', '1');
INSERT INTO `PREFIX_DB_banner` (`banner_id`, `name`, `status`) VALUES ('16', 'на всю ширину верх', '1');
INSERT INTO `PREFIX_DB_banner` (`banner_id`, `name`, `status`) VALUES ('17', 'баннер ср3', '1');


TRUNCATE TABLE `PREFIX_DB_banner_image`;

INSERT INTO `PREFIX_DB_banner_image` (`banner_image_id`, `banner_id`, `language_id`, `title`, `description`, `link`, `image`, `sort_order`) VALUES ('94', '8', '1', 'NFL', '', '', 'catalog/demo/manufacturer/nfl.png', '0');
INSERT INTO `PREFIX_DB_banner_image` (`banner_image_id`, `banner_id`, `language_id`, `title`, `description`, `link`, `image`, `sort_order`) VALUES ('95', '8', '1', 'RedBull', '', '', 'catalog/demo/manufacturer/redbull.png', '0');
INSERT INTO `PREFIX_DB_banner_image` (`banner_image_id`, `banner_id`, `language_id`, `title`, `description`, `link`, `image`, `sort_order`) VALUES ('96', '8', '1', 'Sony', '', '', 'catalog/demo/manufacturer/sony.png', '0');
INSERT INTO `PREFIX_DB_banner_image` (`banner_image_id`, `banner_id`, `language_id`, `title`, `description`, `link`, `image`, `sort_order`) VALUES ('91', '8', '1', 'Coca Cola', '', '', 'catalog/demo/manufacturer/cocacola.png', '0');
INSERT INTO `PREFIX_DB_banner_image` (`banner_image_id`, `banner_id`, `language_id`, `title`, `description`, `link`, `image`, `sort_order`) VALUES ('92', '8', '1', 'Burger King', '', '', 'catalog/demo/manufacturer/burgerking.png', '0');
INSERT INTO `PREFIX_DB_banner_image` (`banner_image_id`, `banner_id`, `language_id`, `title`, `description`, `link`, `image`, `sort_order`) VALUES ('93', '8', '1', 'Canon', '', '', 'catalog/demo/manufacturer/canon.png', '0');
INSERT INTO `PREFIX_DB_banner_image` (`banner_image_id`, `banner_id`, `language_id`, `title`, `description`, `link`, `image`, `sort_order`) VALUES ('88', '8', '1', 'Harley Davidson', '', '', 'catalog/demo/manufacturer/harley.png', '0');
INSERT INTO `PREFIX_DB_banner_image` (`banner_image_id`, `banner_id`, `language_id`, `title`, `description`, `link`, `image`, `sort_order`) VALUES ('89', '8', '1', 'Dell', '', '', 'catalog/demo/manufacturer/dell.png', '0');
INSERT INTO `PREFIX_DB_banner_image` (`banner_image_id`, `banner_id`, `language_id`, `title`, `description`, `link`, `image`, `sort_order`) VALUES ('90', '8', '1', 'Disney', '', '', 'catalog/demo/manufacturer/disney.png', '0');
INSERT INTO `PREFIX_DB_banner_image` (`banner_image_id`, `banner_id`, `language_id`, `title`, `description`, `link`, `image`, `sort_order`) VALUES ('225', '10', '3', 'одежда женская', '', 'desktops/canon-eos-5d', 'catalog/1_fractal/321-360x243.png', '0');
INSERT INTO `PREFIX_DB_banner_image` (`banner_image_id`, `banner_id`, `language_id`, `title`, `description`, `link`, `image`, `sort_order`) VALUES ('226', '13', '3', 'одежда', '', 'desktops/canon-eos-5d', 'catalog/1_fractal/2222.png', '0');
INSERT INTO `PREFIX_DB_banner_image` (`banner_image_id`, `banner_id`, `language_id`, `title`, `description`, `link`, `image`, `sort_order`) VALUES ('227', '14', '3', 'одежда', '', 'desktops/canon-eos-5d', 'catalog/1_fractal/333.png', '0');
INSERT INTO `PREFIX_DB_banner_image` (`banner_image_id`, `banner_id`, `language_id`, `title`, `description`, `link`, `image`, `sort_order`) VALUES ('229', '17', '3', 'одежда', '', 'desktops/canon-eos-5d', 'catalog/1_fractal/777.png', '0');
INSERT INTO `PREFIX_DB_banner_image` (`banner_image_id`, `banner_id`, `language_id`, `title`, `description`, `link`, `image`, `sort_order`) VALUES ('230', '15', '3', 'одежда', '', 'desktops/canon-eos-5d', 'catalog/1_fractal/1231-1140x215.png', '0');
INSERT INTO `PREFIX_DB_banner_image` (`banner_image_id`, `banner_id`, `language_id`, `title`, `description`, `link`, `image`, `sort_order`) VALUES ('97', '8', '1', 'Starbucks', '', '', 'catalog/demo/manufacturer/starbucks.png', '0');
INSERT INTO `PREFIX_DB_banner_image` (`banner_image_id`, `banner_id`, `language_id`, `title`, `description`, `link`, `image`, `sort_order`) VALUES ('98', '8', '1', 'Nintendo', '', '', 'catalog/demo/manufacturer/nintendo.png', '0');
INSERT INTO `PREFIX_DB_banner_image` (`banner_image_id`, `banner_id`, `language_id`, `title`, `description`, `link`, `image`, `sort_order`) VALUES ('207', '7', '1', 'MacBookAir', '&lt;div class=&quot;text-slider1 ef-slider1&quot;&gt;Новая коллекция&lt;/div&gt;&lt;div class=&quot;text-slider2 ef-slider2&quot;&gt;Мужской и женской одежды&lt;/div&gt;&lt;div class=&quot;text-slider3 ef-slider3&quot;&gt;популярных брендов по доступным ценам&lt;/div&gt;&lt;div class=&quot;text-slider4 ef-slider4&quot;&gt;&lt;a class=&quot;btn-sliderb&quot; href=&quot;desktops/canon-eos-5d&quot; role=&quot;button&quot;&gt;Подробнее&lt;/a&gt;&lt;/div&gt;', 'desktops/canon-eos-5d', 'catalog/1_fractal/_330-750x501.png', '0');
INSERT INTO `PREFIX_DB_banner_image` (`banner_image_id`, `banner_id`, `language_id`, `title`, `description`, `link`, `image`, `sort_order`) VALUES ('208', '7', '1', 'iPhone 6', '&lt;div class=&quot;text-slider1 ef-slider1&quot;&gt;Коллекция&lt;/div&gt;&lt;div class=&quot;text-slider2 ef-slider2&quot;&gt;Женских сумок&lt;/div&gt;&lt;div class=&quot;text-slider3 ef-slider3&quot;&gt;популярных брендов по доступным ценам&lt;/div&gt;&lt;div class=&quot;text-slider4 ef-slider4&quot;&gt;&lt;a class=&quot;btn-sliderb&quot; href=&quot;desktops/canon-eos-5d&quot; role=&quot;button&quot;&gt;Подробнее&lt;/a&gt;&lt;/div&gt;', 'desktops/canon-eos-5d', 'catalog/1_fractal/627-14101-750x501.png', '1');
INSERT INTO `PREFIX_DB_banner_image` (`banner_image_id`, `banner_id`, `language_id`, `title`, `description`, `link`, `image`, `sort_order`) VALUES ('219', '8', '3', 'Disney', '', '', 'catalog/demo/manufacturer/disney.png', '0');
INSERT INTO `PREFIX_DB_banner_image` (`banner_image_id`, `banner_id`, `language_id`, `title`, `description`, `link`, `image`, `sort_order`) VALUES ('220', '8', '3', 'Starbucks', '', '', 'catalog/demo/manufacturer/starbucks.png', '0');
INSERT INTO `PREFIX_DB_banner_image` (`banner_image_id`, `banner_id`, `language_id`, `title`, `description`, `link`, `image`, `sort_order`) VALUES ('221', '8', '3', 'Nintendo', '', '', 'catalog/demo/manufacturer/nintendo.png', '0');
INSERT INTO `PREFIX_DB_banner_image` (`banner_image_id`, `banner_id`, `language_id`, `title`, `description`, `link`, `image`, `sort_order`) VALUES ('222', '7', '3', 'MacBookAir', '', 'desktops/canon-eos-5d', 'catalog/1_fractal/_330-750x501.png', '0');
INSERT INTO `PREFIX_DB_banner_image` (`banner_image_id`, `banner_id`, `language_id`, `title`, `description`, `link`, `image`, `sort_order`) VALUES ('223', '7', '3', 'iPhone 6', '', 'desktops/canon-eos-5d', 'catalog/1_fractal/627-14101-750x501.png', '1');
INSERT INTO `PREFIX_DB_banner_image` (`banner_image_id`, `banner_id`, `language_id`, `title`, `description`, `link`, `image`, `sort_order`) VALUES ('224', '9', '3', 'одежда женская', '', 'desktops/canon-eos-5d', 'catalog/1_fractal/123-360x243.png', '0');
INSERT INTO `PREFIX_DB_banner_image` (`banner_image_id`, `banner_id`, `language_id`, `title`, `description`, `link`, `image`, `sort_order`) VALUES ('209', '9', '1', 'одежда женская', '&lt;span class = &quot;bannerright-text&quot;&gt;скидки до 50%&lt;/span&gt;', 'desktops/canon-eos-5d', 'catalog/1_fractal/123-360x243.png', '0');
INSERT INTO `PREFIX_DB_banner_image` (`banner_image_id`, `banner_id`, `language_id`, `title`, `description`, `link`, `image`, `sort_order`) VALUES ('231', '16', '3', 'часы', '', 'mp3-pleeri/htctouch', 'catalog/1_fractal/category-banners-081615-06.jpg', '0');
INSERT INTO `PREFIX_DB_banner_image` (`banner_image_id`, `banner_id`, `language_id`, `title`, `description`, `link`, `image`, `sort_order`) VALUES ('210', '10', '1', 'одежда женская', '&lt;span class = &quot;bannerright-text&quot;&gt;НОВЫЙ ЗАВОЗ&lt;/span&gt;', 'desktops/canon-eos-5d', 'catalog/1_fractal/321-360x243.png', '0');
INSERT INTO `PREFIX_DB_banner_image` (`banner_image_id`, `banner_id`, `language_id`, `title`, `description`, `link`, `image`, `sort_order`) VALUES ('211', '8', '3', 'NFL', '', '', 'catalog/demo/manufacturer/nfl.png', '0');
INSERT INTO `PREFIX_DB_banner_image` (`banner_image_id`, `banner_id`, `language_id`, `title`, `description`, `link`, `image`, `sort_order`) VALUES ('212', '8', '3', 'RedBull', '', '', 'catalog/demo/manufacturer/redbull.png', '0');
INSERT INTO `PREFIX_DB_banner_image` (`banner_image_id`, `banner_id`, `language_id`, `title`, `description`, `link`, `image`, `sort_order`) VALUES ('213', '8', '3', 'Sony', '', '', 'catalog/demo/manufacturer/sony.png', '0');
INSERT INTO `PREFIX_DB_banner_image` (`banner_image_id`, `banner_id`, `language_id`, `title`, `description`, `link`, `image`, `sort_order`) VALUES ('214', '8', '3', 'Coca Cola', '', '', 'catalog/demo/manufacturer/cocacola.png', '0');
INSERT INTO `PREFIX_DB_banner_image` (`banner_image_id`, `banner_id`, `language_id`, `title`, `description`, `link`, `image`, `sort_order`) VALUES ('215', '8', '3', 'Burger King', '', '', 'catalog/demo/manufacturer/burgerking.png', '0');
INSERT INTO `PREFIX_DB_banner_image` (`banner_image_id`, `banner_id`, `language_id`, `title`, `description`, `link`, `image`, `sort_order`) VALUES ('216', '8', '3', 'Canon', '', '', 'catalog/demo/manufacturer/canon.png', '0');
INSERT INTO `PREFIX_DB_banner_image` (`banner_image_id`, `banner_id`, `language_id`, `title`, `description`, `link`, `image`, `sort_order`) VALUES ('217', '8', '3', 'Harley Davidson', '', '', 'catalog/demo/manufacturer/harley.png', '0');
INSERT INTO `PREFIX_DB_banner_image` (`banner_image_id`, `banner_id`, `language_id`, `title`, `description`, `link`, `image`, `sort_order`) VALUES ('218', '8', '3', 'Dell', '', '', 'catalog/demo/manufacturer/dell.png', '0');
INSERT INTO `PREFIX_DB_banner_image` (`banner_image_id`, `banner_id`, `language_id`, `title`, `description`, `link`, `image`, `sort_order`) VALUES ('201', '13', '1', 'одежда', '&lt;a class=&quot;btn btn-bannercenter&quot; href=&quot;desktops/canon-eos-5d&quot; role=&quot;button&quot;&gt;Смотреть&lt;/a&gt;', 'desktops/canon-eos-5d', 'catalog/1_fractal/2222.png', '0');
INSERT INTO `PREFIX_DB_banner_image` (`banner_image_id`, `banner_id`, `language_id`, `title`, `description`, `link`, `image`, `sort_order`) VALUES ('203', '14', '1', 'одежда', '&lt;span class = &quot;bannercenter-text&quot;&gt;женская обувь&lt;/span&gt;', 'desktops/canon-eos-5d', 'catalog/1_fractal/333.png', '0');
INSERT INTO `PREFIX_DB_banner_image` (`banner_image_id`, `banner_id`, `language_id`, `title`, `description`, `link`, `image`, `sort_order`) VALUES ('232', '16', '3', 'сумки', '', 'mp3-pleeri/htctouch', 'catalog/1_fractal/applewatch_category-banners-081615-05.jpg', '0');
INSERT INTO `PREFIX_DB_banner_image` (`banner_image_id`, `banner_id`, `language_id`, `title`, `description`, `link`, `image`, `sort_order`) VALUES ('233', '12', '1', 'одежда', '&lt;a class=&quot;btn btn-bannercenter&quot; href=&quot;mp3-pleeri/ipod-shuffle&quot; role=&quot;button&quot;&gt;Смотреть&lt;/a&gt;', 'desktops/canon-eos-5d', 'catalog/1_fractal/edison08.jpg', '0');
INSERT INTO `PREFIX_DB_banner_image` (`banner_image_id`, `banner_id`, `language_id`, `title`, `description`, `link`, `image`, `sort_order`) VALUES ('234', '12', '3', 'одежда', '', 'desktops/canon-eos-5d', 'catalog/block-static/Edison08.jpg', '0');
INSERT INTO `PREFIX_DB_banner_image` (`banner_image_id`, `banner_id`, `language_id`, `title`, `description`, `link`, `image`, `sort_order`) VALUES ('202', '17', '1', 'одежда', '&lt;span class = &quot;bannercenter-text2&quot;&gt;женские куртки&lt;/span&gt;', 'desktops/canon-eos-5d', 'catalog/1_fractal/777.png', '0');
INSERT INTO `PREFIX_DB_banner_image` (`banner_image_id`, `banner_id`, `language_id`, `title`, `description`, `link`, `image`, `sort_order`) VALUES ('197', '15', '1', 'одежда', '&lt;span class = &quot;bannerbottom-text&quot;&gt;скидки до 50%&lt;/span&gt;', 'desktops/canon-eos-5d', 'catalog/1_fractal/1231-1140x215.png', '0');
INSERT INTO `PREFIX_DB_banner_image` (`banner_image_id`, `banner_id`, `language_id`, `title`, `description`, `link`, `image`, `sort_order`) VALUES ('206', '16', '1', 'часы', '&lt;div class=&quot;text-slider1 ef-slider1&quot;&gt;Коллекция&lt;/div&gt;&lt;div class=&quot;text-slider2 ef-slider2&quot;&gt;Женских часов&lt;/div&gt;&lt;div class=&quot;text-slider3 ef-slider3&quot;&gt;популярных брендов по доступным ценам&lt;/div&gt;&lt;div class=&quot;text-slider4 ef-slider4&quot;&gt;&lt;a class=&quot;btn-slider&quot; href=&quot;mp3pleery/apple-cinema-30&quot; role=&quot;button&quot;&gt;Подробнее&lt;/a&gt;&lt;/div&gt;', 'mp3-pleeri/htctouch', 'catalog/1_fractal/category-banners-081615-06.jpg', '0');
INSERT INTO `PREFIX_DB_banner_image` (`banner_image_id`, `banner_id`, `language_id`, `title`, `description`, `link`, `image`, `sort_order`) VALUES ('205', '16', '1', 'сумки', '&lt;div class=&quot;text-slider1 ef-slider1&quot;&gt;Коллекция&lt;/div&gt;&lt;div class=&quot;text-slider2 ef-slider2&quot;&gt;Телефонов apple&lt;/div&gt;&lt;div class=&quot;text-slider3 ef-slider3&quot;&gt;По доступным ценам&lt;/div&gt;&lt;div class=&quot;text-slider4 ef-slider4&quot;&gt;&lt;a class=&quot;btn-slider&quot; href=&quot;mp3pleery/apple-cinema-30&quot; role=&quot;button&quot;&gt;Подробнее&lt;/a&gt;&lt;/div&gt;', 'mp3-pleeri/htctouch', 'catalog/1_fractal/applewatch_category-banners-081615-05.jpg', '0');





REPLACE INTO `PREFIX_DB_extension` (`extension_id`, `type`, `code`) VALUES ('1', 'payment', 'cod');
REPLACE INTO `PREFIX_DB_extension` (`extension_id`, `type`, `code`) VALUES ('2', 'total', 'shipping');
REPLACE INTO `PREFIX_DB_extension` (`extension_id`, `type`, `code`) VALUES ('3', 'total', 'sub_total');
REPLACE INTO `PREFIX_DB_extension` (`extension_id`, `type`, `code`) VALUES ('4', 'total', 'tax');
REPLACE INTO `PREFIX_DB_extension` (`extension_id`, `type`, `code`) VALUES ('5', 'total', 'total');
REPLACE INTO `PREFIX_DB_extension` (`extension_id`, `type`, `code`) VALUES ('6', 'module', 'banner');
REPLACE INTO `PREFIX_DB_extension` (`extension_id`, `type`, `code`) VALUES ('7', 'module', 'carousel');
REPLACE INTO `PREFIX_DB_extension` (`extension_id`, `type`, `code`) VALUES ('8', 'total', 'credit');
REPLACE INTO `PREFIX_DB_extension` (`extension_id`, `type`, `code`) VALUES ('9', 'shipping', 'flat');
REPLACE INTO `PREFIX_DB_extension` (`extension_id`, `type`, `code`) VALUES ('10', 'total', 'handling');
REPLACE INTO `PREFIX_DB_extension` (`extension_id`, `type`, `code`) VALUES ('11', 'total', 'low_order_fee');
REPLACE INTO `PREFIX_DB_extension` (`extension_id`, `type`, `code`) VALUES ('12', 'total', 'coupon');
REPLACE INTO `PREFIX_DB_extension` (`extension_id`, `type`, `code`) VALUES ('13', 'module', 'category');
REPLACE INTO `PREFIX_DB_extension` (`extension_id`, `type`, `code`) VALUES ('14', 'module', 'account');
REPLACE INTO `PREFIX_DB_extension` (`extension_id`, `type`, `code`) VALUES ('15', 'total', 'reward');
REPLACE INTO `PREFIX_DB_extension` (`extension_id`, `type`, `code`) VALUES ('16', 'total', 'voucher');
REPLACE INTO `PREFIX_DB_extension` (`extension_id`, `type`, `code`) VALUES ('17', 'payment', 'free_checkout');
REPLACE INTO `PREFIX_DB_extension` (`extension_id`, `type`, `code`) VALUES ('37', 'module', 'featured');
REPLACE INTO `PREFIX_DB_extension` (`extension_id`, `type`, `code`) VALUES ('19', 'module', 'slideshow');
REPLACE INTO `PREFIX_DB_extension` (`extension_id`, `type`, `code`) VALUES ('59', 'theme', 'fractal');
REPLACE INTO `PREFIX_DB_extension` (`extension_id`, `type`, `code`) VALUES ('21', 'dashboard', 'activity');
REPLACE INTO `PREFIX_DB_extension` (`extension_id`, `type`, `code`) VALUES ('22', 'dashboard', 'sale');
REPLACE INTO `PREFIX_DB_extension` (`extension_id`, `type`, `code`) VALUES ('23', 'dashboard', 'recent');
REPLACE INTO `PREFIX_DB_extension` (`extension_id`, `type`, `code`) VALUES ('24', 'dashboard', 'order');
REPLACE INTO `PREFIX_DB_extension` (`extension_id`, `type`, `code`) VALUES ('25', 'dashboard', 'online');
REPLACE INTO `PREFIX_DB_extension` (`extension_id`, `type`, `code`) VALUES ('26', 'dashboard', 'map');
REPLACE INTO `PREFIX_DB_extension` (`extension_id`, `type`, `code`) VALUES ('27', 'dashboard', 'customer');
REPLACE INTO `PREFIX_DB_extension` (`extension_id`, `type`, `code`) VALUES ('28', 'dashboard', 'chart');
REPLACE INTO `PREFIX_DB_extension` (`extension_id`, `type`, `code`) VALUES ('30', 'module', 'aridius_catwall');
REPLACE INTO `PREFIX_DB_extension` (`extension_id`, `type`, `code`) VALUES ('31', 'module', 'aridius_tab');
REPLACE INTO `PREFIX_DB_extension` (`extension_id`, `type`, `code`) VALUES ('32', 'module', 'aridius_featured');
REPLACE INTO `PREFIX_DB_extension` (`extension_id`, `type`, `code`) VALUES ('33', 'module', 'aridius_pr_review');
REPLACE INTO `PREFIX_DB_extension` (`extension_id`, `type`, `code`) VALUES ('34', 'module', 'aridius_news');
REPLACE INTO `PREFIX_DB_extension` (`extension_id`, `type`, `code`) VALUES ('35', 'module', 'aridius_category_accordion');
REPLACE INTO `PREFIX_DB_extension` (`extension_id`, `type`, `code`) VALUES ('36', 'module', 'aridius_news_category');
REPLACE INTO `PREFIX_DB_extension` (`extension_id`, `type`, `code`) VALUES ('38', 'module', 'special');
REPLACE INTO `PREFIX_DB_extension` (`extension_id`, `type`, `code`) VALUES ('39', 'module', 'aridius_faq');
REPLACE INTO `PREFIX_DB_extension` (`extension_id`, `type`, `code`) VALUES ('40', 'module', 'aridius_qckview');
REPLACE INTO `PREFIX_DB_extension` (`extension_id`, `type`, `code`) VALUES ('41', 'module', 'aridius_letters');
REPLACE INTO `PREFIX_DB_extension` (`extension_id`, `type`, `code`) VALUES ('42', 'module', 'aridiuscallback');
REPLACE INTO `PREFIX_DB_extension` (`extension_id`, `type`, `code`) VALUES ('43', 'module', 'aridius_livesearch');
REPLACE INTO `PREFIX_DB_extension` (`extension_id`, `type`, `code`) VALUES ('44', 'module', 'aridiusinstock');
REPLACE INTO `PREFIX_DB_extension` (`extension_id`, `type`, `code`) VALUES ('45', 'module', 'aridiusfastorder');
REPLACE INTO `PREFIX_DB_extension` (`extension_id`, `type`, `code`) VALUES ('46', 'module', 'aridiusundersell');
REPLACE INTO `PREFIX_DB_extension` (`extension_id`, `type`, `code`) VALUES ('47', 'module', 'aridius_popupsize');
REPLACE INTO `PREFIX_DB_extension` (`extension_id`, `type`, `code`) VALUES ('48', 'module', 'aridius_popupmail');
REPLACE INTO `PREFIX_DB_extension` (`extension_id`, `type`, `code`) VALUES ('52', 'module', 'aridius_store_review');
REPLACE INTO `PREFIX_DB_extension` (`extension_id`, `type`, `code`) VALUES ('53', 'analytics', 'google_analytics');
REPLACE INTO `PREFIX_DB_extension` (`extension_id`, `type`, `code`) VALUES ('54', 'module', 'aridius_special');
REPLACE INTO `PREFIX_DB_extension` (`extension_id`, `type`, `code`) VALUES ('55', 'module', 'aridius_bestseller');
REPLACE INTO `PREFIX_DB_extension` (`extension_id`, `type`, `code`) VALUES ('56', 'module', 'aridius_latest');
REPLACE INTO `PREFIX_DB_extension` (`extension_id`, `type`, `code`) VALUES ('57', 'module', 'bestseller');
REPLACE INTO `PREFIX_DB_extension` (`extension_id`, `type`, `code`) VALUES ('58', 'module', 'latest');
REPLACE INTO `PREFIX_DB_extension` (`extension_id`, `type`, `code`) VALUES ('60', 'module', 'aridius_viewed');




TRUNCATE TABLE `PREFIX_DB_layout`;

INSERT INTO `PREFIX_DB_layout` (`layout_id`, `name`) VALUES ('1', 'Главная');
INSERT INTO `PREFIX_DB_layout` (`layout_id`, `name`) VALUES ('2', 'Продукт');
INSERT INTO `PREFIX_DB_layout` (`layout_id`, `name`) VALUES ('3', 'Категория');
INSERT INTO `PREFIX_DB_layout` (`layout_id`, `name`) VALUES ('4', 'По умолчанию');
INSERT INTO `PREFIX_DB_layout` (`layout_id`, `name`) VALUES ('5', 'Производитель');
INSERT INTO `PREFIX_DB_layout` (`layout_id`, `name`) VALUES ('6', 'Аккаунт');
INSERT INTO `PREFIX_DB_layout` (`layout_id`, `name`) VALUES ('7', 'Оформление заказ');
INSERT INTO `PREFIX_DB_layout` (`layout_id`, `name`) VALUES ('8', 'Контакты');
INSERT INTO `PREFIX_DB_layout` (`layout_id`, `name`) VALUES ('9', 'Карта сайта');
INSERT INTO `PREFIX_DB_layout` (`layout_id`, `name`) VALUES ('10', 'Партнерская программа');
INSERT INTO `PREFIX_DB_layout` (`layout_id`, `name`) VALUES ('11', 'Информация');
INSERT INTO `PREFIX_DB_layout` (`layout_id`, `name`) VALUES ('12', 'Сравнение');
INSERT INTO `PREFIX_DB_layout` (`layout_id`, `name`) VALUES ('13', 'Поиск');
INSERT INTO `PREFIX_DB_layout` (`layout_id`, `name`) VALUES ('14', 'News');
INSERT INTO `PREFIX_DB_layout` (`layout_id`, `name`) VALUES ('15', 'Faq');
INSERT INTO `PREFIX_DB_layout` (`layout_id`, `name`) VALUES ('16', 'Review');


TRUNCATE TABLE `PREFIX_DB_layout_module`;

INSERT INTO `PREFIX_DB_layout_module` (`layout_module_id`, `layout_id`, `code`, `position`, `sort_order`) VALUES ('833', '4', 'aridius_popupmail', 'content_bottom', '3');
INSERT INTO `PREFIX_DB_layout_module` (`layout_module_id`, `layout_id`, `code`, `position`, `sort_order`) VALUES ('837', '5', 'aridiusinstock', 'content_bottom', '2');
INSERT INTO `PREFIX_DB_layout_module` (`layout_module_id`, `layout_id`, `code`, `position`, `sort_order`) VALUES ('319', '10', 'aridius_livesearch', 'content_bottom', '2');
INSERT INTO `PREFIX_DB_layout_module` (`layout_module_id`, `layout_id`, `code`, `position`, `sort_order`) VALUES ('838', '5', 'aridius_popupmail', 'content_bottom', '3');
INSERT INTO `PREFIX_DB_layout_module` (`layout_module_id`, `layout_id`, `code`, `position`, `sort_order`) VALUES ('892', '3', 'aridius_letters', 'content_mail', '0');
INSERT INTO `PREFIX_DB_layout_module` (`layout_module_id`, `layout_id`, `code`, `position`, `sort_order`) VALUES ('891', '3', 'aridius_faq', 'column_left', '4');
INSERT INTO `PREFIX_DB_layout_module` (`layout_module_id`, `layout_id`, `code`, `position`, `sort_order`) VALUES ('917', '1', 'aridiusinstock', 'content_bottom', '2');
INSERT INTO `PREFIX_DB_layout_module` (`layout_module_id`, `layout_id`, `code`, `position`, `sort_order`) VALUES ('916', '1', 'aridius_livesearch', 'content_bottom', '1');
INSERT INTO `PREFIX_DB_layout_module` (`layout_module_id`, `layout_id`, `code`, `position`, `sort_order`) VALUES ('915', '1', 'aridius_news', 'content_bottom', '0');
INSERT INTO `PREFIX_DB_layout_module` (`layout_module_id`, `layout_id`, `code`, `position`, `sort_order`) VALUES ('890', '3', 'aridius_viewed.52', 'column_left', '3');
INSERT INTO `PREFIX_DB_layout_module` (`layout_module_id`, `layout_id`, `code`, `position`, `sort_order`) VALUES ('889', '3', 'featured.42', 'column_left', '2');
INSERT INTO `PREFIX_DB_layout_module` (`layout_module_id`, `layout_id`, `code`, `position`, `sort_order`) VALUES ('258', '15', 'aridiuscallback', 'content_bottom', '2');
INSERT INTO `PREFIX_DB_layout_module` (`layout_module_id`, `layout_id`, `code`, `position`, `sort_order`) VALUES ('257', '15', 'aridiusinstock', 'content_bottom', '1');
INSERT INTO `PREFIX_DB_layout_module` (`layout_module_id`, `layout_id`, `code`, `position`, `sort_order`) VALUES ('256', '15', 'aridius_livesearch', 'content_bottom', '0');
INSERT INTO `PREFIX_DB_layout_module` (`layout_module_id`, `layout_id`, `code`, `position`, `sort_order`) VALUES ('255', '15', 'aridius_letters', 'content_mail', '0');
INSERT INTO `PREFIX_DB_layout_module` (`layout_module_id`, `layout_id`, `code`, `position`, `sort_order`) VALUES ('263', '14', 'aridiuscallback', 'content_bottom', '2');
INSERT INTO `PREFIX_DB_layout_module` (`layout_module_id`, `layout_id`, `code`, `position`, `sort_order`) VALUES ('262', '14', 'aridiusinstock', 'content_bottom', '1');
INSERT INTO `PREFIX_DB_layout_module` (`layout_module_id`, `layout_id`, `code`, `position`, `sort_order`) VALUES ('261', '14', 'aridius_livesearch', 'content_bottom', '0');
INSERT INTO `PREFIX_DB_layout_module` (`layout_module_id`, `layout_id`, `code`, `position`, `sort_order`) VALUES ('260', '14', 'aridius_letters', 'content_mail', '0');
INSERT INTO `PREFIX_DB_layout_module` (`layout_module_id`, `layout_id`, `code`, `position`, `sort_order`) VALUES ('268', '6', 'aridiuscallback', 'content_bottom', '2');
INSERT INTO `PREFIX_DB_layout_module` (`layout_module_id`, `layout_id`, `code`, `position`, `sort_order`) VALUES ('267', '6', 'aridiusinstock', 'content_bottom', '1');
INSERT INTO `PREFIX_DB_layout_module` (`layout_module_id`, `layout_id`, `code`, `position`, `sort_order`) VALUES ('266', '6', 'aridius_livesearch', 'content_bottom', '0');
INSERT INTO `PREFIX_DB_layout_module` (`layout_module_id`, `layout_id`, `code`, `position`, `sort_order`) VALUES ('265', '6', 'aridius_letters', 'content_mail', '0');
INSERT INTO `PREFIX_DB_layout_module` (`layout_module_id`, `layout_id`, `code`, `position`, `sort_order`) VALUES ('914', '1', 'aridius_letters', 'content_mail', '0');
INSERT INTO `PREFIX_DB_layout_module` (`layout_module_id`, `layout_id`, `code`, `position`, `sort_order`) VALUES ('913', '1', 'banner.36', 'content_slrig1', '0');
INSERT INTO `PREFIX_DB_layout_module` (`layout_module_id`, `layout_id`, `code`, `position`, `sort_order`) VALUES ('292', '11', 'aridiuscallback', 'content_bottom', '2');
INSERT INTO `PREFIX_DB_layout_module` (`layout_module_id`, `layout_id`, `code`, `position`, `sort_order`) VALUES ('291', '11', 'aridiusinstock', 'content_bottom', '1');
INSERT INTO `PREFIX_DB_layout_module` (`layout_module_id`, `layout_id`, `code`, `position`, `sort_order`) VALUES ('290', '11', 'aridius_livesearch', 'content_bottom', '0');
INSERT INTO `PREFIX_DB_layout_module` (`layout_module_id`, `layout_id`, `code`, `position`, `sort_order`) VALUES ('289', '11', 'aridius_letters', 'content_mail', '0');
INSERT INTO `PREFIX_DB_layout_module` (`layout_module_id`, `layout_id`, `code`, `position`, `sort_order`) VALUES ('296', '9', 'aridius_livesearch', 'content_bottom', '1');
INSERT INTO `PREFIX_DB_layout_module` (`layout_module_id`, `layout_id`, `code`, `position`, `sort_order`) VALUES ('295', '9', 'aridiusinstock', 'content_bottom', '0');
INSERT INTO `PREFIX_DB_layout_module` (`layout_module_id`, `layout_id`, `code`, `position`, `sort_order`) VALUES ('294', '9', 'aridius_letters', 'content_mail', '0');
INSERT INTO `PREFIX_DB_layout_module` (`layout_module_id`, `layout_id`, `code`, `position`, `sort_order`) VALUES ('888', '3', 'aridius_news_category.41', 'column_left', '1');
INSERT INTO `PREFIX_DB_layout_module` (`layout_module_id`, `layout_id`, `code`, `position`, `sort_order`) VALUES ('310', '8', 'aridiuscallback', 'content_bottom', '2');
INSERT INTO `PREFIX_DB_layout_module` (`layout_module_id`, `layout_id`, `code`, `position`, `sort_order`) VALUES ('309', '8', 'aridiusinstock', 'content_bottom', '1');
INSERT INTO `PREFIX_DB_layout_module` (`layout_module_id`, `layout_id`, `code`, `position`, `sort_order`) VALUES ('308', '8', 'aridius_livesearch', 'content_bottom', '0');
INSERT INTO `PREFIX_DB_layout_module` (`layout_module_id`, `layout_id`, `code`, `position`, `sort_order`) VALUES ('307', '8', 'aridius_letters', 'content_mail', '0');
INSERT INTO `PREFIX_DB_layout_module` (`layout_module_id`, `layout_id`, `code`, `position`, `sort_order`) VALUES ('314', '7', 'aridiuscallback', 'content_bottom', '2');
INSERT INTO `PREFIX_DB_layout_module` (`layout_module_id`, `layout_id`, `code`, `position`, `sort_order`) VALUES ('313', '7', 'aridiusinstock', 'content_bottom', '1');
INSERT INTO `PREFIX_DB_layout_module` (`layout_module_id`, `layout_id`, `code`, `position`, `sort_order`) VALUES ('312', '7', 'aridius_livesearch', 'content_bottom', '0');
INSERT INTO `PREFIX_DB_layout_module` (`layout_module_id`, `layout_id`, `code`, `position`, `sort_order`) VALUES ('311', '7', 'aridius_letters', 'content_mail', '0');
INSERT INTO `PREFIX_DB_layout_module` (`layout_module_id`, `layout_id`, `code`, `position`, `sort_order`) VALUES ('318', '10', 'aridiusinstock', 'content_bottom', '1');
INSERT INTO `PREFIX_DB_layout_module` (`layout_module_id`, `layout_id`, `code`, `position`, `sort_order`) VALUES ('317', '10', 'aridiuscallback', 'content_bottom', '0');
INSERT INTO `PREFIX_DB_layout_module` (`layout_module_id`, `layout_id`, `code`, `position`, `sort_order`) VALUES ('316', '10', 'aridius_letters', 'content_mail', '0');
INSERT INTO `PREFIX_DB_layout_module` (`layout_module_id`, `layout_id`, `code`, `position`, `sort_order`) VALUES ('832', '4', 'aridius_livesearch', 'content_bottom', '2');
INSERT INTO `PREFIX_DB_layout_module` (`layout_module_id`, `layout_id`, `code`, `position`, `sort_order`) VALUES ('831', '4', 'aridiusinstock', 'content_bottom', '1');
INSERT INTO `PREFIX_DB_layout_module` (`layout_module_id`, `layout_id`, `code`, `position`, `sort_order`) VALUES ('332', '13', 'aridiuscallback', 'content_bottom', '2');
INSERT INTO `PREFIX_DB_layout_module` (`layout_module_id`, `layout_id`, `code`, `position`, `sort_order`) VALUES ('331', '13', 'aridiusinstock', 'content_bottom', '1');
INSERT INTO `PREFIX_DB_layout_module` (`layout_module_id`, `layout_id`, `code`, `position`, `sort_order`) VALUES ('330', '13', 'aridius_livesearch', 'content_bottom', '0');
INSERT INTO `PREFIX_DB_layout_module` (`layout_module_id`, `layout_id`, `code`, `position`, `sort_order`) VALUES ('329', '13', 'aridius_letters', 'content_mail', '0');
INSERT INTO `PREFIX_DB_layout_module` (`layout_module_id`, `layout_id`, `code`, `position`, `sort_order`) VALUES ('926', '2', 'aridius_popupmail', 'content_bottom', '5');
INSERT INTO `PREFIX_DB_layout_module` (`layout_module_id`, `layout_id`, `code`, `position`, `sort_order`) VALUES ('836', '5', 'aridius_livesearch', 'content_bottom', '1');
INSERT INTO `PREFIX_DB_layout_module` (`layout_module_id`, `layout_id`, `code`, `position`, `sort_order`) VALUES ('835', '5', 'aridiuscallback', 'content_bottom', '0');
INSERT INTO `PREFIX_DB_layout_module` (`layout_module_id`, `layout_id`, `code`, `position`, `sort_order`) VALUES ('353', '12', 'aridiuscallback', 'content_bottom', '2');
INSERT INTO `PREFIX_DB_layout_module` (`layout_module_id`, `layout_id`, `code`, `position`, `sort_order`) VALUES ('352', '12', 'aridiusinstock', 'content_bottom', '1');
INSERT INTO `PREFIX_DB_layout_module` (`layout_module_id`, `layout_id`, `code`, `position`, `sort_order`) VALUES ('351', '12', 'aridius_livesearch', 'content_bottom', '0');
INSERT INTO `PREFIX_DB_layout_module` (`layout_module_id`, `layout_id`, `code`, `position`, `sort_order`) VALUES ('350', '12', 'aridius_letters', 'content_mail', '0');
INSERT INTO `PREFIX_DB_layout_module` (`layout_module_id`, `layout_id`, `code`, `position`, `sort_order`) VALUES ('925', '2', 'aridiusundersell', 'content_bottom', '4');
INSERT INTO `PREFIX_DB_layout_module` (`layout_module_id`, `layout_id`, `code`, `position`, `sort_order`) VALUES ('924', '2', 'aridiusfastorder', 'content_bottom', '3');
INSERT INTO `PREFIX_DB_layout_module` (`layout_module_id`, `layout_id`, `code`, `position`, `sort_order`) VALUES ('259', '15', 'aridius_popupmail', 'content_bottom', '3');
INSERT INTO `PREFIX_DB_layout_module` (`layout_module_id`, `layout_id`, `code`, `position`, `sort_order`) VALUES ('264', '14', 'aridius_popupmail', 'content_bottom', '3');
INSERT INTO `PREFIX_DB_layout_module` (`layout_module_id`, `layout_id`, `code`, `position`, `sort_order`) VALUES ('269', '6', 'aridius_popupmail', 'content_bottom', '3');
INSERT INTO `PREFIX_DB_layout_module` (`layout_module_id`, `layout_id`, `code`, `position`, `sort_order`) VALUES ('270', '6', 'account', 'column_right', '1');
INSERT INTO `PREFIX_DB_layout_module` (`layout_module_id`, `layout_id`, `code`, `position`, `sort_order`) VALUES ('293', '11', 'aridius_popupmail', 'content_bottom', '3');
INSERT INTO `PREFIX_DB_layout_module` (`layout_module_id`, `layout_id`, `code`, `position`, `sort_order`) VALUES ('297', '9', 'aridiuscallback', 'content_bottom', '2');
INSERT INTO `PREFIX_DB_layout_module` (`layout_module_id`, `layout_id`, `code`, `position`, `sort_order`) VALUES ('298', '9', 'aridius_popupmail', 'content_bottom', '3');
INSERT INTO `PREFIX_DB_layout_module` (`layout_module_id`, `layout_id`, `code`, `position`, `sort_order`) VALUES ('887', '3', 'aridius_category_accordion', 'column_left', '0');
INSERT INTO `PREFIX_DB_layout_module` (`layout_module_id`, `layout_id`, `code`, `position`, `sort_order`) VALUES ('315', '7', 'aridius_popupmail', 'content_bottom', '3');
INSERT INTO `PREFIX_DB_layout_module` (`layout_module_id`, `layout_id`, `code`, `position`, `sort_order`) VALUES ('320', '10', 'aridius_popupmail', 'content_bottom', '3');
INSERT INTO `PREFIX_DB_layout_module` (`layout_module_id`, `layout_id`, `code`, `position`, `sort_order`) VALUES ('321', '10', 'account', 'column_right', '1');
INSERT INTO `PREFIX_DB_layout_module` (`layout_module_id`, `layout_id`, `code`, `position`, `sort_order`) VALUES ('830', '4', 'aridiuscallback', 'content_bottom', '0');
INSERT INTO `PREFIX_DB_layout_module` (`layout_module_id`, `layout_id`, `code`, `position`, `sort_order`) VALUES ('829', '4', 'aridius_letters', 'content_mail', '0');
INSERT INTO `PREFIX_DB_layout_module` (`layout_module_id`, `layout_id`, `code`, `position`, `sort_order`) VALUES ('333', '13', 'aridius_popupmail', 'content_bottom', '3');
INSERT INTO `PREFIX_DB_layout_module` (`layout_module_id`, `layout_id`, `code`, `position`, `sort_order`) VALUES ('923', '2', 'aridiuscallback', 'content_bottom', '2');
INSERT INTO `PREFIX_DB_layout_module` (`layout_module_id`, `layout_id`, `code`, `position`, `sort_order`) VALUES ('834', '5', 'aridius_letters', 'content_mail', '0');
INSERT INTO `PREFIX_DB_layout_module` (`layout_module_id`, `layout_id`, `code`, `position`, `sort_order`) VALUES ('354', '12', 'aridius_popupmail', 'content_bottom', '3');
INSERT INTO `PREFIX_DB_layout_module` (`layout_module_id`, `layout_id`, `code`, `position`, `sort_order`) VALUES ('355', '16', 'aridius_letters', 'content_mail', '0');
INSERT INTO `PREFIX_DB_layout_module` (`layout_module_id`, `layout_id`, `code`, `position`, `sort_order`) VALUES ('356', '16', 'aridiuscallback', 'content_bottom', '0');
INSERT INTO `PREFIX_DB_layout_module` (`layout_module_id`, `layout_id`, `code`, `position`, `sort_order`) VALUES ('357', '16', 'aridius_livesearch', 'content_bottom', '1');
INSERT INTO `PREFIX_DB_layout_module` (`layout_module_id`, `layout_id`, `code`, `position`, `sort_order`) VALUES ('912', '1', 'aridius_pr_review.40', 'content_slrig2', '1');
INSERT INTO `PREFIX_DB_layout_module` (`layout_module_id`, `layout_id`, `code`, `position`, `sort_order`) VALUES ('922', '2', 'aridiusinstock', 'content_bottom', '1');
INSERT INTO `PREFIX_DB_layout_module` (`layout_module_id`, `layout_id`, `code`, `position`, `sort_order`) VALUES ('911', '1', 'aridius_special.45', 'content_slrig2', '0');
INSERT INTO `PREFIX_DB_layout_module` (`layout_module_id`, `layout_id`, `code`, `position`, `sort_order`) VALUES ('910', '1', 'banner.34', 'content_bot3', '0');
INSERT INTO `PREFIX_DB_layout_module` (`layout_module_id`, `layout_id`, `code`, `position`, `sort_order`) VALUES ('921', '2', 'aridius_livesearch', 'content_bottom', '0');
INSERT INTO `PREFIX_DB_layout_module` (`layout_module_id`, `layout_id`, `code`, `position`, `sort_order`) VALUES ('909', '1', 'banner.46', 'content_bot2', '0');
INSERT INTO `PREFIX_DB_layout_module` (`layout_module_id`, `layout_id`, `code`, `position`, `sort_order`) VALUES ('908', '1', 'banner.35', 'content_bot1', '0');
INSERT INTO `PREFIX_DB_layout_module` (`layout_module_id`, `layout_id`, `code`, `position`, `sort_order`) VALUES ('907', '1', 'banner.33', 'content_top3', '0');
INSERT INTO `PREFIX_DB_layout_module` (`layout_module_id`, `layout_id`, `code`, `position`, `sort_order`) VALUES ('906', '1', 'slideshow.44', 'content_fluid', '0');
INSERT INTO `PREFIX_DB_layout_module` (`layout_module_id`, `layout_id`, `code`, `position`, `sort_order`) VALUES ('905', '1', 'aridius_tab.38', 'content_top', '1');
INSERT INTO `PREFIX_DB_layout_module` (`layout_module_id`, `layout_id`, `code`, `position`, `sort_order`) VALUES ('904', '1', 'aridius_catwall.37', 'content_top', '0');
INSERT INTO `PREFIX_DB_layout_module` (`layout_module_id`, `layout_id`, `code`, `position`, `sort_order`) VALUES ('893', '3', 'aridiusinstock', 'content_bottom', '0');
INSERT INTO `PREFIX_DB_layout_module` (`layout_module_id`, `layout_id`, `code`, `position`, `sort_order`) VALUES ('894', '3', 'aridius_livesearch', 'content_bottom', '1');
INSERT INTO `PREFIX_DB_layout_module` (`layout_module_id`, `layout_id`, `code`, `position`, `sort_order`) VALUES ('895', '3', 'aridiuscallback', 'content_bottom', '2');
INSERT INTO `PREFIX_DB_layout_module` (`layout_module_id`, `layout_id`, `code`, `position`, `sort_order`) VALUES ('920', '2', 'aridius_letters', 'content_mail', '0');
INSERT INTO `PREFIX_DB_layout_module` (`layout_module_id`, `layout_id`, `code`, `position`, `sort_order`) VALUES ('918', '1', 'aridiuscallback', 'content_bottom', '3');
INSERT INTO `PREFIX_DB_layout_module` (`layout_module_id`, `layout_id`, `code`, `position`, `sort_order`) VALUES ('919', '1', 'aridius_popupmail', 'content_bottom', '4');
INSERT INTO `PREFIX_DB_layout_module` (`layout_module_id`, `layout_id`, `code`, `position`, `sort_order`) VALUES ('927', '2', 'aridius_viewed.51', 'content_bottom', '6');


TRUNCATE TABLE `PREFIX_DB_layout_route`;

INSERT INTO `PREFIX_DB_layout_route` (`layout_route_id`, `layout_id`, `store_id`, `route`) VALUES ('88', '6', '0', 'account/%');
INSERT INTO `PREFIX_DB_layout_route` (`layout_route_id`, `layout_id`, `store_id`, `route`) VALUES ('95', '10', '0', 'affiliate/%');
INSERT INTO `PREFIX_DB_layout_route` (`layout_route_id`, `layout_id`, `store_id`, `route`) VALUES ('160', '3', '0', 'product/category');
INSERT INTO `PREFIX_DB_layout_route` (`layout_route_id`, `layout_id`, `store_id`, `route`) VALUES ('162', '1', '0', 'common/home');
INSERT INTO `PREFIX_DB_layout_route` (`layout_route_id`, `layout_id`, `store_id`, `route`) VALUES ('163', '2', '0', 'product/product');
INSERT INTO `PREFIX_DB_layout_route` (`layout_route_id`, `layout_id`, `store_id`, `route`) VALUES ('90', '11', '0', 'information/information');
INSERT INTO `PREFIX_DB_layout_route` (`layout_route_id`, `layout_id`, `store_id`, `route`) VALUES ('94', '7', '0', 'checkout/%');
INSERT INTO `PREFIX_DB_layout_route` (`layout_route_id`, `layout_id`, `store_id`, `route`) VALUES ('93', '8', '0', 'information/contact');
INSERT INTO `PREFIX_DB_layout_route` (`layout_route_id`, `layout_id`, `store_id`, `route`) VALUES ('91', '9', '0', 'information/sitemap');
INSERT INTO `PREFIX_DB_layout_route` (`layout_route_id`, `layout_id`, `store_id`, `route`) VALUES ('154', '4', '0', '');
INSERT INTO `PREFIX_DB_layout_route` (`layout_route_id`, `layout_id`, `store_id`, `route`) VALUES ('155', '5', '0', 'product/manufacturer');
INSERT INTO `PREFIX_DB_layout_route` (`layout_route_id`, `layout_id`, `store_id`, `route`) VALUES ('100', '12', '0', 'product/compare');
INSERT INTO `PREFIX_DB_layout_route` (`layout_route_id`, `layout_id`, `store_id`, `route`) VALUES ('97', '13', '0', 'product/search');
INSERT INTO `PREFIX_DB_layout_route` (`layout_route_id`, `layout_id`, `store_id`, `route`) VALUES ('87', '14', '0', 'information/aridius_news');
INSERT INTO `PREFIX_DB_layout_route` (`layout_route_id`, `layout_id`, `store_id`, `route`) VALUES ('86', '15', '0', 'information/aridius_faq');
INSERT INTO `PREFIX_DB_layout_route` (`layout_route_id`, `layout_id`, `store_id`, `route`) VALUES ('104', '16', '0', 'extension/module/aridius_store_review');
INSERT INTO `PREFIX_DB_layout_route` (`layout_route_id`, `layout_id`, `store_id`, `route`) VALUES ('103', '16', '0', 'module/aridius_store_review');




REPLACE INTO `PREFIX_DB_module` (`module_id`, `name`, `code`, `setting`) VALUES ('30', 'Баннер пр2', 'banner', '{"name":"\\u0411\\u0430\\u043d\\u043d\\u0435\\u0440 \\u043f\\u04402","banner_id":"10","width":"360","height":"243","status":"1"}');
REPLACE INTO `PREFIX_DB_module` (`module_id`, `name`, `code`, `setting`) VALUES ('29', 'Home Page', 'carousel', '{"name":"Home Page","banner_id":"8","width":"130","height":"100","status":"1"}');
REPLACE INTO `PREFIX_DB_module` (`module_id`, `name`, `code`, `setting`) VALUES ('42', 'Рекомендуемые категории', 'featured', '{"name":"\\u0420\\u0435\\u043a\\u043e\\u043c\\u0435\\u043d\\u0434\\u0443\\u0435\\u043c\\u044b\\u0435 \\u043a\\u0430\\u0442\\u0435\\u0433\\u043e\\u0440\\u0438\\u0438","product_name":"","product":["42","30","47"],"limit":"3","width":"95","height":"95","status":"1"}');
REPLACE INTO `PREFIX_DB_module` (`module_id`, `name`, `code`, `setting`) VALUES ('27', 'Слайдшоу слева', 'slideshow', '{"transitionStyle":"2","name":"\\u0421\\u043b\\u0430\\u0439\\u0434\\u0448\\u043e\\u0443 \\u0441\\u043b\\u0435\\u0432\\u0430","banner_id":"7","width":"750","height":"501","status":"1"}');
REPLACE INTO `PREFIX_DB_module` (`module_id`, `name`, `code`, `setting`) VALUES ('31', 'Баннер пр1', 'banner', '{"name":"\\u0411\\u0430\\u043d\\u043d\\u0435\\u0440 \\u043f\\u04401","banner_id":"9","width":"360","height":"243","status":"1"}');
REPLACE INTO `PREFIX_DB_module` (`module_id`, `name`, `code`, `setting`) VALUES ('46', 'баннер ср3', 'banner', '{"name":"\\u0431\\u0430\\u043d\\u043d\\u0435\\u0440 \\u0441\\u04403","banner_id":"17","width":"362","height":"139","status":"1"}');
REPLACE INTO `PREFIX_DB_module` (`module_id`, `name`, `code`, `setting`) VALUES ('33', 'Баннер ср1', 'banner', '{"name":"\\u0411\\u0430\\u043d\\u043d\\u0435\\u0440 \\u0441\\u04401","banner_id":"12","width":"360","height":"400","status":"1"}');
REPLACE INTO `PREFIX_DB_module` (`module_id`, `name`, `code`, `setting`) VALUES ('34', 'Баннер ср4', 'banner', '{"name":"\\u0411\\u0430\\u043d\\u043d\\u0435\\u0440 \\u0441\\u04404","banner_id":"13","width":"360","height":"400","status":"1"}');
REPLACE INTO `PREFIX_DB_module` (`module_id`, `name`, `code`, `setting`) VALUES ('35', 'Баннер ср2', 'banner', '{"name":"\\u0411\\u0430\\u043d\\u043d\\u0435\\u0440 \\u0441\\u04402","banner_id":"14","width":"362","height":"255","status":"1"}');
REPLACE INTO `PREFIX_DB_module` (`module_id`, `name`, `code`, `setting`) VALUES ('36', 'Баннер низ', 'banner', '{"name":"\\u0411\\u0430\\u043d\\u043d\\u0435\\u0440 \\u043d\\u0438\\u0437","banner_id":"15","width":"1140","height":"215","status":"1"}');
REPLACE INTO `PREFIX_DB_module` (`module_id`, `name`, `code`, `setting`) VALUES ('37', 'Стена категорий главная', 'aridius_catwall', '{"name":"\\u0421\\u0442\\u0435\\u043d\\u0430 \\u043a\\u0430\\u0442\\u0435\\u0433\\u043e\\u0440\\u0438\\u0439 \\u0433\\u043b\\u0430\\u0432\\u043d\\u0430\\u044f","aridius_catwall_cat":["18","25","34"],"width":"120","height":"120","child_visible":"1","add_img":"1","limit_child":"3","status":"1"}');
REPLACE INTO `PREFIX_DB_module` (`module_id`, `name`, `code`, `setting`) VALUES ('38', 'Табы 5 в 1 главная', 'aridius_tab', '{"name":"\\u0422\\u0430\\u0431\\u044b 5 \\u0432 1 \\u0433\\u043b\\u0430\\u0432\\u043d\\u0430\\u044f","animatetabsshow":"1","special_products":"1","latest_products":"1","bestseller_products":"1","mostviewed_products":"1","featured_products":"1","product":["30","47","28","41","42","29","44"],"limit":"10","width":"200","height":"170","autoplay":"20000","items":"4","pag_speed":"3000","rew_speed":"4000","stophover":"1","pagination":"0","navigation":"1","desc":"0","rat":"0","wish":"1","comp":"1","quickview":"1","status":"1"}');
REPLACE INTO `PREFIX_DB_module` (`module_id`, `name`, `code`, `setting`) VALUES ('40', 'Последние отзывы (карусель) главная', 'aridius_pr_review', '{"name":"\\u041f\\u043e\\u0441\\u043b\\u0435\\u0434\\u043d\\u0438\\u0435 \\u043e\\u0442\\u0437\\u044b\\u0432\\u044b (\\u043a\\u0430\\u0440\\u0443\\u0441\\u0435\\u043b\\u044c) \\u0433\\u043b\\u0430\\u0432\\u043d\\u0430\\u044f","limit":"11","width":"200","height":"170","autoplay":"20000","items":"4","pag_speed":"3000","rew_speed":"4000","stophover":"1","pagination":"0","navigation":"1","desc":"1","rat":"1","wish":"1","comp":"1","quickview":"1","status":"1"}');
REPLACE INTO `PREFIX_DB_module` (`module_id`, `name`, `code`, `setting`) VALUES ('41', 'Список новостей  категория', 'aridius_news_category', '{"name":"\\u0421\\u043f\\u0438\\u0441\\u043e\\u043a \\u043d\\u043e\\u0432\\u043e\\u0441\\u0442\\u0435\\u0439  \\u043a\\u0430\\u0442\\u0435\\u0433\\u043e\\u0440\\u0438\\u044f","aridius_news_category2":["1","2","3"],"width":"95","height":"95","status":"1"}');
REPLACE INTO `PREFIX_DB_module` (`module_id`, `name`, `code`, `setting`) VALUES ('43', '777777777777777777', 'special', '{"name":"777777777777777777","limit":"3","width":"95","height":"95","status":"1"}');
REPLACE INTO `PREFIX_DB_module` (`module_id`, `name`, `code`, `setting`) VALUES ('50', '777777777777777777', 'latest', '{"name":"777777777777777777","limit":"5","width":"95","height":"95","status":"1"}');
REPLACE INTO `PREFIX_DB_module` (`module_id`, `name`, `code`, `setting`) VALUES ('44', 'на всю ширину', 'slideshow', '{"transitionStyle":"2","name":"\\u043d\\u0430 \\u0432\\u0441\\u044e \\u0448\\u0438\\u0440\\u0438\\u043d\\u0443","banner_id":"16","width":"1920","height":"600","status":"1"}');
REPLACE INTO `PREFIX_DB_module` (`module_id`, `name`, `code`, `setting`) VALUES ('45', 'Товары со скидкой home', 'aridius_special', '{"name":"\\u0422\\u043e\\u0432\\u0430\\u0440\\u044b \\u0441\\u043e \\u0441\\u043a\\u0438\\u0434\\u043a\\u043e\\u0439 home","limit":"10","width":"200","height":"200","autoplay":"40000000","items":"2","pag_speed":"3000","rew_speed":"4000","stophover":"1","pagination":"0","navigation":"1","desc":"0","rat":"1","wish":"1","comp":"1","quickview":"1","status":"1","apply":"1"}');
REPLACE INTO `PREFIX_DB_module` (`module_id`, `name`, `code`, `setting`) VALUES ('49', '77777777777777777777', 'bestseller', '{"name":"77777777777777777777","limit":"5","width":"95","height":"95","status":"1"}');
REPLACE INTO `PREFIX_DB_module` (`module_id`, `name`, `code`, `setting`) VALUES ('51', 'продукт низ', 'aridius_viewed', '{"name":"\\u043f\\u0440\\u043e\\u0434\\u0443\\u043a\\u0442 \\u043d\\u0438\\u0437","limit":"15","width":"200","height":"170","autoplay":"4000","items":"4","pag_speed":"3000","rew_speed":"4000","stophover":"1","pagination":"0","navigation":"1","desc":"0","rat":"0","wish":"1","comp":"1","quickview":"1","colleft":"0","status":"1"}');
REPLACE INTO `PREFIX_DB_module` (`module_id`, `name`, `code`, `setting`) VALUES ('52', 'категории лево', 'aridius_viewed', '{"name":"\\u043a\\u0430\\u0442\\u0435\\u0433\\u043e\\u0440\\u0438\\u0438 \\u043b\\u0435\\u0432\\u043e","limit":"3","width":"95","height":"95","autoplay":"4000","items":"3","pag_speed":"3000","rew_speed":"4000","stophover":"1","pagination":"0","navigation":"1","desc":"0","rat":"0","wish":"1","comp":"1","quickview":"1","colleft":"1","status":"1"}');



INSERT INTO `PREFIX_DB_setting` ( `store_id`, `code`, `key`, `value`, `serialized`) VALUES ( '0', 'fractal', 'fractal_text_search_footer', '000000', '0');
INSERT INTO `PREFIX_DB_setting` ( `store_id`, `code`, `key`, `value`, `serialized`) VALUES ( '0', 'fractal', 'fractal_color_border_search_footer', '000000', '0');
INSERT INTO `PREFIX_DB_setting` ( `store_id`, `code`, `key`, `value`, `serialized`) VALUES ( '0', 'fractal', 'fractal_color_phone', 'A99D90', '0');
INSERT INTO `PREFIX_DB_setting` ( `store_id`, `code`, `key`, `value`, `serialized`) VALUES ( '0', 'fractal', 'fractal_counter', '', '0');
INSERT INTO `PREFIX_DB_setting` ( `store_id`, `code`, `key`, `value`, `serialized`) VALUES ( '0', 'fractal', 'fractal_css', '/* ef-banners START*/.btn-bannerright1{position:relative;color: #fff;background: rgba(80, 70, 59, 0.7) none repeat scroll 0 0;border: 2px solid #fff;font-size: 14px;font-weight: 600;margin-top: 30%;}.btn-bannerright1:hover{color: #fff;border: 2px solid #fff;background: rgba(80, 70, 59, 0.9) none repeat scroll 0 0;}.bannerright-text{color: #fff;display: inline-block;font-size: 17px;font-style: italic;font-weight: 800;letter-spacing: 1px;margin-top: 30%;position: relative;text-transform: uppercase;}.btn-bannercenter{position:relative;color: #fff;background: rgba(186, 160, 99, 0.7) none repeat scroll 0 0;border: 2px solid #fff;font-size: 14px;font-weight: 600;margin-top: 50%;}.btn-bannercenter:hover{color: #fff;border: 2px solid #fff;background: rgba(186, 160, 99, 0.9) none repeat scroll 0 0;}.btn-bannerbottom{position:relative;color: #fff;background: rgba(186, 160, 99, 0.7) none repeat scroll 0 0;border: 2px solid #fff;font-size: 14px;font-weight: 600;margin-top: 8%;}.btn-bannerbottom:hover{color: #fff;border: 2px solid #fff;background: rgba(186, 160, 99, 0.9) none repeat scroll 0 0;}.bannercenter-text{color: #000;display: inline-block;font-size: 17px;font-style: italic;font-weight: 800;letter-spacing: 1px;margin-top: 30%;position: relative;text-transform: uppercase;}.bannercenter-text2{color: #000;display: inline-block;font-size: 17px;font-style: italic;font-weight: 800;letter-spacing: 1px;margin-top: 10%;position: relative;text-transform: uppercase;}.bannerbottom-text{color: #000;display: inline-block;font-size: 27px;font-style: italic;font-weight: 800;letter-spacing: 1px;margin-top: 10%;position: relative;text-transform: uppercase;}/* ef-slider START*/.ef-slider1{-webkit-animation: 300ms linear 900ms both rotateInDownLeft;-moz-animation: 300ms linear 900ms both rotateInDownLeft;-o-animation: 300ms linear 900ms both rotateInDownLeft;-ms-animation: 300ms linear 900ms both rotateInDownLeft;animation: 300ms linear 900ms both rotateInDownLeft;}.ef-slider2{ -webkit-animation: 300ms linear 300ms both fadeInUp;-moz-animation: 300ms linear 300ms both fadeInUp;-o-animation: 300ms linear 300ms both fadeInUp;-ms-animation: 300ms linear 300ms both fadeInUp;animation: 300ms linear 300ms both fadeInUp;}.ef-slider3{-webkit-animation: 300ms linear 1500ms both rotateInDownLeft;-moz-animation: 300ms linear 1500ms both rotateInDownLeft;-o-animation: 300ms linear 1500ms both rotateInDownLeft;-ms-animation: 300ms linear 1500ms both rotateInDownLeft;animation: 300ms linear 1500ms both rotateInDownLeft;}.ef-slider4{-webkit-animation: 300ms linear 2200ms both fadeInUp;-moz-animation: 300ms linear 2200ms both fadeInUp;-o-animation: 300ms linear 2200ms both fadeInUp;-ms-animation: 300ms linear 2200ms both fadeInUp;animation: 300ms linear 2200ms both fadeInUp;}.ef-slider5{-webkit-animation: 600ms linear 2900ms both rotateInDownLeft;-moz-animation: 600ms linear 2900ms both rotateInDownLeft;-o-animation: 600ms linear 2900ms both rotateInDownLeft;-ms-animation: 600ms linear 2900ms both rotateInDownLeft;animation: 600ms linear 2900ms both rotateInDownLeft;}.ef-slider7{-webkit-animation: 800ms linear 2500ms both rotateInDownLeft;-moz-animation: 800ms linear 2500ms both rotateInDownLeft;-o-animation: 800ms linear 2500ms both rotateInDownLeft;-ms-animation: 800ms linear 2500ms both rotateInDownLeft;animation: 800ms linear 2500ms both rotateInDownLeft;}.text-slider1{position: absolute;color: #FFFFFF;font-size: 16px;left: 20px; top: 40px;padding: 5px;background: rgba(0, 0, 0, 0.5) none repeat scroll 0 0;}.text-slider2{position: absolute;color: #FFFFFF;font-size: 16px;left: 20px; top: 77px;padding: 5px;background: rgba(0, 0, 0, 0.5) none repeat scroll 0 0;}.text-slider3{position: absolute;color: #FFFFFF;font-size: 16px;left: 20px;top: 114px;padding: 5px;background: rgba(0, 0, 0, 0.5) none repeat scroll 0 0;}.text-slider4{position: absolute;color: white;font-size: 16px;left: 20px;top: 151px;padding: 5px;}.text-slider5{font-family: \'Comfortaa\', cursive;font-weight: 600;text-align: center;position: absolute;left: 420px;top: 358px;color: #fff;text-shadow: 1px 1px 2px black, 0 0 1em #A1C0AC;font-size: 56px;width: 300px;height: 70px;padding: 19px 0px;background: rgba(237, 28, 37, 1) none repeat scroll 0 0;border: solid 6px #fff;outline: solid 6px #888;border-radius: 5px;}.text-slider7{font-family: \'Comfortaa\', cursive;text-decoration: line-through;font-size: 16px;font-weight: 600;text-align: center;padding: 0px 10px;position: absolute;width: 80px;height: 25px;left: 638px;top: 364px;color: #732626;background: rgba(255, 255, 255, 0.6) none repeat scroll 0 0;border: 1px solid #fff;border-radius: 2px;}.btn-slider {color: #000;font-size: 14px;border: 1px solid #737373;text-transform: uppercase;padding: 7px;}.btn-sliderb {background: #50463b none repeat scroll 0 0;color: #ffffff;font-size: 14px;border: 1px solid #737373;text-transform: uppercase;padding: 7px;}.btn-slider:hover {background: #51473c;color: #fff;}.btn-sliderb:hover {background: #6E6051;color: #fff;}/* ---------------- */ /* ef-slider END */ /* ---------------- */', '0');
INSERT INTO `PREFIX_DB_setting` ( `store_id`, `code`, `key`, `value`, `serialized`) VALUES ( '0', 'aridius_popupmail', 'aridius_popupmail_delay', '5', '0');
INSERT INTO `PREFIX_DB_setting` ( `store_id`, `code`, `key`, `value`, `serialized`) VALUES ( '0', 'aridius_popupmail', 'aridius_popupmail_day', '0', '0');
INSERT INTO `PREFIX_DB_setting` ( `store_id`, `code`, `key`, `value`, `serialized`) VALUES ( '0', 'aridius_popupmail', 'aridius_popupmail_status', '1', '0');
INSERT INTO `PREFIX_DB_setting` ( `store_id`, `code`, `key`, `value`, `serialized`) VALUES ( '0', 'fractal', 'fractal_footer_colot_texthover', 'CEB478', '0');
INSERT INTO `PREFIX_DB_setting` ( `store_id`, `code`, `key`, `value`, `serialized`) VALUES ( '0', 'fractal', 'fractal_footer_colot_text', '3E424A', '0');
INSERT INTO `PREFIX_DB_setting` ( `store_id`, `code`, `key`, `value`, `serialized`) VALUES ( '0', 'fractal', 'fractal_footer_h5', '232323', '0');
INSERT INTO `PREFIX_DB_setting` ( `store_id`, `code`, `key`, `value`, `serialized`) VALUES ( '0', 'fractal', 'fractal_footer_background', 'FFFFFF', '0');
INSERT INTO `PREFIX_DB_setting` ( `store_id`, `code`, `key`, `value`, `serialized`) VALUES ( '0', 'fractal', 'fractal_colorhover_btn', 'FFFFFF', '0');
INSERT INTO `PREFIX_DB_setting` ( `store_id`, `code`, `key`, `value`, `serialized`) VALUES ( '0', 'fractal', 'fractal_color_btn', '000000', '0');
INSERT INTO `PREFIX_DB_setting` ( `store_id`, `code`, `key`, `value`, `serialized`) VALUES ( '0', 'fractal', 'fractal_borderhover_btn', '737373', '0');
INSERT INTO `PREFIX_DB_setting` ( `store_id`, `code`, `key`, `value`, `serialized`) VALUES ( '0', 'fractal', 'fractal_border_btn', '737373', '0');
INSERT INTO `PREFIX_DB_setting` ( `store_id`, `code`, `key`, `value`, `serialized`) VALUES ( '0', 'aridius_news', 'aridius_news_home_limit', '4', '0');
INSERT INTO `PREFIX_DB_setting` ( `store_id`, `code`, `key`, `value`, `serialized`) VALUES ( '0', 'aridius_news', 'aridius_news_home_chars', '135', '0');
INSERT INTO `PREFIX_DB_setting` ( `store_id`, `code`, `key`, `value`, `serialized`) VALUES ( '0', 'aridius_news', 'aridius_news_headline_chars', '100', '0');
INSERT INTO `PREFIX_DB_setting` ( `store_id`, `code`, `key`, `value`, `serialized`) VALUES ( '0', 'aridius_news', 'aridius_news_aridius_newspage_addthis', '0', '0');
INSERT INTO `PREFIX_DB_setting` ( `store_id`, `code`, `key`, `value`, `serialized`) VALUES ( '0', 'aridius_news', 'aridius_news_show_date', '0', '0');
INSERT INTO `PREFIX_DB_setting` ( `store_id`, `code`, `key`, `value`, `serialized`) VALUES ( '0', 'aridius_news', 'aridius_news_show_img', '0', '0');
INSERT INTO `PREFIX_DB_setting` ( `store_id`, `code`, `key`, `value`, `serialized`) VALUES ( '0', 'aridius_news', 'aridius_news_show_description', '0', '0');
INSERT INTO `PREFIX_DB_setting` ( `store_id`, `code`, `key`, `value`, `serialized`) VALUES ( '0', 'aridius_news', 'aridius_news_thumb_width', '260', '0');
INSERT INTO `PREFIX_DB_setting` ( `store_id`, `code`, `key`, `value`, `serialized`) VALUES ( '0', 'aridius_news', 'aridius_news_thumb_height', '167', '0');
INSERT INTO `PREFIX_DB_setting` ( `store_id`, `code`, `key`, `value`, `serialized`) VALUES ( '0', 'aridius_news', 'aridius_news_status', '1', '0');
INSERT INTO `PREFIX_DB_setting` ( `store_id`, `code`, `key`, `value`, `serialized`) VALUES ( '0', 'aridius_news', 'aridius_news_review_guest', '0', '0');
INSERT INTO `PREFIX_DB_setting` ( `store_id`, `code`, `key`, `value`, `serialized`) VALUES ( '0', 'aridius_news', 'aridius_news_status_review', '0', '0');
INSERT INTO `PREFIX_DB_setting` ( `store_id`, `code`, `key`, `value`, `serialized`) VALUES ( '0', 'aridius_news', 'aridius_news_display_answer_button', '0', '0');
INSERT INTO `PREFIX_DB_setting` ( `store_id`, `code`, `key`, `value`, `serialized`) VALUES ( '0', 'aridius_news', 'aridius_news_display_captcha', '1', '0');
INSERT INTO `PREFIX_DB_setting` ( `store_id`, `code`, `key`, `value`, `serialized`) VALUES ( '0', 'aridius_news', 'aridius_news_limite_page', '10', '0');
INSERT INTO `PREFIX_DB_setting` ( `store_id`, `code`, `key`, `value`, `serialized`) VALUES ( '0', 'aridius_news', 'aridius_news_mail', '0', '0');
INSERT INTO `PREFIX_DB_setting` ( `store_id`, `code`, `key`, `value`, `serialized`) VALUES ( '0', 'aridius_category_accordion', 'aridius_category_accordion_child_visible', '["45","46","59","60","61","62","63","64","65","66","67","68","69","70","71","72","73","74","75","76","77","78","79","88","89","90","91","92","93","94","95","96","97","98","20","32","18","25","24","33","34"]', '1');
INSERT INTO `PREFIX_DB_setting` ( `store_id`, `code`, `key`, `value`, `serialized`) VALUES ( '0', 'aridius_category_accordion', 'aridius_category_accordion_status', '1', '0');
INSERT INTO `PREFIX_DB_setting` ( `store_id`, `code`, `key`, `value`, `serialized`) VALUES ( '0', 'aridius_faq', 'aridius_faq_meta_title', '{"1":"FAQ","2":"FAQ"}', '1');
INSERT INTO `PREFIX_DB_setting` ( `store_id`, `code`, `key`, `value`, `serialized`) VALUES ( '0', 'aridius_faq', 'aridius_faq_meta_description', '{"1":"FAQ","2":"FAQ"}', '1');
INSERT INTO `PREFIX_DB_setting` ( `store_id`, `code`, `key`, `value`, `serialized`) VALUES ( '0', 'aridius_faq', 'aridius_faq_description', '{"1":"&lt;p&gt;&lt;span style=&quot;font-size:14px&quot;&gt;\\u041d\\u0430\\u0448\\u0430 \\u043a\\u043e\\u043c\\u043f\\u0430\\u043d\\u0438\\u044f \\u0437\\u0430\\u0431\\u043e\\u0442\\u0438\\u0442\\u044c\\u0441\\u044f \\u043e \\u043a\\u0430\\u0436\\u0434\\u043e\\u043c \\u043a\\u043b\\u0438\\u0435\\u043d\\u0442\\u0435 \\u0438 \\u0441\\u0442\\u0430\\u0440\\u0430\\u0435\\u0442\\u0441\\u044f \\u043f\\u043e\\u0441\\u0442\\u043e\\u044f\\u043d\\u043d\\u043e \\u0443\\u0441\\u043e\\u0432\\u0435\\u0440\\u0448\\u0435\\u043d\\u0441\\u0442\\u0432\\u043e\\u0432\\u0430\\u0442\\u044c\\u0441\\u044f. \\u041f\\u043e\\u044d\\u0442\\u043e\\u043c\\u0443 \\u0441\\u043e\\u0433\\u043b\\u0430\\u0441\\u043d\\u043e \\u0437\\u0430\\u043a\\u043e\\u043d\\u0430 \\u00ab\\u041f\\u0440\\u043e \\u0437\\u0430\\u0449\\u0438\\u0442\\u0443 \\u043f\\u0440\\u0430\\u0432 \\u043f\\u043e\\u0442\\u0440\\u0435\\u0431\\u0438\\u0442\\u0435\\u043b\\u044f\\u00bb \\u0435\\u0441\\u043b\\u0438 \\u043a\\u0443\\u043f\\u043b\\u0435\\u043d\\u043d\\u044b\\u0439 \\u0442\\u043e\\u0432\\u0430\\u0440 \\u0432\\u0430\\u043c \\u043d\\u0435 \\u043f\\u043e\\u0434\\u043e\\u0448\\u0435\\u043b \\u043f\\u043e \\u043a\\u0430\\u043a\\u043e\\u0439 - \\u0442\\u043e \\u0438\\u0437 \\u043f\\u0440\\u0438\\u0447\\u0438\\u043d, \\u0438\\u043c\\u0435\\u0435\\u0442 \\u0437\\u0430\\u0432\\u043e\\u0434\\u0441\\u043a\\u0438\\u0435 \\u0434\\u0435\\u0444\\u0435\\u043a\\u0442\\u044b, \\u0412\\u044b \\u0438\\u043c\\u0435\\u0435\\u0442\\u0435 \\u043f\\u0440\\u0430\\u0432\\u043e \\u0432\\u0435\\u0440\\u043d\\u0443\\u0442\\u044c \\u0438\\u043b\\u0438 \\u043e\\u0431\\u043c\\u0435\\u043d\\u044f\\u0442\\u044c \\u0442\\u043e\\u0432\\u0430\\u0440 \\u0432 \\u0442\\u0435\\u0447\\u0435\\u043d\\u0438\\u0438 14 \\u0434\\u043d\\u0435\\u0439 \\u0441 \\u043c\\u043e\\u043c\\u0435\\u043d\\u0442\\u0430 \\u0435\\u0433\\u043e \\u043f\\u043e\\u043a\\u0443\\u043f\\u043a\\u0438.&lt;\\/span&gt;&lt;br&gt;&lt;\\/p&gt;","2":"&lt;p&gt;&lt;span style=&quot;font-size:14px&quot;&gt;\\u041d\\u0430\\u0448\\u0430 \\u043a\\u043e\\u043c\\u043f\\u0430\\u043d\\u0438\\u044f \\u0437\\u0430\\u0431\\u043e\\u0442\\u0438\\u0442\\u044c\\u0441\\u044f \\u043e \\u043a\\u0430\\u0436\\u0434\\u043e\\u043c \\u043a\\u043b\\u0438\\u0435\\u043d\\u0442\\u0435 \\u0438 \\u0441\\u0442\\u0430\\u0440\\u0430\\u0435\\u0442\\u0441\\u044f \\u043f\\u043e\\u0441\\u0442\\u043e\\u044f\\u043d\\u043d\\u043e \\u0443\\u0441\\u043e\\u0432\\u0435\\u0440\\u0448\\u0435\\u043d\\u0441\\u0442\\u0432\\u043e\\u0432\\u0430\\u0442\\u044c\\u0441\\u044f. \\u041f\\u043e\\u044d\\u0442\\u043e\\u043c\\u0443 \\u0441\\u043e\\u0433\\u043b\\u0430\\u0441\\u043d\\u043e \\u0437\\u0430\\u043a\\u043e\\u043d\\u0430 \\u00ab\\u041f\\u0440\\u043e \\u0437\\u0430\\u0449\\u0438\\u0442\\u0443 \\u043f\\u0440\\u0430\\u0432 \\u043f\\u043e\\u0442\\u0440\\u0435\\u0431\\u0438\\u0442\\u0435\\u043b\\u044f\\u00bb \\u0435\\u0441\\u043b\\u0438 \\u043a\\u0443\\u043f\\u043b\\u0435\\u043d\\u043d\\u044b\\u0439 \\u0442\\u043e\\u0432\\u0430\\u0440 \\u0432\\u0430\\u043c \\u043d\\u0435 \\u043f\\u043e\\u0434\\u043e\\u0448\\u0435\\u043b \\u043f\\u043e \\u043a\\u0430\\u043a\\u043e\\u0439 - \\u0442\\u043e \\u0438\\u0437 \\u043f\\u0440\\u0438\\u0447\\u0438\\u043d, \\u0438\\u043c\\u0435\\u0435\\u0442 \\u0437\\u0430\\u0432\\u043e\\u0434\\u0441\\u043a\\u0438\\u0435 \\u0434\\u0435\\u0444\\u0435\\u043a\\u0442\\u044b, \\u0412\\u044b \\u0438\\u043c\\u0435\\u0435\\u0442\\u0435 \\u043f\\u0440\\u0430\\u0432\\u043e \\u0432\\u0435\\u0440\\u043d\\u0443\\u0442\\u044c \\u0438\\u043b\\u0438 \\u043e\\u0431\\u043c\\u0435\\u043d\\u044f\\u0442\\u044c \\u0442\\u043e\\u0432\\u0430\\u0440 \\u0432 \\u0442\\u0435\\u0447\\u0435\\u043d\\u0438\\u0438 14 \\u0434\\u043d\\u0435\\u0439 \\u0441 \\u043c\\u043e\\u043c\\u0435\\u043d\\u0442\\u0430 \\u0435\\u0433\\u043e \\u043f\\u043e\\u043a\\u0443\\u043f\\u043a\\u0438.&lt;\\/span&gt;&lt;br&gt;&lt;\\/p&gt;"}', '1');
INSERT INTO `PREFIX_DB_setting` ( `store_id`, `code`, `key`, `value`, `serialized`) VALUES ( '0', 'aridius_faq', 'aridius_faq_description2', '{"1":"&lt;p&gt;&lt;span style=&quot;font-size:14px&quot;&gt;\\u041a\\u0443\\u043f\\u0438\\u0442\\u044c \\u0442\\u043e\\u0432\\u0430\\u0440 \\u0443 \\u043d\\u0430\\u0441 \\u0412\\u044b \\u043c\\u043e\\u0436\\u0435\\u0442\\u0435, \\u043f\\u043e\\u0437\\u0432\\u043e\\u043d\\u0438\\u043c \\u043f\\u043e \\u043e\\u0434\\u043d\\u043e\\u043c\\u0443 \\u0438\\u0437 \\u043d\\u0430\\u0448\\u0438\\u0445 \\u0442\\u0435\\u043b\\u0435\\u0444\\u043e\\u043d\\u043e\\u0432 \\u0438\\u043b\\u0438 \\u043e\\u0444\\u043e\\u0440\\u043c\\u0438\\u0442\\u044c \\u0442\\u043e\\u0432\\u0430\\u0440 \\u043a\\u0443\\u043f\\u0438\\u0432 \\u0435\\u0433\\u043e \\u0447\\u0435\\u0440\\u0435\\u0437 \\u043d\\u0430\\u0448 \\u043c\\u0430\\u0433\\u0430\\u0437\\u0438\\u043d, \\u043f\\u043e\\u0441\\u043b\\u0435 \\u0447\\u0435\\u0433\\u043e \\u0441 \\u0412\\u0430\\u043c\\u0438 \\u0441\\u0432\\u044f\\u0436\\u0435\\u0442\\u0441\\u044f \\u043d\\u0430\\u0448 \\u043c\\u0435\\u043d\\u0435\\u0434\\u0436\\u0435\\u0440 \\u0438 \\u043e\\u0431\\u0433\\u043e\\u0432\\u043e\\u0440\\u0438\\u0442\\u044c \\u0432\\u0441\\u0435 \\u0434\\u0435\\u0442\\u0430\\u043b\\u0438.&lt;\\/span&gt;&lt;br&gt;&lt;\\/p&gt;","2":"&lt;p&gt;&lt;span style=&quot;font-size:14px&quot;&gt;\\u041a\\u0443\\u043f\\u0438\\u0442\\u044c \\u0442\\u043e\\u0432\\u0430\\u0440 \\u0443 \\u043d\\u0430\\u0441 \\u0412\\u044b \\u043c\\u043e\\u0436\\u0435\\u0442\\u0435, \\u043f\\u043e\\u0437\\u0432\\u043e\\u043d\\u0438\\u043c \\u043f\\u043e \\u043e\\u0434\\u043d\\u043e\\u043c\\u0443 \\u0438\\u0437 \\u043d\\u0430\\u0448\\u0438\\u0445 \\u0442\\u0435\\u043b\\u0435\\u0444\\u043e\\u043d\\u043e\\u0432 \\u0438\\u043b\\u0438 \\u043e\\u0444\\u043e\\u0440\\u043c\\u0438\\u0442\\u044c \\u0442\\u043e\\u0432\\u0430\\u0440 \\u043a\\u0443\\u043f\\u0438\\u0432 \\u0435\\u0433\\u043e \\u0447\\u0435\\u0440\\u0435\\u0437 \\u043d\\u0430\\u0448 \\u043c\\u0430\\u0433\\u0430\\u0437\\u0438\\u043d, \\u043f\\u043e\\u0441\\u043b\\u0435 \\u0447\\u0435\\u0433\\u043e \\u0441 \\u0412\\u0430\\u043c\\u0438 \\u0441\\u0432\\u044f\\u0436\\u0435\\u0442\\u0441\\u044f \\u043d\\u0430\\u0448 \\u043c\\u0435\\u043d\\u0435\\u0434\\u0436\\u0435\\u0440 \\u0438 \\u043e\\u0431\\u0433\\u043e\\u0432\\u043e\\u0440\\u0438\\u0442\\u044c \\u0432\\u0441\\u0435 \\u0434\\u0435\\u0442\\u0430\\u043b\\u0438.&lt;\\/span&gt;&lt;br&gt;&lt;\\/p&gt;"}', '1');
INSERT INTO `PREFIX_DB_setting` ( `store_id`, `code`, `key`, `value`, `serialized`) VALUES ( '0', 'aridius_qckview', 'aridius_qckview_tabs', '0', '0');
INSERT INTO `PREFIX_DB_setting` ( `store_id`, `code`, `key`, `value`, `serialized`) VALUES ( '0', 'aridius_qckview', 'aridius_qckview_tab_description', '0', '0');
INSERT INTO `PREFIX_DB_setting` ( `store_id`, `code`, `key`, `value`, `serialized`) VALUES ( '0', 'aridius_qckview', 'aridius_qckview_tab_character', '0', '0');
INSERT INTO `PREFIX_DB_setting` ( `store_id`, `code`, `key`, `value`, `serialized`) VALUES ( '0', 'aridius_qckview', 'aridius_qckview_tab_reviews', '0', '0');
INSERT INTO `PREFIX_DB_setting` ( `store_id`, `code`, `key`, `value`, `serialized`) VALUES ( '0', 'aridius_qckview', 'aridius_qckview_tab_additional', '0', '0');
INSERT INTO `PREFIX_DB_setting` ( `store_id`, `code`, `key`, `value`, `serialized`) VALUES ( '0', 'aridius_qckview', 'aridius_qckview_image', '0', '0');
INSERT INTO `PREFIX_DB_setting` ( `store_id`, `code`, `key`, `value`, `serialized`) VALUES ( '0', 'aridius_qckview', 'aridius_qckview_additional_image', '0', '0');
INSERT INTO `PREFIX_DB_setting` ( `store_id`, `code`, `key`, `value`, `serialized`) VALUES ( '0', 'aridius_qckview', 'aridius_qckview_rating', '0', '0');
INSERT INTO `PREFIX_DB_setting` ( `store_id`, `code`, `key`, `value`, `serialized`) VALUES ( '0', 'aridius_qckview', 'aridius_qckview_short_info', '0', '0');
INSERT INTO `PREFIX_DB_setting` ( `store_id`, `code`, `key`, `value`, `serialized`) VALUES ( '0', 'aridius_qckview', 'aridius_qckview_manufacturer', '0', '0');
INSERT INTO `PREFIX_DB_setting` ( `store_id`, `code`, `key`, `value`, `serialized`) VALUES ( '0', 'aridius_qckview', 'aridius_qckview_stock', '0', '0');
INSERT INTO `PREFIX_DB_setting` ( `store_id`, `code`, `key`, `value`, `serialized`) VALUES ( '0', 'aridius_qckview', 'aridius_qckview_code_product', '0', '0');
INSERT INTO `PREFIX_DB_setting` ( `store_id`, `code`, `key`, `value`, `serialized`) VALUES ( '0', 'aridius_qckview', 'aridius_qckview_button_wish', '0', '0');
INSERT INTO `PREFIX_DB_setting` ( `store_id`, `code`, `key`, `value`, `serialized`) VALUES ( '0', 'aridius_qckview', 'aridius_qckview_button_compare', '0', '0');
INSERT INTO `PREFIX_DB_setting` ( `store_id`, `code`, `key`, `value`, `serialized`) VALUES ( '0', 'aridius_qckview', 'aridius_qckview_icons_likes', '0', '0');
INSERT INTO `PREFIX_DB_setting` ( `store_id`, `code`, `key`, `value`, `serialized`) VALUES ( '0', 'aridius_qckview', 'aridius_qckview_status', '1', '0');
INSERT INTO `PREFIX_DB_setting` ( `store_id`, `code`, `key`, `value`, `serialized`) VALUES ( '0', 'aridius_letters', 'aridius_letters_status', '1', '0');
INSERT INTO `PREFIX_DB_setting` ( `store_id`, `code`, `key`, `value`, `serialized`) VALUES ( '0', 'aridius_letters', 'aridius_letters_placeholder', '{"1":"\\u0412\\u0432\\u0435\\u0434\\u0438\\u0442\\u0435 \\u0432\\u0430\\u0448 e-mail","2":"Enter Your E-mail"}', '1');
INSERT INTO `PREFIX_DB_setting` ( `store_id`, `code`, `key`, `value`, `serialized`) VALUES ( '0', 'aridius_letters', 'aridius_letters_pl', '{"1":"\\u041f\\u041e\\u0414\\u041f\\u0418\\u0421\\u0410\\u0422\\u042c\\u0421\\u042f","2":"Subscribe!"}', '1');
INSERT INTO `PREFIX_DB_setting` ( `store_id`, `code`, `key`, `value`, `serialized`) VALUES ( '0', 'aridius_faq', 'aridius_faq_meta_keyword', '{"1":"FAQ","2":"FAQ"}', '1');
INSERT INTO `PREFIX_DB_setting` ( `store_id`, `code`, `key`, `value`, `serialized`) VALUES ( '0', 'aridius_faq', 'aridius_faq_name', '{"1":"FAQ","2":"FAQ"}', '1');
INSERT INTO `PREFIX_DB_setting` ( `store_id`, `code`, `key`, `value`, `serialized`) VALUES ( '0', 'aridius_faq', 'aridius_faq_top_links', '{"1":{"title":{"1":"\\u041a\\u0430\\u043a \\u043a\\u0443\\u043f\\u0438\\u0442\\u044c","2":"\\u041a\\u0430\\u043a \\u043a\\u0443\\u043f\\u0438\\u0442\\u044c1"},"faicons_faq":"fa fa-usd","id":"tabfaq1","description":{"1":"&lt;p&gt;\\u0412\\u044b \\u043c\\u043e\\u0436\\u0435\\u0442\\u0435 \\u0437\\u0430\\u043a\\u0430\\u0437\\u0430\\u0442\\u044c \\u0442\\u043e\\u0432\\u0430\\u0440 \\u0447\\u0435\\u0440\\u0435\\u0437 \\u0441\\u0430\\u0439\\u0442, \\u043f\\u043e\\u0441\\u043b\\u0435 \\u0447\\u0435\\u0433\\u043e \\u0412\\u0430\\u043c \\u043f\\u043e\\u0437\\u0432\\u043e\\u043d\\u0438\\u0442 \\u043d\\u0430\\u0448 \\u043c\\u0435\\u043d\\u0435\\u0434\\u0436\\u0435\\u0440 \\u0438 \\u043e\\u0431\\u0441\\u0443\\u0434\\u0438\\u0442 \\u0432\\u0441\\u0435 \\u0434\\u0435\\u0442\\u0430\\u043b\\u0438 \\u0437\\u0430\\u043a\\u0430\\u0437\\u0430, \\u0438\\u043b\\u0438 \\u0441\\u0434\\u0435\\u043b\\u0430\\u0442\\u044c \\u0437\\u0430\\u043a\\u0430\\u0437 \\u043f\\u043e \\u043e\\u0434\\u043d\\u043e\\u043c\\u0443 \\u0438\\u0437 \\u0442\\u0435\\u043b\\u0435\\u0444\\u043e\\u043d\\u043e\\u0432: (xxx) xxx-xx-xx, (xxx) xxx-xx-xx, \\u0432\\u0440\\u0435\\u043c\\u044f \\u0440\\u0430\\u0431\\u043e\\u0442\\u044b \\u0432 \\u0431\\u0443\\u0434\\u043d\\u0438\\u0435 \\u0434\\u043d\\u0438 \\u0441 9:00 \\u0434\\u043e 18:00, \\u0441\\u0443\\u0431\\u0431\\u043e\\u0442\\u0430 \\u0441 10:00 \\u0434\\u043e 16:00, \\u0432\\u043e\\u0441\\u043a\\u0440\\u0435\\u0441\\u0435\\u043d\\u044c\\u0435 \\u0432\\u044b\\u0445\\u043e\\u0434\\u043d\\u043e\\u0439.&lt;br&gt;&lt;\\/p&gt;                    ","2":"&lt;p&gt;\\u0412\\u044b \\u043c\\u043e\\u0436\\u0435\\u0442\\u0435 \\u0437\\u0430\\u043a\\u0430\\u0437\\u0430\\u0442\\u044c \\u0442\\u043e\\u0432\\u0430\\u0440 \\u0447\\u0435\\u0440\\u0435\\u0437 \\u0441\\u0430\\u0439\\u0442, \\u043f\\u043e\\u0441\\u043b\\u0435 \\u0447\\u0435\\u0433\\u043e \\u0412\\u0430\\u043c \\u043f\\u043e\\u0437\\u0432\\u043e\\u043d\\u0438\\u0442 \\u043d\\u0430\\u0448 \\u043c\\u0435\\u043d\\u0435\\u0434\\u0436\\u0435\\u0440 \\u0438 \\u043e\\u0431\\u0441\\u0443\\u0434\\u0438\\u0442 \\u0432\\u0441\\u0435 \\u0434\\u0435\\u0442\\u0430\\u043b\\u0438 \\u0437\\u0430\\u043a\\u0430\\u0437\\u0430, \\u0438\\u043b\\u0438 \\u0441\\u0434\\u0435\\u043b\\u0430\\u0442\\u044c \\u0437\\u0430\\u043a\\u0430\\u0437 \\u043f\\u043e \\u043e\\u0434\\u043d\\u043e\\u043c\\u0443 \\u0438\\u0437 \\u0442\\u0435\\u043b\\u0435\\u0444\\u043e\\u043d\\u043e\\u0432: (xxx) xxx-xx-xx, (xxx) xxx-xx-xx, \\u0432\\u0440\\u0435\\u043c\\u044f \\u0440\\u0430\\u0431\\u043e\\u0442\\u044b \\u0432 \\u0431\\u0443\\u0434\\u043d\\u0438\\u0435 \\u0434\\u043d\\u0438 \\u0441 9:00 \\u0434\\u043e 18:00, \\u0441\\u0443\\u0431\\u0431\\u043e\\u0442\\u0430 \\u0441 10:00 \\u0434\\u043e 16:00, \\u0432\\u043e\\u0441\\u043a\\u0440\\u0435\\u0441\\u0435\\u043d\\u044c\\u0435 \\u0432\\u044b\\u0445\\u043e\\u0434\\u043d\\u043e\\u0439.&lt;br&gt;&lt;\\/p&gt;                    "}},"2":{"title":{"1":"\\u0414\\u043e\\u0441\\u0442\\u0430\\u0432\\u043a\\u0430 \\u0438 \\u043e\\u043f\\u043b\\u0430\\u0442\\u0430","2":"\\u0414\\u043e\\u0441\\u0442\\u0430\\u0432\\u043a\\u0430 \\u0438 \\u043e\\u043f\\u043b\\u0430\\u0442\\u0430"},"faicons_faq":"fa fa-truck","id":"tabfaq2","description":{"1":"&lt;p&gt;\\u041f\\u0440\\u0438 \\u0432\\u044b\\u0431\\u043e\\u0440\\u0435 \\u0434\\u043e\\u0441\\u0442\\u0430\\u0432\\u043a\\u0438 \\u2013 \\u043d\\u0430\\u0448\\u0438\\u043c \\u0442\\u0440\\u0430\\u043d\\u0441\\u043f\\u043e\\u0440\\u0442\\u043e\\u043c, \\u0412\\u0430\\u043c \\u043d\\u0443\\u0436\\u043d\\u043e \\u043e\\u043f\\u043b\\u0430\\u0442\\u0438\\u0442\\u044c \\u043f\\u043e\\u043b\\u043d\\u0443\\u044e \\u0441\\u0442\\u043e\\u0438\\u043c\\u043e\\u0441\\u0442\\u044c \\u043f\\u043e\\u043a\\u0443\\u043f\\u043a\\u0438 \\u043d\\u0430 \\u043d\\u0430\\u0448 \\u0440\\u0430\\u0441\\u0447\\u0435\\u0442\\u043d\\u044b\\u0439 \\u0441\\u0447\\u0435\\u0442 \\u0432 \\u0431\\u0430\\u043d\\u043a\\u0435, \\u044d\\u0442\\u043e \\u043c\\u043e\\u0436\\u043d\\u043e \\u0441\\u0434\\u0435\\u043b\\u0430\\u0442\\u044c \\u0447\\u0435\\u0440\\u0435\\u0437 \\u043a\\u0430\\u0441\\u0441\\u0443 \\u0432 \\u043b\\u044e\\u0431\\u043e\\u043c \\u0431\\u0430\\u043d\\u043a\\u0435, \\u0438\\u043b\\u0438 \\u0441 \\u043f\\u043e\\u043c\\u043e\\u0449\\u044c\\u044e \\u0431\\u0430\\u043d\\u043a\\u043e\\u0432\\u0441\\u043a\\u043e\\u0439 \\u043a\\u0430\\u0440\\u0442\\u044b (\\u0432\\u044b\\u0431\\u0440\\u0430\\u0432 \\u0441\\u043f\\u043e\\u0441\\u043e\\u0431 \\u043e\\u043f\\u043b\\u0430\\u0442\\u044b \\u00ab\\u041e\\u043f\\u043b\\u0430\\u0442\\u0430 \\u043a\\u0430\\u0440\\u0442\\u043e\\u0439 \\u043b\\u044e\\u0431\\u043e\\u0433\\u043e \\u0431\\u0430\\u043d\\u043a\\u0430\\u00bb \\u043f\\u0440\\u0438 \\u043e\\u0444\\u043e\\u0440\\u043c\\u043b\\u0435\\u043d\\u0438\\u0438 \\u0437\\u0430\\u043a\\u0430\\u0437\\u0430 \\u043d\\u0430 \\u043d\\u0430\\u0448\\u0435\\u043c \\u0441\\u0430\\u0439\\u0442\\u0435).&lt;br&gt;&lt;\\/p&gt;                    ","2":"&lt;p&gt;\\u041f\\u0440\\u0438 \\u0432\\u044b\\u0431\\u043e\\u0440\\u0435 \\u0434\\u043e\\u0441\\u0442\\u0430\\u0432\\u043a\\u0438 \\u2013 \\u043d\\u0430\\u0448\\u0438\\u043c \\u0442\\u0440\\u0430\\u043d\\u0441\\u043f\\u043e\\u0440\\u0442\\u043e\\u043c, \\u0412\\u0430\\u043c \\u043d\\u0443\\u0436\\u043d\\u043e \\u043e\\u043f\\u043b\\u0430\\u0442\\u0438\\u0442\\u044c \\u043f\\u043e\\u043b\\u043d\\u0443\\u044e \\u0441\\u0442\\u043e\\u0438\\u043c\\u043e\\u0441\\u0442\\u044c \\u043f\\u043e\\u043a\\u0443\\u043f\\u043a\\u0438 \\u043d\\u0430 \\u043d\\u0430\\u0448 \\u0440\\u0430\\u0441\\u0447\\u0435\\u0442\\u043d\\u044b\\u0439 \\u0441\\u0447\\u0435\\u0442 \\u0432 \\u0431\\u0430\\u043d\\u043a\\u0435, \\u044d\\u0442\\u043e \\u043c\\u043e\\u0436\\u043d\\u043e \\u0441\\u0434\\u0435\\u043b\\u0430\\u0442\\u044c \\u0447\\u0435\\u0440\\u0435\\u0437 \\u043a\\u0430\\u0441\\u0441\\u0443 \\u0432 \\u043b\\u044e\\u0431\\u043e\\u043c \\u0431\\u0430\\u043d\\u043a\\u0435, \\u0438\\u043b\\u0438 \\u0441 \\u043f\\u043e\\u043c\\u043e\\u0449\\u044c\\u044e \\u0431\\u0430\\u043d\\u043a\\u043e\\u0432\\u0441\\u043a\\u043e\\u0439 \\u043a\\u0430\\u0440\\u0442\\u044b (\\u0432\\u044b\\u0431\\u0440\\u0430\\u0432 \\u0441\\u043f\\u043e\\u0441\\u043e\\u0431 \\u043e\\u043f\\u043b\\u0430\\u0442\\u044b \\u00ab\\u041e\\u043f\\u043b\\u0430\\u0442\\u0430 \\u043a\\u0430\\u0440\\u0442\\u043e\\u0439 \\u043b\\u044e\\u0431\\u043e\\u0433\\u043e \\u0431\\u0430\\u043d\\u043a\\u0430\\u00bb \\u043f\\u0440\\u0438 \\u043e\\u0444\\u043e\\u0440\\u043c\\u043b\\u0435\\u043d\\u0438\\u0438 \\u0437\\u0430\\u043a\\u0430\\u0437\\u0430 \\u043d\\u0430 \\u043d\\u0430\\u0448\\u0435\\u043c \\u0441\\u0430\\u0439\\u0442\\u0435).&lt;br&gt;&lt;\\/p&gt;                    "}},"3":{"title":{"1":"\\u041e \\u043d\\u0430\\u0448\\u0435\\u043c \\u043c\\u0430\\u0433\\u0430\\u0437\\u0438\\u043d\\u0435","2":"\\u041e \\u043d\\u0430\\u0448\\u0435\\u043c \\u043c\\u0430\\u0433\\u0430\\u0437\\u0438\\u043d\\u0435"},"faicons_faq":"fa fa-gift","id":"tabfaq3","description":{"1":"&lt;p&gt;\\u0418\\u043d\\u0442\\u0435\\u0440\\u043d\\u0435\\u0442-\\u043c\\u0430\\u0433\\u0430\\u0437\\u0438\\u043d (\\u0430\\u043d\\u0433\\u043b. online shop \\u0438\\u043b\\u0438 e-shop) \\u2014 \\u0441\\u0430\\u0439\\u0442, \\u0442\\u043e\\u0440\\u0433\\u0443\\u044e\\u0449\\u0438\\u0439 \\u0442\\u043e\\u0432\\u0430\\u0440\\u0430\\u043c\\u0438 \\u043f\\u043e\\u0441\\u0440\\u0435\\u0434\\u0441\\u0442\\u0432\\u043e\\u043c \\u0441\\u0435\\u0442\\u0438 \\u0418\\u043d\\u0442\\u0435\\u0440\\u043d\\u0435\\u0442. \\u041f\\u043e\\u0437\\u0432\\u043e\\u043b\\u044f\\u0435\\u0442 \\u043f\\u043e\\u043b\\u044c\\u0437\\u043e\\u0432\\u0430\\u0442\\u0435\\u043b\\u044f\\u043c \\u043e\\u043d\\u043b\\u0430\\u0439\\u043d, \\u0432 \\u0441\\u0432\\u043e\\u0451\\u043c \\u0431\\u0440\\u0430\\u0443\\u0437\\u0435\\u0440\\u0435 \\u0438\\u043b\\u0438 \\u0447\\u0435\\u0440\\u0435\\u0437 \\u043c\\u043e\\u0431\\u0438\\u043b\\u044c\\u043d\\u043e\\u0435 \\u043f\\u0440\\u0438\\u043b\\u043e\\u0436\\u0435\\u043d\\u0438\\u0435&lt;\\/p&gt;&lt;p&gt;               &lt;br&gt;&lt;\\/p&gt;                    ","2":"&lt;p&gt;\\u0418\\u043d\\u0442\\u0435\\u0440\\u043d\\u0435\\u0442-\\u043c\\u0430\\u0433\\u0430\\u0437\\u0438\\u043d (\\u0430\\u043d\\u0433\\u043b. online shop \\u0438\\u043b\\u0438 e-shop) \\u2014 \\u0441\\u0430\\u0439\\u0442, \\u0442\\u043e\\u0440\\u0433\\u0443\\u044e\\u0449\\u0438\\u0439 \\u0442\\u043e\\u0432\\u0430\\u0440\\u0430\\u043c\\u0438 \\u043f\\u043e\\u0441\\u0440\\u0435\\u0434\\u0441\\u0442\\u0432\\u043e\\u043c \\u0441\\u0435\\u0442\\u0438 \\u0418\\u043d\\u0442\\u0435\\u0440\\u043d\\u0435\\u0442. \\u041f\\u043e\\u0437\\u0432\\u043e\\u043b\\u044f\\u0435\\u0442 \\u043f\\u043e\\u043b\\u044c\\u0437\\u043e\\u0432\\u0430\\u0442\\u0435\\u043b\\u044f\\u043c \\u043e\\u043d\\u043b\\u0430\\u0439\\u043d, \\u0432 \\u0441\\u0432\\u043e\\u0451\\u043c \\u0431\\u0440\\u0430\\u0443\\u0437\\u0435\\u0440\\u0435 \\u0438\\u043b\\u0438 \\u0447\\u0435\\u0440\\u0435\\u0437 \\u043c\\u043e\\u0431\\u0438\\u043b\\u044c\\u043d\\u043e\\u0435 \\u043f\\u0440\\u0438\\u043b\\u043e\\u0436\\u0435\\u043d\\u0438\\u0435&lt;\\/p&gt;&lt;p&gt;               &lt;br&gt;&lt;\\/p&gt;                    "}}}', '1');
INSERT INTO `PREFIX_DB_setting` ( `store_id`, `code`, `key`, `value`, `serialized`) VALUES ( '0', 'aridiuscallback', 'aridiuscallback_description2', '{"1":"&lt;p&gt;\\u0421\\u043f\\u0430\\u0441\\u0438\\u0431\\u043e \\u0437\\u0430 \\u0437\\u0430\\u043a\\u0430\\u0437 \\u0437\\u0432\\u043e\\u043d\\u043a\\u0430. \\u0421 \\u0432\\u0430\\u043c\\u0438 \\u0441\\u0432\\u044f\\u0436\\u0443\\u0442\\u0441\\u044f \\u0432 \\u0442\\u0435\\u0447\\u0435\\u043d\\u0438\\u0438 \\u0447\\u0430\\u0441\\u0430!&lt;br&gt;&lt;\\/p&gt;","2":"&lt;p&gt;\\u0421\\u043f\\u0430\\u0441\\u0438\\u0431\\u043e \\u0437\\u0430 \\u0437\\u0430\\u043a\\u0430\\u0437 \\u0437\\u0432\\u043e\\u043d\\u043a\\u0430. \\u0421 \\u0432\\u0430\\u043c\\u0438 \\u0441\\u0432\\u044f\\u0436\\u0443\\u0442\\u0441\\u044f \\u0432 \\u0442\\u0435\\u0447\\u0435\\u043d\\u0438\\u0438 \\u0447\\u0430\\u0441\\u0430!&lt;br&gt;&lt;\\/p&gt;"}', '1');
INSERT INTO `PREFIX_DB_setting` ( `store_id`, `code`, `key`, `value`, `serialized`) VALUES ( '0', 'aridius_livesearch', 'aridius_livesearch_livesearch_model', '0', '0');
INSERT INTO `PREFIX_DB_setting` ( `store_id`, `code`, `key`, `value`, `serialized`) VALUES ( '0', 'aridius_livesearch', 'aridius_livesearch_description', '0', '0');
INSERT INTO `PREFIX_DB_setting` ( `store_id`, `code`, `key`, `value`, `serialized`) VALUES ( '0', 'aridius_livesearch', 'aridius_livesearch_sku', '0', '0');
INSERT INTO `PREFIX_DB_setting` ( `store_id`, `code`, `key`, `value`, `serialized`) VALUES ( '0', 'aridius_livesearch', 'aridius_livesearch_tag', '0', '0');
INSERT INTO `PREFIX_DB_setting` ( `store_id`, `code`, `key`, `value`, `serialized`) VALUES ( '0', 'aridius_livesearch', 'aridius_livesearch_img', '0', '0');
INSERT INTO `PREFIX_DB_setting` ( `store_id`, `code`, `key`, `value`, `serialized`) VALUES ( '0', 'aridius_livesearch', 'aridius_livesearch_symbol', '1', '0');
INSERT INTO `PREFIX_DB_setting` ( `store_id`, `code`, `key`, `value`, `serialized`) VALUES ( '0', 'aridius_livesearch', 'aridius_livesearch_limit', '5', '0');
INSERT INTO `PREFIX_DB_setting` ( `store_id`, `code`, `key`, `value`, `serialized`) VALUES ( '0', 'aridius_livesearch', 'aridius_livesearch_width', '40', '0');
INSERT INTO `PREFIX_DB_setting` ( `store_id`, `code`, `key`, `value`, `serialized`) VALUES ( '0', 'aridius_livesearch', 'aridius_livesearch_height', '40', '0');
INSERT INTO `PREFIX_DB_setting` ( `store_id`, `code`, `key`, `value`, `serialized`) VALUES ( '0', 'aridius_livesearch', 'aridius_livesearch_status', '1', '0');
INSERT INTO `PREFIX_DB_setting` ( `store_id`, `code`, `key`, `value`, `serialized`) VALUES ( '0', 'aridiusinstock', 'aridiusinstock_placeholdertell', '{"1":"\\u0422\\u0435\\u043b\\u0435\\u0444\\u043e\\u043d","2":"\\u0422\\u0435\\u043b\\u0435\\u0444\\u043e\\u043d"}', '1');
INSERT INTO `PREFIX_DB_setting` ( `store_id`, `code`, `key`, `value`, `serialized`) VALUES ( '0', 'aridiusinstock', 'aridiusinstock_mask', '{"1":"+7(999) 999-9999","2":"+7(999) 999-9999"}', '1');
INSERT INTO `PREFIX_DB_setting` ( `store_id`, `code`, `key`, `value`, `serialized`) VALUES ( '0', 'aridiusinstock', 'aridiusinstock_tellvalid', '0', '0');
INSERT INTO `PREFIX_DB_setting` ( `store_id`, `code`, `key`, `value`, `serialized`) VALUES ( '0', 'aridiusinstock', 'aridiusinstock_tellshow', '0', '0');
INSERT INTO `PREFIX_DB_setting` ( `store_id`, `code`, `key`, `value`, `serialized`) VALUES ( '0', 'aridiusinstock', 'aridiusinstock_placeholderfirstname', '{"1":"\\u0424\\u0418\\u041e","2":"\\u0424\\u0418\\u041e"}', '1');
INSERT INTO `PREFIX_DB_setting` ( `store_id`, `code`, `key`, `value`, `serialized`) VALUES ( '0', 'aridiusinstock', 'aridiusinstock_firstnamevalid', '0', '0');
INSERT INTO `PREFIX_DB_setting` ( `store_id`, `code`, `key`, `value`, `serialized`) VALUES ( '0', 'aridiusinstock', 'aridiusinstock_firstnameshow', '0', '0');
INSERT INTO `PREFIX_DB_setting` ( `store_id`, `code`, `key`, `value`, `serialized`) VALUES ( '0', 'aridiusinstock', 'aridiusinstock_img', '0', '0');
INSERT INTO `PREFIX_DB_setting` ( `store_id`, `code`, `key`, `value`, `serialized`) VALUES ( '0', 'aridiusinstock', 'aridiusinstock_adddescriptionshow', '1', '0');
INSERT INTO `PREFIX_DB_setting` ( `store_id`, `code`, `key`, `value`, `serialized`) VALUES ( '0', 'aridiusinstock', 'aridiusinstock_descriptionshow', '0', '0');
INSERT INTO `PREFIX_DB_setting` ( `store_id`, `code`, `key`, `value`, `serialized`) VALUES ( '0', 'aridiusinstock', 'aridiusinstock_mail_send', '1', '0');
INSERT INTO `PREFIX_DB_setting` ( `store_id`, `code`, `key`, `value`, `serialized`) VALUES ( '0', 'aridiuscallback', 'aridiuscallback_emailvalid', '0', '0');
INSERT INTO `PREFIX_DB_setting` ( `store_id`, `code`, `key`, `value`, `serialized`) VALUES ( '0', 'aridiuscallback', 'aridiuscallback_placeholderemail', '{"1":"E-mail","2":"E-mail"}', '1');
INSERT INTO `PREFIX_DB_setting` ( `store_id`, `code`, `key`, `value`, `serialized`) VALUES ( '0', 'aridiuscallback', 'aridiuscallback_commentshow', '0', '0');
INSERT INTO `PREFIX_DB_setting` ( `store_id`, `code`, `key`, `value`, `serialized`) VALUES ( '0', 'aridiuscallback', 'aridiuscallback_placeholdercomment', '{"1":"\\u041a\\u043e\\u043c\\u043c\\u0435\\u043d\\u0442\\u0430\\u0440\\u0438\\u0439","2":"\\u041a\\u043e\\u043c\\u043c\\u0435\\u043d\\u0442\\u0430\\u0440\\u0438\\u0439"}', '1');
INSERT INTO `PREFIX_DB_setting` ( `store_id`, `code`, `key`, `value`, `serialized`) VALUES ( '0', 'aridiuscallback', 'aridiuscallback_timetshow', '0', '0');
INSERT INTO `PREFIX_DB_setting` ( `store_id`, `code`, `key`, `value`, `serialized`) VALUES ( '0', 'aridiuscallback', 'aridiuscallback_placeholdertimein', '{"1":"\\u0441","2":"\\u0441"}', '1');
INSERT INTO `PREFIX_DB_setting` ( `store_id`, `code`, `key`, `value`, `serialized`) VALUES ( '0', 'aridiuscallback', 'aridiuscallback_placeholdertimeoff', '{"1":"\\u0434\\u043e","2":"\\u0434\\u043e"}', '1');
INSERT INTO `PREFIX_DB_setting` ( `store_id`, `code`, `key`, `value`, `serialized`) VALUES ( '0', 'aridiuscallback', 'aridiuscallback_status', '1', '0');
INSERT INTO `PREFIX_DB_setting` ( `store_id`, `code`, `key`, `value`, `serialized`) VALUES ( '0', 'aridiuscallback', 'aridiuscallback_description', '{"1":"&lt;span style=&quot;font-size: 11px;&quot;&gt;\\u041d\\u0430\\u0436\\u0438\\u043c\\u0430\\u044f \\u043d\\u0430 \\u043a\\u043d\\u043e\\u043f\\u043a\\u0443 \\u00ab\\u041e\\u0442\\u043f\\u0440\\u0430\\u0432\\u0438\\u0442\\u044c\\u00bb, \\u044f \\u0434\\u0430\\u044e c\\u043e\\u0433\\u043b\\u0430\\u0441\\u0438\\u0435 \\u043d\\u0430 &lt;a href=&quot;person_danie&quot; target=&quot;_blank&quot;&gt;\\u043e\\u0431\\u0440\\u0430\\u0431\\u043e\\u0442\\u043a\\u0443 \\u043f\\u0435\\u0440\\u0441\\u043e\\u043d\\u0430\\u043b\\u044c\\u043d\\u044b\\u0445 \\u0434\\u0430\\u043d\\u043d\\u044b\\u0445.&lt;\\/a&gt;&lt;\\/span&gt;","2":"&lt;span style=&quot;font-size: 11px;&quot;&gt;\\u041d\\u0430\\u0436\\u0438\\u043c\\u0430\\u044f \\u043d\\u0430 \\u043a\\u043d\\u043e\\u043f\\u043a\\u0443 \\u00ab\\u041e\\u0442\\u043f\\u0440\\u0430\\u0432\\u0438\\u0442\\u044c\\u00bb, \\u044f \\u0434\\u0430\\u044e c\\u043e\\u0433\\u043b\\u0430\\u0441\\u0438\\u0435 \\u043d\\u0430 &lt;a href=&quot;person_danie&quot; target=&quot;_blank&quot;&gt;\\u043e\\u0431\\u0440\\u0430\\u0431\\u043e\\u0442\\u043a\\u0443 \\u043f\\u0435\\u0440\\u0441\\u043e\\u043d\\u0430\\u043b\\u044c\\u043d\\u044b\\u0445 \\u0434\\u0430\\u043d\\u043d\\u044b\\u0445.&lt;\\/a&gt;&lt;\\/span&gt;"}', '1');
INSERT INTO `PREFIX_DB_setting` ( `store_id`, `code`, `key`, `value`, `serialized`) VALUES ( '0', 'aridiuscallback', 'aridiuscallback_adddescriptionshow', '1', '0');
INSERT INTO `PREFIX_DB_setting` ( `store_id`, `code`, `key`, `value`, `serialized`) VALUES ( '0', 'aridiuscallback', 'aridiuscallback_firstnameshow', '0', '0');
INSERT INTO `PREFIX_DB_setting` ( `store_id`, `code`, `key`, `value`, `serialized`) VALUES ( '0', 'aridiuscallback', 'aridiuscallback_firstnamevalid', '0', '0');
INSERT INTO `PREFIX_DB_setting` ( `store_id`, `code`, `key`, `value`, `serialized`) VALUES ( '0', 'aridiuscallback', 'aridiuscallback_placeholderfirstname', '{"1":"\\u0424\\u0418\\u041e ","2":"\\u0424\\u0418\\u041e "}', '1');
INSERT INTO `PREFIX_DB_setting` ( `store_id`, `code`, `key`, `value`, `serialized`) VALUES ( '0', 'aridiuscallback', 'aridiuscallback_mask', '{"1":"+7(999) 999-9999","2":"+7(999) 999-9999"}', '1');
INSERT INTO `PREFIX_DB_setting` ( `store_id`, `code`, `key`, `value`, `serialized`) VALUES ( '0', 'aridiuscallback', 'aridiuscallback_placeholdertell', '{"1":"\\u0422\\u0435\\u043b\\u0435\\u0444\\u043e\\u043d","2":"\\u0422\\u0435\\u043b\\u0435\\u0444\\u043e\\u043d"}', '1');
INSERT INTO `PREFIX_DB_setting` ( `store_id`, `code`, `key`, `value`, `serialized`) VALUES ( '0', 'aridiuscallback', 'aridiuscallback_emailshow', '0', '0');
INSERT INTO `PREFIX_DB_setting` ( `store_id`, `code`, `key`, `value`, `serialized`) VALUES ( '0', 'aridiusinstock', 'aridiusinstock_emailshow', '0', '0');
INSERT INTO `PREFIX_DB_setting` ( `store_id`, `code`, `key`, `value`, `serialized`) VALUES ( '0', 'aridiusinstock', 'aridiusinstock_emailvalid', '0', '0');
INSERT INTO `PREFIX_DB_setting` ( `store_id`, `code`, `key`, `value`, `serialized`) VALUES ( '0', 'aridiusinstock', 'aridiusinstock_placeholderemail', '{"1":"E-mail","2":"E-mail"}', '1');
INSERT INTO `PREFIX_DB_setting` ( `store_id`, `code`, `key`, `value`, `serialized`) VALUES ( '0', 'aridiusinstock', 'aridiusinstock_status', '1', '0');
INSERT INTO `PREFIX_DB_setting` ( `store_id`, `code`, `key`, `value`, `serialized`) VALUES ( '0', 'aridiusinstock', 'aridiusinstock_description', '{"1":"&lt;span style=&quot;font-size: 11px;&quot;&gt;\\u041d\\u0430\\u0436\\u0438\\u043c\\u0430\\u044f \\u043d\\u0430 \\u043a\\u043d\\u043e\\u043f\\u043a\\u0443 \\u00ab\\u041e\\u0442\\u043f\\u0440\\u0430\\u0432\\u0438\\u0442\\u044c\\u00bb, \\u044f \\u0434\\u0430\\u044e c\\u043e\\u0433\\u043b\\u0430\\u0441\\u0438\\u0435 \\u043d\\u0430 &lt;a href=&quot;person_danie&quot; target=&quot;_blank&quot;&gt;\\u043e\\u0431\\u0440\\u0430\\u0431\\u043e\\u0442\\u043a\\u0443 \\u043f\\u0435\\u0440\\u0441\\u043e\\u043d\\u0430\\u043b\\u044c\\u043d\\u044b\\u0445 \\u0434\\u0430\\u043d\\u043d\\u044b\\u0445.&lt;\\/a&gt;&lt;\\/span&gt;","2":"&lt;span style=&quot;font-size: 11px;&quot;&gt;\\u041d\\u0430\\u0436\\u0438\\u043c\\u0430\\u044f \\u043d\\u0430 \\u043a\\u043d\\u043e\\u043f\\u043a\\u0443 \\u00ab\\u041e\\u0442\\u043f\\u0440\\u0430\\u0432\\u0438\\u0442\\u044c\\u00bb, \\u044f \\u0434\\u0430\\u044e c\\u043e\\u0433\\u043b\\u0430\\u0441\\u0438\\u0435 \\u043d\\u0430 &lt;a href=&quot;person_danie&quot; target=&quot;_blank&quot;&gt;\\u043e\\u0431\\u0440\\u0430\\u0431\\u043e\\u0442\\u043a\\u0443 \\u043f\\u0435\\u0440\\u0441\\u043e\\u043d\\u0430\\u043b\\u044c\\u043d\\u044b\\u0445 \\u0434\\u0430\\u043d\\u043d\\u044b\\u0445.&lt;\\/a&gt;&lt;\\/span&gt;"}', '1');
INSERT INTO `PREFIX_DB_setting` ( `store_id`, `code`, `key`, `value`, `serialized`) VALUES ( '0', 'aridiusinstock', 'aridiusinstock_description2', '{"1":"&lt;p&gt;\\u0421\\u043f\\u0430\\u0441\\u0438\\u0431\\u043e, \\u043c\\u044b \\u0440\\u0430\\u0434\\u044b \\u0437\\u0430 \\u043f\\u0440\\u043e\\u044f\\u0432\\u043b\\u0435\\u043d\\u043d\\u044b\\u0439 \\u0438\\u043d\\u0442\\u0435\\u0440\\u0435\\u0441. \\u041f\\u043e\\u0441\\u043b\\u0435 \\u043f\\u043e\\u043b\\u0443\\u0447\\u0435\\u043d\\u0438\\u044f \\u0442\\u043e\\u0432\\u0430\\u0440\\u0430 \\u043c\\u044b \\u0441\\u0432\\u044f\\u0436\\u0435\\u043c\\u0441\\u044f \\u0441 \\u0432\\u0430\\u043c\\u0438!&lt;br&gt;&lt;\\/p&gt;","2":"&lt;p&gt;\\u0421\\u043f\\u0430\\u0441\\u0438\\u0431\\u043e, \\u043c\\u044b \\u0440\\u0430\\u0434\\u044b \\u0437\\u0430 \\u043f\\u0440\\u043e\\u044f\\u0432\\u043b\\u0435\\u043d\\u043d\\u044b\\u0439 \\u0438\\u043d\\u0442\\u0435\\u0440\\u0435\\u0441. \\u041f\\u043e\\u0441\\u043b\\u0435 \\u043f\\u043e\\u043b\\u0443\\u0447\\u0435\\u043d\\u0438\\u044f \\u0442\\u043e\\u0432\\u0430\\u0440\\u0430 \\u043c\\u044b \\u0441\\u0432\\u044f\\u0436\\u0435\\u043c\\u0441\\u044f \\u0441 \\u0432\\u0430\\u043c\\u0438!&lt;br&gt;&lt;\\/p&gt;"}', '1');
INSERT INTO `PREFIX_DB_setting` ( `store_id`, `code`, `key`, `value`, `serialized`) VALUES ( '0', 'aridiusfastorder', 'aridiusfastorder_description2', '{"1":"&lt;p&gt;\\u0421\\u043f\\u0430\\u0441\\u0438\\u0431\\u043e \\u0437\\u0430 \\u0431\\u044b\\u0441\\u0442\\u0440\\u044b\\u0439 \\u0437\\u0430\\u043a\\u0430\\u0437. \\u0421 \\u0432\\u0430\\u043c\\u0438 \\u0441\\u0432\\u044f\\u0436\\u0443\\u0442\\u0441\\u044f \\u0432 \\u0442\\u0435\\u0447\\u0435\\u043d\\u0438\\u0438 \\u0447\\u0430\\u0441\\u0430!&lt;br&gt;&lt;\\/p&gt;","2":"&lt;p&gt;\\u0421\\u043f\\u0430\\u0441\\u0438\\u0431\\u043e \\u0437\\u0430 \\u0431\\u044b\\u0441\\u0442\\u0440\\u044b\\u0439 \\u0437\\u0430\\u043a\\u0430\\u0437. \\u0421 \\u0432\\u0430\\u043c\\u0438 \\u0441\\u0432\\u044f\\u0436\\u0443\\u0442\\u0441\\u044f \\u0432 \\u0442\\u0435\\u0447\\u0435\\u043d\\u0438\\u0438 \\u0447\\u0430\\u0441\\u0430!&lt;br&gt;&lt;\\/p&gt;"}', '1');
INSERT INTO `PREFIX_DB_setting` ( `store_id`, `code`, `key`, `value`, `serialized`) VALUES ( '0', 'aridiusfastorder', 'aridiusfastorder_placeholdertell', '{"1":"\\u0422\\u0435\\u043b\\u0435\\u0444\\u043e\\u043d","2":"\\u0422\\u0435\\u043b\\u0435\\u0444\\u043e\\u043d"}', '1');
INSERT INTO `PREFIX_DB_setting` ( `store_id`, `code`, `key`, `value`, `serialized`) VALUES ( '0', 'aridiusfastorder', 'aridiusfastorder_emailshow', '0', '0');
INSERT INTO `PREFIX_DB_setting` ( `store_id`, `code`, `key`, `value`, `serialized`) VALUES ( '0', 'aridiusfastorder', 'aridiusfastorder_emailvalid', '0', '0');
INSERT INTO `PREFIX_DB_setting` ( `store_id`, `code`, `key`, `value`, `serialized`) VALUES ( '0', 'aridiusfastorder', 'aridiusfastorder_placeholderemail', '{"1":"E-mail","2":"E-mail"}', '1');
INSERT INTO `PREFIX_DB_setting` ( `store_id`, `code`, `key`, `value`, `serialized`) VALUES ( '0', 'aridiusfastorder', 'aridiusfastorder_commentshow', '0', '0');
INSERT INTO `PREFIX_DB_setting` ( `store_id`, `code`, `key`, `value`, `serialized`) VALUES ( '0', 'aridiusfastorder', 'aridiusfastorder_placeholdercomment', '{"1":"\\u041a\\u043e\\u043c\\u043c\\u0435\\u043d\\u0442\\u0430\\u0440\\u0438\\u0439","2":"\\u041a\\u043e\\u043c\\u043c\\u0435\\u043d\\u0442\\u0430\\u0440\\u0438\\u0439"}', '1');
INSERT INTO `PREFIX_DB_setting` ( `store_id`, `code`, `key`, `value`, `serialized`) VALUES ( '0', 'aridiusfastorder', 'aridiusfastorder_status', '1', '0');
INSERT INTO `PREFIX_DB_setting` ( `store_id`, `code`, `key`, `value`, `serialized`) VALUES ( '0', 'aridiusfastorder', 'aridiusfastorder_description', '{"1":"&lt;span style=&quot;font-size: 11px;&quot;&gt;\\u041d\\u0430\\u0436\\u0438\\u043c\\u0430\\u044f \\u043d\\u0430 \\u043a\\u043d\\u043e\\u043f\\u043a\\u0443 \\u00ab\\u041e\\u0442\\u043f\\u0440\\u0430\\u0432\\u0438\\u0442\\u044c\\u00bb, \\u044f \\u0434\\u0430\\u044e c\\u043e\\u0433\\u043b\\u0430\\u0441\\u0438\\u0435 \\u043d\\u0430 &lt;a href=&quot;person_danie&quot; target=&quot;_blank&quot;&gt;\\u043e\\u0431\\u0440\\u0430\\u0431\\u043e\\u0442\\u043a\\u0443 \\u043f\\u0435\\u0440\\u0441\\u043e\\u043d\\u0430\\u043b\\u044c\\u043d\\u044b\\u0445 \\u0434\\u0430\\u043d\\u043d\\u044b\\u0445.&lt;\\/a&gt;&lt;\\/span&gt;","2":"&lt;span style=&quot;font-size: 11px;&quot;&gt;\\u041d\\u0430\\u0436\\u0438\\u043c\\u0430\\u044f \\u043d\\u0430 \\u043a\\u043d\\u043e\\u043f\\u043a\\u0443 \\u00ab\\u041e\\u0442\\u043f\\u0440\\u0430\\u0432\\u0438\\u0442\\u044c\\u00bb, \\u044f \\u0434\\u0430\\u044e c\\u043e\\u0433\\u043b\\u0430\\u0441\\u0438\\u0435 \\u043d\\u0430 &lt;a href=&quot;person_danie&quot; target=&quot;_blank&quot;&gt;\\u043e\\u0431\\u0440\\u0430\\u0431\\u043e\\u0442\\u043a\\u0443 \\u043f\\u0435\\u0440\\u0441\\u043e\\u043d\\u0430\\u043b\\u044c\\u043d\\u044b\\u0445 \\u0434\\u0430\\u043d\\u043d\\u044b\\u0445.&lt;\\/a&gt;&lt;\\/span&gt;"}', '1');
INSERT INTO `PREFIX_DB_setting` ( `store_id`, `code`, `key`, `value`, `serialized`) VALUES ( '0', 'aridiusfastorder', 'aridiusfastorder_descriptionshow', '0', '0');
INSERT INTO `PREFIX_DB_setting` ( `store_id`, `code`, `key`, `value`, `serialized`) VALUES ( '0', 'aridiusfastorder', 'aridiusfastorder_adddescriptionshow', '1', '0');
INSERT INTO `PREFIX_DB_setting` ( `store_id`, `code`, `key`, `value`, `serialized`) VALUES ( '0', 'aridiusfastorder', 'aridiusfastorder_img', '0', '0');
INSERT INTO `PREFIX_DB_setting` ( `store_id`, `code`, `key`, `value`, `serialized`) VALUES ( '0', 'aridiusfastorder', 'aridiusfastorder_price', '0', '0');
INSERT INTO `PREFIX_DB_setting` ( `store_id`, `code`, `key`, `value`, `serialized`) VALUES ( '0', 'aridiusfastorder', 'aridiusfastorder_quantity', '0', '0');
INSERT INTO `PREFIX_DB_setting` ( `store_id`, `code`, `key`, `value`, `serialized`) VALUES ( '0', 'aridiusfastorder', 'aridiusfastorder_firstnameshow', '0', '0');
INSERT INTO `PREFIX_DB_setting` ( `store_id`, `code`, `key`, `value`, `serialized`) VALUES ( '0', 'aridiusfastorder', 'aridiusfastorder_firstnamevalid', '0', '0');
INSERT INTO `PREFIX_DB_setting` ( `store_id`, `code`, `key`, `value`, `serialized`) VALUES ( '0', 'aridiusfastorder', 'aridiusfastorder_placeholderfirstname', '{"1":"\\u0424\\u0418\\u041e","2":"\\u0424\\u0418\\u041e"}', '1');
INSERT INTO `PREFIX_DB_setting` ( `store_id`, `code`, `key`, `value`, `serialized`) VALUES ( '0', 'aridiusfastorder', 'aridiusfastorder_mask', '{"1":"+7(999) 999-9999","2":"+7(999) 999-9999"}', '1');
INSERT INTO `PREFIX_DB_setting` ( `store_id`, `code`, `key`, `value`, `serialized`) VALUES ( '0', 'aridiusundersell', 'aridiusundersell_descriptionshow', '0', '0');
INSERT INTO `PREFIX_DB_setting` ( `store_id`, `code`, `key`, `value`, `serialized`) VALUES ( '0', 'aridiusundersell', 'aridiusundersell_adddescriptionshow', '1', '0');
INSERT INTO `PREFIX_DB_setting` ( `store_id`, `code`, `key`, `value`, `serialized`) VALUES ( '0', 'aridiusundersell', 'aridiusundersell_img', '0', '0');
INSERT INTO `PREFIX_DB_setting` ( `store_id`, `code`, `key`, `value`, `serialized`) VALUES ( '0', 'aridiusundersell', 'aridiusundersell_price', '0', '0');
INSERT INTO `PREFIX_DB_setting` ( `store_id`, `code`, `key`, `value`, `serialized`) VALUES ( '0', 'aridiusundersell', 'aridiusundersell_quantity', '0', '0');
INSERT INTO `PREFIX_DB_setting` ( `store_id`, `code`, `key`, `value`, `serialized`) VALUES ( '0', 'aridiusundersell', 'aridiusundersell_firstnameshow', '0', '0');
INSERT INTO `PREFIX_DB_setting` ( `store_id`, `code`, `key`, `value`, `serialized`) VALUES ( '0', 'aridiusundersell', 'aridiusundersell_firstnamevalid', '0', '0');
INSERT INTO `PREFIX_DB_setting` ( `store_id`, `code`, `key`, `value`, `serialized`) VALUES ( '0', 'aridiusundersell', 'aridiusundersell_placeholderfirstname', '{"1":"\\u0424\\u0418\\u041e","2":"\\u0424\\u0418\\u041e"}', '1');
INSERT INTO `PREFIX_DB_setting` ( `store_id`, `code`, `key`, `value`, `serialized`) VALUES ( '0', 'aridiusundersell', 'aridiusundersell_mask', '{"1":"+7(999) 999-9999","2":"+7(999) 999-9999"}', '1');
INSERT INTO `PREFIX_DB_setting` ( `store_id`, `code`, `key`, `value`, `serialized`) VALUES ( '0', 'aridiusundersell', 'aridiusundersell_placeholdertell', '{"1":"\\u0422\\u0435\\u043b\\u0435\\u0444\\u043e\\u043d","2":"\\u0422\\u0435\\u043b\\u0435\\u0444\\u043e\\u043d"}', '1');
INSERT INTO `PREFIX_DB_setting` ( `store_id`, `code`, `key`, `value`, `serialized`) VALUES ( '0', 'aridiusundersell', 'aridiusundersell_emailshow', '0', '0');
INSERT INTO `PREFIX_DB_setting` ( `store_id`, `code`, `key`, `value`, `serialized`) VALUES ( '0', 'aridiusundersell', 'aridiusundersell_emailvalid', '0', '0');
INSERT INTO `PREFIX_DB_setting` ( `store_id`, `code`, `key`, `value`, `serialized`) VALUES ( '0', 'aridiusundersell', 'aridiusundersell_placeholderemail', '{"1":"E-mail","2":"E-mail"}', '1');
INSERT INTO `PREFIX_DB_setting` ( `store_id`, `code`, `key`, `value`, `serialized`) VALUES ( '0', 'aridiusundersell', 'aridiusundersell_commentshow', '0', '0');
INSERT INTO `PREFIX_DB_setting` ( `store_id`, `code`, `key`, `value`, `serialized`) VALUES ( '0', 'aridiusundersell', 'aridiusundersell_placeholdercomment', '{"1":"\\u041a\\u043e\\u043c\\u043c\\u0435\\u043d\\u0442\\u0430\\u0440\\u0438\\u0439","2":"\\u041a\\u043e\\u043c\\u043c\\u0435\\u043d\\u0442\\u0430\\u0440\\u0438\\u0439"}', '1');
INSERT INTO `PREFIX_DB_setting` ( `store_id`, `code`, `key`, `value`, `serialized`) VALUES ( '0', 'aridiusundersell', 'aridiusundersell_linkshow', '0', '0');
INSERT INTO `PREFIX_DB_setting` ( `store_id`, `code`, `key`, `value`, `serialized`) VALUES ( '0', 'aridiusundersell', 'aridiusundersell_linkvalid', '0', '0');
INSERT INTO `PREFIX_DB_setting` ( `store_id`, `code`, `key`, `value`, `serialized`) VALUES ( '0', 'aridiusundersell', 'aridiusundersell_placeholderlink', '{"1":"\\u0421\\u0441\\u044b\\u043b\\u043a\\u0430 \\u043d\\u0430 \\u0442\\u043e\\u0432\\u0430\\u0440 ","2":"\\u0421\\u0441\\u044b\\u043b\\u043a\\u0430 \\u043d\\u0430 \\u0442\\u043e\\u0432\\u0430\\u0440 "}', '1');
INSERT INTO `PREFIX_DB_setting` ( `store_id`, `code`, `key`, `value`, `serialized`) VALUES ( '0', 'aridiusundersell', 'aridiusundersell_status', '1', '0');
INSERT INTO `PREFIX_DB_setting` ( `store_id`, `code`, `key`, `value`, `serialized`) VALUES ( '0', 'aridiusundersell', 'aridiusundersell_description', '{"1":"&lt;span style=&quot;font-size: 11px;&quot;&gt;\\u041d\\u0430\\u0436\\u0438\\u043c\\u0430\\u044f \\u043d\\u0430 \\u043a\\u043d\\u043e\\u043f\\u043a\\u0443 \\u00ab\\u041e\\u0442\\u043f\\u0440\\u0430\\u0432\\u0438\\u0442\\u044c\\u00bb, \\u044f \\u0434\\u0430\\u044e c\\u043e\\u0433\\u043b\\u0430\\u0441\\u0438\\u0435 \\u043d\\u0430 &lt;a href=&quot;person_danie&quot; target=&quot;_blank&quot;&gt;\\u043e\\u0431\\u0440\\u0430\\u0431\\u043e\\u0442\\u043a\\u0443 \\u043f\\u0435\\u0440\\u0441\\u043e\\u043d\\u0430\\u043b\\u044c\\u043d\\u044b\\u0445 \\u0434\\u0430\\u043d\\u043d\\u044b\\u0445.&lt;\\/a&gt;&lt;\\/span&gt;","2":"&lt;span style=&quot;font-size: 11px;&quot;&gt;\\u041d\\u0430\\u0436\\u0438\\u043c\\u0430\\u044f \\u043d\\u0430 \\u043a\\u043d\\u043e\\u043f\\u043a\\u0443 \\u00ab\\u041e\\u0442\\u043f\\u0440\\u0430\\u0432\\u0438\\u0442\\u044c\\u00bb, \\u044f \\u0434\\u0430\\u044e c\\u043e\\u0433\\u043b\\u0430\\u0441\\u0438\\u0435 \\u043d\\u0430 &lt;a href=&quot;person_danie&quot; target=&quot;_blank&quot;&gt;\\u043e\\u0431\\u0440\\u0430\\u0431\\u043e\\u0442\\u043a\\u0443 \\u043f\\u0435\\u0440\\u0441\\u043e\\u043d\\u0430\\u043b\\u044c\\u043d\\u044b\\u0445 \\u0434\\u0430\\u043d\\u043d\\u044b\\u0445.&lt;\\/a&gt;&lt;\\/span&gt;"}', '1');
INSERT INTO `PREFIX_DB_setting` ( `store_id`, `code`, `key`, `value`, `serialized`) VALUES ( '0', 'aridiusundersell', 'aridiusundersell_description2', '{"1":"&lt;p&gt;\\u0417\\u0434\\u0435\\u0441\\u044c \\u0431\\u0443\\u0434\\u0435\\u0442 \\u0432\\u0430\\u0448 \\u0442\\u0435\\u043a\\u0441\\u0442. &lt;br&gt;&lt;\\/p&gt;","2":"&lt;p&gt;\\u0417\\u0434\\u0435\\u0441\\u044c \\u0431\\u0443\\u0434\\u0435\\u0442 \\u0432\\u0430\\u0448 \\u0442\\u0435\\u043a\\u0441\\u0442. &lt;br&gt;&lt;\\/p&gt;"}', '1');
INSERT INTO `PREFIX_DB_setting` ( `store_id`, `code`, `key`, `value`, `serialized`) VALUES ( '0', 'aridius_popupmail', 'aridius_popupmail_time', '15', '0');
INSERT INTO `PREFIX_DB_setting` ( `store_id`, `code`, `key`, `value`, `serialized`) VALUES ( '0', 'aridius_popupmail', 'aridius_popupmail_img', '{"1":"&lt;img class=&quot;img-responsive&quot; src=&quot;\\/image\\/catalog\\/img_mail\\/img_mail.png&quot; alt=&quot;mail&quot;&gt;","2":"&lt;img class=&quot;img-responsive&quot; src=&quot;\\/image\\/catalog\\/img_mail\\/img_mail.png&quot; alt=&quot;mail&quot;&gt;"}', '1');
INSERT INTO `PREFIX_DB_setting` ( `store_id`, `code`, `key`, `value`, `serialized`) VALUES ( '0', 'aridius_popupmail', 'aridius_popupmail_message', '{"1":"&lt;p style=&quot;font-weight: bold; font-size: 25px;&quot;&gt;\\u0412\\u0430\\u0448\\u0430 \\u0441\\u043a\\u0438\\u0434\\u043a\\u0430 &lt;span style=&quot;color: rgb(255, 0, 0);&quot;&gt;200 \\u0440\\u0443\\u0431.&lt;\\/span&gt;&lt;br&gt;&lt;\\/p&gt;&lt;p style=&quot;&quot;&gt;&lt;span style=&quot;font-size: 25px; font-weight: bold;&quot;&gt;\\u041d\\u041e\\u041c\\u0415\\u0420 \\u041a\\u0423\\u041f\\u041e\\u041d\\u0410: &lt;\\/span&gt;&lt;span style=&quot;font-size: 25px; font-weight: bold;&quot;&gt;&lt;span style=&quot;color: rgb(0, 0, 255);&quot;&gt;45678834&lt;\\/span&gt;&lt;br&gt;&lt;\\/span&gt;&lt;\\/p&gt;&lt;h5&gt;&lt;span style=&quot;font-size: 25px; font-weight: bold;&quot;&gt;\\u0414\\u043b\\u044f \\u0442\\u043e\\u0433\\u043e \\u0447\\u0442\\u043e\\u0431\\u044b \\u0430\\u043a\\u0442\\u0438\\u0432\\u0438\\u0440\\u043e\\u0432\\u0430\\u0442\\u044c \\u0412\\u0430\\u0448 \\u043a\\u0443\\u043f\\u043e\\u043d - \\u0432\\u0432\\u0435\\u0434\\u0438\\u0442\\u0435 \\u044d\\u0442\\u043e\\u0442 \\u043d\\u043e\\u043c\\u0435\\u0440 \\u0432 \\u043a\\u043e\\u0440\\u0437\\u0438\\u043d\\u0435 \\u0442\\u043e\\u0432\\u0430\\u0440\\u0430 \\u0438 \\u043f\\u043e\\u043b\\u0443\\u0447\\u0438\\u0442\\u044c &lt;span style=&quot;color: rgb(255, 0, 0);&quot;&gt;-200 \\u0440\\u0443\\u0431.&lt;\\/span&gt; \\u043a \\u0432\\u0430\\u0448\\u0435\\u043c\\u0443 \\u0437\\u0430\\u043a\\u0430\\u0437\\u0443.&lt;\\/span&gt;&lt;\\/h5&gt;&lt;h5&gt;&lt;span style=&quot;font-size: 25px; font-weight: bold;&quot;&gt;&lt;img src=&quot;http:\\/\\/royal-gold.aridius.ru\\/image\\/catalog\\/img_mail\\/sale1.jpg&quot;&gt;&lt;br&gt;&lt;\\/span&gt;&lt;\\/h5&gt;","2":"&lt;p style=&quot;font-weight: bold; font-size: 25px;&quot;&gt;\\u0412\\u0430\\u0448\\u0430 \\u0441\\u043a\\u0438\\u0434\\u043a\\u0430 &lt;span style=&quot;color: rgb(255, 0, 0);&quot;&gt;200 \\u0440\\u0443\\u0431.&lt;\\/span&gt;&lt;br&gt;&lt;\\/p&gt;&lt;p style=&quot;&quot;&gt;&lt;span style=&quot;font-size: 25px; font-weight: bold;&quot;&gt;\\u041d\\u041e\\u041c\\u0415\\u0420 \\u041a\\u0423\\u041f\\u041e\\u041d\\u0410: &lt;\\/span&gt;&lt;span style=&quot;font-size: 25px; font-weight: bold;&quot;&gt;&lt;span style=&quot;color: rgb(0, 0, 255);&quot;&gt;45678834&lt;\\/span&gt;&lt;br&gt;&lt;\\/span&gt;&lt;\\/p&gt;&lt;h5&gt;&lt;span style=&quot;font-size: 25px; font-weight: bold;&quot;&gt;\\u0414\\u043b\\u044f \\u0442\\u043e\\u0433\\u043e \\u0447\\u0442\\u043e\\u0431\\u044b \\u0430\\u043a\\u0442\\u0438\\u0432\\u0438\\u0440\\u043e\\u0432\\u0430\\u0442\\u044c \\u0412\\u0430\\u0448 \\u043a\\u0443\\u043f\\u043e\\u043d - \\u0432\\u0432\\u0435\\u0434\\u0438\\u0442\\u0435 \\u044d\\u0442\\u043e\\u0442 \\u043d\\u043e\\u043c\\u0435\\u0440 \\u0432 \\u043a\\u043e\\u0440\\u0437\\u0438\\u043d\\u0435 \\u0442\\u043e\\u0432\\u0430\\u0440\\u0430 \\u0438 \\u043f\\u043e\\u043b\\u0443\\u0447\\u0438\\u0442\\u044c &lt;span style=&quot;color: rgb(255, 0, 0);&quot;&gt;-200 \\u0440\\u0443\\u0431.&lt;\\/span&gt; \\u043a \\u0432\\u0430\\u0448\\u0435\\u043c\\u0443 \\u0437\\u0430\\u043a\\u0430\\u0437\\u0443.&lt;\\/span&gt;&lt;\\/h5&gt;&lt;h5&gt;&lt;span style=&quot;font-size: 25px; font-weight: bold;&quot;&gt;&lt;img src=&quot;http:\\/\\/royal-gold.aridius.ru\\/image\\/catalog\\/img_mail\\/sale1.jpg&quot;&gt;&lt;br&gt;&lt;\\/span&gt;&lt;\\/h5&gt;"}', '1');
INSERT INTO `PREFIX_DB_setting` ( `store_id`, `code`, `key`, `value`, `serialized`) VALUES ( '0', 'aridius_popupmail', 'aridius_popupmail_subject', '{"1":"\\u0412\\u0430\\u043c \\u0441\\u043a\\u0438\\u0434\\u043a\\u0430!","2":"\\u0412\\u0430\\u043c \\u0441\\u043a\\u0438\\u0434\\u043a\\u0430!"}', '1');
INSERT INTO `PREFIX_DB_setting` ( `store_id`, `code`, `key`, `value`, `serialized`) VALUES ( '0', 'aridius_popupsize', 'aridius_popupsize_top_links', '{"1":{"title":{"1":"\\u0416\\u0435\\u043d\\u0441\\u043a\\u0438\\u0435","2":"\\u0416\\u0435\\u043d\\u0441\\u043a\\u0438\\u0435"},"id":"tabpopup1","description":{"1":"&lt;img class=&quot;img-responsive&quot; alt=&quot;size&quot; src=&quot;image\\/catalog\\/size-women.jpg&quot;&gt;&lt;br&gt;&lt;p&gt;&lt;br&gt;&lt;\\/p&gt;                                   ","2":"&lt;img class=&quot;img-responsive&quot; src=&quot;image\\/catalog\\/size-women.jpg&quot;&gt;&lt;br&gt;&lt;p&gt;&lt;br&gt;&lt;\\/p&gt;                                   "}},"3":{"title":{"1":"\\u0414\\u0435\\u0442\\u0441\\u043a\\u0438\\u0435","2":"\\u0414\\u0435\\u0442\\u0441\\u043a\\u0438\\u0435"},"id":"tabpopup3","description":{"1":"&lt;p&gt;\\u041f\\u0440\\u0430\\u0432\\u0438\\u043b\\u044c\\u043d\\u0435\\u0435 \\u0432\\u0441\\u0435\\u0433\\u043e \\u043f\\u0440\\u0438\\u043e\\u0431\\u0440\\u0435\\u0442\\u0430\\u0442\\u044c \\u043e\\u0431\\u0443\\u0432\\u044c \\u0441 \\u0437\\u0430\\u043f\\u0430\\u0441\\u043e\\u043c \\u0434\\u043e \\u043f\\u043e\\u043b\\u0443\\u0442\\u043e\\u0440\\u0430 \\u0441\\u0430\\u043d\\u0442\\u0438\\u043c\\u0435\\u0442\\u0440\\u043e\\u0432, \\u043f\\u0440\\u0438\\u0447\\u0435\\u043c, \\u043f\\u043e\\u043a\\u0443\\u043f\\u0430\\u044f \\u0437\\u0438\\u043c\\u043d\\u044e\\u044e \\u043e\\u0431\\u0443\\u0432\\u044c, \\u0443\\u0447\\u0438\\u0442\\u044b\\u0432\\u0430\\u0439\\u0442\\u0435, \\u0431\\u0443\\u0434\\u0435\\u0442\\u0435 \\u043b\\u0438 \\u0412\\u044b \\u043d\\u0430\\u0434\\u0435\\u0432\\u0430\\u0442\\u044c \\u043f\\u043e\\u0434 \\u043d\\u0435\\u0435 \\u043c\\u0430\\u043b\\u044b\\u0448\\u0443 \\u0434\\u043e\\u043f\\u043e\\u043b\\u043d\\u0438\\u0442\\u0435\\u043b\\u044c\\u043d\\u044b\\u0435 \\u043d\\u043e\\u0441\\u043e\\u0447\\u043a\\u0438. \\u0424\\u0438\\u0437\\u0438\\u043e\\u043b\\u043e\\u0433\\u0438\\u0447\\u0435\\u0441\\u043a\\u0438\\u0439 \\u0437\\u0430\\u043f\\u0430\\u0441 \\u043e\\u0431\\u0435\\u0441\\u043f\\u0435\\u0447\\u0438\\u0442 \\u0447\\u0443\\u0432\\u0441\\u0442\\u0432\\u043e \\u043a\\u043e\\u043c\\u0444\\u043e\\u0440\\u0442\\u0430: \\u0441\\u043b\\u0430\\u0431\\u044b\\u0435 \\u0434\\u0435\\u0442\\u0441\\u043a\\u0438\\u0435 \\u0441\\u0443\\u0441\\u0442\\u0430\\u0432\\u043d\\u044b\\u0435 \\u0441\\u0432\\u044f\\u0437\\u043a\\u0438 \\u0434\\u043e\\u0441\\u0442\\u0430\\u0442\\u043e\\u0447\\u043d\\u043e \\u0445\\u043e\\u0440\\u043e\\u0448\\u043e \\u0437\\u0430\\u0444\\u0438\\u043a\\u0441\\u0438\\u0440\\u0443\\u044e\\u0442\\u0441\\u044f, \\u043d\\u043e\\u0433\\u0430 \\u043d\\u0435 \\u0431\\u0443\\u0434\\u0435\\u0442 \\u0431\\u043e\\u043b\\u0442\\u0430\\u0442\\u044c\\u0441\\u044f \\u0438 \\u0435\\u0440\\u0437\\u0430\\u0442\\u044c. \\u041f\\u0440\\u0430\\u0432\\u0438\\u043b\\u044c\\u043d\\u043e \\u0432\\u044b\\u0431\\u0440\\u0430\\u043d\\u043d\\u044b\\u0439 \\u0440\\u0430\\u0437\\u043c\\u0435\\u0440 \\u043e\\u0431\\u0435\\u0437\\u043e\\u043f\\u0430\\u0441\\u0438\\u0442 \\u0440\\u0435\\u0431\\u0435\\u043d\\u043a\\u0430 \\u043e\\u0442 \\u0442\\u0440\\u0430\\u0432\\u043c, \\u0440\\u0430\\u0441\\u0442\\u044f\\u0436\\u0435\\u043d\\u0438\\u0439 \\u0438 \\u0432\\u044b\\u0432\\u0438\\u0445\\u043e\\u0432.                         &lt;\\/p&gt;","2":"&lt;p&gt;\\u041f\\u0440\\u0430\\u0432\\u0438\\u043b\\u044c\\u043d\\u0435\\u0435 \\u0432\\u0441\\u0435\\u0433\\u043e \\u043f\\u0440\\u0438\\u043e\\u0431\\u0440\\u0435\\u0442\\u0430\\u0442\\u044c \\u043e\\u0431\\u0443\\u0432\\u044c \\u0441 \\u0437\\u0430\\u043f\\u0430\\u0441\\u043e\\u043c \\u0434\\u043e \\u043f\\u043e\\u043b\\u0443\\u0442\\u043e\\u0440\\u0430 \\u0441\\u0430\\u043d\\u0442\\u0438\\u043c\\u0435\\u0442\\u0440\\u043e\\u0432, \\u043f\\u0440\\u0438\\u0447\\u0435\\u043c, \\u043f\\u043e\\u043a\\u0443\\u043f\\u0430\\u044f \\u0437\\u0438\\u043c\\u043d\\u044e\\u044e \\u043e\\u0431\\u0443\\u0432\\u044c, \\u0443\\u0447\\u0438\\u0442\\u044b\\u0432\\u0430\\u0439\\u0442\\u0435, \\u0431\\u0443\\u0434\\u0435\\u0442\\u0435 \\u043b\\u0438 \\u0412\\u044b \\u043d\\u0430\\u0434\\u0435\\u0432\\u0430\\u0442\\u044c \\u043f\\u043e\\u0434 \\u043d\\u0435\\u0435 \\u043c\\u0430\\u043b\\u044b\\u0448\\u0443 \\u0434\\u043e\\u043f\\u043e\\u043b\\u043d\\u0438\\u0442\\u0435\\u043b\\u044c\\u043d\\u044b\\u0435 \\u043d\\u043e\\u0441\\u043e\\u0447\\u043a\\u0438. \\u0424\\u0438\\u0437\\u0438\\u043e\\u043b\\u043e\\u0433\\u0438\\u0447\\u0435\\u0441\\u043a\\u0438\\u0439 \\u0437\\u0430\\u043f\\u0430\\u0441 \\u043e\\u0431\\u0435\\u0441\\u043f\\u0435\\u0447\\u0438\\u0442 \\u0447\\u0443\\u0432\\u0441\\u0442\\u0432\\u043e \\u043a\\u043e\\u043c\\u0444\\u043e\\u0440\\u0442\\u0430: \\u0441\\u043b\\u0430\\u0431\\u044b\\u0435 \\u0434\\u0435\\u0442\\u0441\\u043a\\u0438\\u0435 \\u0441\\u0443\\u0441\\u0442\\u0430\\u0432\\u043d\\u044b\\u0435 \\u0441\\u0432\\u044f\\u0437\\u043a\\u0438 \\u0434\\u043e\\u0441\\u0442\\u0430\\u0442\\u043e\\u0447\\u043d\\u043e \\u0445\\u043e\\u0440\\u043e\\u0448\\u043e \\u0437\\u0430\\u0444\\u0438\\u043a\\u0441\\u0438\\u0440\\u0443\\u044e\\u0442\\u0441\\u044f, \\u043d\\u043e\\u0433\\u0430 \\u043d\\u0435 \\u0431\\u0443\\u0434\\u0435\\u0442 \\u0431\\u043e\\u043b\\u0442\\u0430\\u0442\\u044c\\u0441\\u044f \\u0438 \\u0435\\u0440\\u0437\\u0430\\u0442\\u044c. \\u041f\\u0440\\u0430\\u0432\\u0438\\u043b\\u044c\\u043d\\u043e \\u0432\\u044b\\u0431\\u0440\\u0430\\u043d\\u043d\\u044b\\u0439 \\u0440\\u0430\\u0437\\u043c\\u0435\\u0440 \\u043e\\u0431\\u0435\\u0437\\u043e\\u043f\\u0430\\u0441\\u0438\\u0442 \\u0440\\u0435\\u0431\\u0435\\u043d\\u043a\\u0430 \\u043e\\u0442 \\u0442\\u0440\\u0430\\u0432\\u043c, \\u0440\\u0430\\u0441\\u0442\\u044f\\u0436\\u0435\\u043d\\u0438\\u0439 \\u0438 \\u0432\\u044b\\u0432\\u0438\\u0445\\u043e\\u0432.        &lt;\\/p&gt;"}}}', '1');
INSERT INTO `PREFIX_DB_setting` ( `store_id`, `code`, `key`, `value`, `serialized`) VALUES ( '0', 'aridius_popupsize', 'aridius_popupsize_name', '{"1":"\\u0422\\u0430\\u0431\\u043b\\u0438\\u0446\\u0430 \\u0440\\u0430\\u0437\\u043c\\u0435\\u0440\\u043e\\u0432","2":"\\u0422\\u0430\\u0431\\u043b\\u0438\\u0446\\u0430 \\u0440\\u0430\\u0437\\u043c\\u0435\\u0440\\u043e\\u0432"}', '1');
INSERT INTO `PREFIX_DB_setting` ( `store_id`, `code`, `key`, `value`, `serialized`) VALUES ( '0', 'aridius_store_review', 'aridius_store_review_status', '1', '0');
INSERT INTO `PREFIX_DB_setting` ( `store_id`, `code`, `key`, `value`, `serialized`) VALUES ( '0', 'aridius_store_review', 'aridius_store_review_mail', '0', '0');
INSERT INTO `PREFIX_DB_setting` ( `store_id`, `code`, `key`, `value`, `serialized`) VALUES ( '0', 'aridius_store_review', 'aridius_store_review_meta_title', '{"1":"\\u041e\\u0442\\u0437\\u044b\\u0432\\u044b \\u043e \\u043c\\u0430\\u0433\\u0430\\u0437\\u0438\\u043d\\u0435","2":"\\u041e\\u0442\\u0437\\u044b\\u0432\\u044b \\u043e \\u043c\\u0430\\u0433\\u0430\\u0437\\u0438\\u043d\\u0435"}', '1');
INSERT INTO `PREFIX_DB_setting` ( `store_id`, `code`, `key`, `value`, `serialized`) VALUES ( '0', 'aridius_store_review', 'aridius_store_review_meta_keyword', '{"1":"\\u041e\\u0442\\u0437\\u044b\\u0432\\u044b \\u043e \\u043c\\u0430\\u0433\\u0430\\u0437\\u0438\\u043d\\u0435","2":"\\u041e\\u0442\\u0437\\u044b\\u0432\\u044b \\u043e \\u043c\\u0430\\u0433\\u0430\\u0437\\u0438\\u043d\\u0435"}', '1');
INSERT INTO `PREFIX_DB_setting` ( `store_id`, `code`, `key`, `value`, `serialized`) VALUES ( '0', 'aridius_store_review', 'aridius_store_review_meta_description', '{"1":"\\u041e\\u0442\\u0437\\u044b\\u0432\\u044b \\u043e \\u043c\\u0430\\u0433\\u0430\\u0437\\u0438\\u043d\\u0435","2":"\\u041e\\u0442\\u0437\\u044b\\u0432\\u044b \\u043e \\u043c\\u0430\\u0433\\u0430\\u0437\\u0438\\u043d\\u0435"}', '1');
INSERT INTO `PREFIX_DB_setting` ( `store_id`, `code`, `key`, `value`, `serialized`) VALUES ( '0', 'aridius_store_review', 'aridius_store_review_display_captcha', '0', '0');
INSERT INTO `PREFIX_DB_setting` ( `store_id`, `code`, `key`, `value`, `serialized`) VALUES ( '0', 'aridius_store_review', 'aridius_store_review_limite_page', '20', '0');
INSERT INTO `PREFIX_DB_setting` ( `store_id`, `code`, `key`, `value`, `serialized`) VALUES ( '0', 'aridius_store_review', 'aridius_store_review_default_rating', '1', '0');
INSERT INTO `PREFIX_DB_setting` ( `store_id`, `code`, `key`, `value`, `serialized`) VALUES ( '0', 'aridius_store_review', 'aridius_store_review_display_average_rating', '0', '0');
INSERT INTO `PREFIX_DB_setting` ( `store_id`, `code`, `key`, `value`, `serialized`) VALUES ( '0', 'aridius_store_review', 'aridius_store_review_review_guest', '0', '0');
INSERT INTO `PREFIX_DB_setting` ( `store_id`, `code`, `key`, `value`, `serialized`) VALUES ( '0', 'aridius_faq', 'aridius_faq_status', '1', '0');
INSERT INTO `PREFIX_DB_setting` ( `store_id`, `code`, `key`, `value`, `serialized`) VALUES ( '0', 'aridius_store_review', 'aridius_store_review_display_answer_button', '0', '0');
INSERT INTO `PREFIX_DB_setting` ( `store_id`, `code`, `key`, `value`, `serialized`) VALUES ( '0', 'fractal', 'fractal_backgroundhover_btn', '50463B', '0');
INSERT INTO `PREFIX_DB_setting` ( `store_id`, `code`, `key`, `value`, `serialized`) VALUES ( '0', 'fractal', 'fractal_background_btn', 'FFFFFF', '0');
INSERT INTO `PREFIX_DB_setting` ( `store_id`, `code`, `key`, `value`, `serialized`) VALUES ( '0', 'fractal', 'fractal_color_border_search', '000000', '0');
INSERT INTO `PREFIX_DB_setting` ( `store_id`, `code`, `key`, `value`, `serialized`) VALUES ( '0', 'fractal', 'fractal_text_search', '000000', '0');
INSERT INTO `PREFIX_DB_setting` ( `store_id`, `code`, `key`, `value`, `serialized`) VALUES ( '0', 'fractal', 'fractal_background_container', 'FFFFFF', '0');
INSERT INTO `PREFIX_DB_setting` ( `store_id`, `code`, `key`, `value`, `serialized`) VALUES ( '0', 'fractal', 'fractal_colorborder_menu', 'E0E0E0', '0');
INSERT INTO `PREFIX_DB_setting` ( `store_id`, `code`, `key`, `value`, `serialized`) VALUES ( '0', 'fractal', 'fractal_colorbordertop_menu', '232323', '0');
INSERT INTO `PREFIX_DB_setting` ( `store_id`, `code`, `key`, `value`, `serialized`) VALUES ( '0', 'fractal', 'fractal_colorhover_menu', '3F3F3F', '0');
INSERT INTO `PREFIX_DB_setting` ( `store_id`, `code`, `key`, `value`, `serialized`) VALUES ( '0', 'fractal', 'fractal_color_menu', '232323', '0');
INSERT INTO `PREFIX_DB_setting` ( `store_id`, `code`, `key`, `value`, `serialized`) VALUES ( '0', 'fractal', 'fractal_background_menu', 'FFFFFF', '0');
INSERT INTO `PREFIX_DB_setting` ( `store_id`, `code`, `key`, `value`, `serialized`) VALUES ( '0', 'fractal', 'fractal_colorborder_top_menu', '3F3F3F', '0');
INSERT INTO `PREFIX_DB_setting` ( `store_id`, `code`, `key`, `value`, `serialized`) VALUES ( '0', 'fractal', 'fractal_colorhover_top_menu', 'CEB478', '0');
INSERT INTO `PREFIX_DB_setting` ( `store_id`, `code`, `key`, `value`, `serialized`) VALUES ( '0', 'fractal', 'fractal_color_top_menu', 'FFFFFF', '0');
INSERT INTO `PREFIX_DB_setting` ( `store_id`, `code`, `key`, `value`, `serialized`) VALUES ( '0', 'fractal', 'fractal_background_top_menu', '393939', '0');
INSERT INTO `PREFIX_DB_setting` ( `store_id`, `code`, `key`, `value`, `serialized`) VALUES ( '0', 'fractal', 'fractal_limit_symbolst', '55', '0');
INSERT INTO `PREFIX_DB_setting` ( `store_id`, `code`, `key`, `value`, `serialized`) VALUES ( '0', 'fractal', 'fractal_product_border', '0', '0');
INSERT INTO `PREFIX_DB_setting` ( `store_id`, `code`, `key`, `value`, `serialized`) VALUES ( '0', 'fractal', 'fractal_logo_middle', '0', '0');
INSERT INTO `PREFIX_DB_setting` ( `store_id`, `code`, `key`, `value`, `serialized`) VALUES ( '0', 'fractal', 'fractal_arrowup', '0', '0');
INSERT INTO `PREFIX_DB_setting` ( `store_id`, `code`, `key`, `value`, `serialized`) VALUES ( '0', 'fractal', 'fractal_pr_attribute_seeall', '{"1":"\\u0441\\u043c\\u043e\\u0442\\u0440\\u0435\\u0442\\u044c \\u0432\\u0441\\u0435","2":"see all"}', '1');
INSERT INTO `PREFIX_DB_setting` ( `store_id`, `code`, `key`, `value`, `serialized`) VALUES ( '0', 'fractal', 'fractal_top_links7', '{"1":{"title":{"1":"\\u0412\\u0430\\u0448\\u0430 \\u0432\\u043a\\u043b\\u0430\\u0434\\u043a\\u0430 1","2":"\\u0412\\u0430\\u0448\\u0430 \\u0432\\u043a\\u043b\\u0430\\u0434\\u043a\\u0430 1"},"id":"tabproduct1","description":{"1":"&lt;p&gt;\\u0432\\u0430\\u0448 \\u0442\\u0435\\u043a\\u0441\\u0442 \\u0432\\u043a\\u043b\\u0430\\u0434\\u043a\\u0438 \\u0432\\u0430\\u0448 \\u0442\\u0435\\u043a\\u0441\\u0442 \\u0432\\u043a\\u043b\\u0430\\u0434\\u043a\\u0438 \\u0432\\u0430\\u0448 \\u0442\\u0435\\u043a\\u0441\\u0442 \\u0432\\u043a\\u043b\\u0430\\u0434\\u043a\\u0438 \\u0432\\u0430\\u0448 \\u0442\\u0435\\u043a\\u0441\\u0442 \\u0432\\u043a\\u043b\\u0430\\u0434\\u043a\\u0438&lt;br&gt;&lt;\\/p&gt;                                                                                                                                                           ","2":"&lt;p&gt;\\u0432\\u0430\\u0448 \\u0442\\u0435\\u043a\\u0441\\u0442 \\u0432\\u043a\\u043b\\u0430\\u0434\\u043a\\u0438 \\u0432\\u0430\\u0448 \\u0442\\u0435\\u043a\\u0441\\u0442 \\u0432\\u043a\\u043b\\u0430\\u0434\\u043a\\u0438 \\u0432\\u0430\\u0448 \\u0442\\u0435\\u043a\\u0441\\u0442 \\u0432\\u043a\\u043b\\u0430\\u0434\\u043a\\u0438 \\u0432\\u0430\\u0448 \\u0442\\u0435\\u043a\\u0441\\u0442 \\u0432\\u043a\\u043b\\u0430\\u0434\\u043a\\u0438&lt;br&gt;&lt;\\/p&gt;                                                                                                                                                           "}}}', '1');
INSERT INTO `PREFIX_DB_setting` ( `store_id`, `code`, `key`, `value`, `serialized`) VALUES ( '0', 'fractal', 'fractal_rating_cat', '1', '0');
INSERT INTO `PREFIX_DB_setting` ( `store_id`, `code`, `key`, `value`, `serialized`) VALUES ( '0', 'fractal', 'fractal_description_cat', '1', '0');
INSERT INTO `PREFIX_DB_setting` ( `store_id`, `code`, `key`, `value`, `serialized`) VALUES ( '0', 'fractal', 'fractal_compare_cat', '0', '0');
INSERT INTO `PREFIX_DB_setting` ( `store_id`, `code`, `key`, `value`, `serialized`) VALUES ( '0', 'fractal', 'fractal_cart_img', 'catalog/1_fractal/basket.png', '0');
INSERT INTO `PREFIX_DB_setting` ( `store_id`, `code`, `key`, `value`, `serialized`) VALUES ( '0', 'fractal', 'fractal_callleft', '0', '0');
INSERT INTO `PREFIX_DB_setting` ( `store_id`, `code`, `key`, `value`, `serialized`) VALUES ( '0', 'fractal', 'fractal_wishlist_cat', '0', '0');
INSERT INTO `PREFIX_DB_setting` ( `store_id`, `code`, `key`, `value`, `serialized`) VALUES ( '0', 'fractal', 'fractal_attribute_see', '4', '0');
INSERT INTO `PREFIX_DB_setting` ( `store_id`, `code`, `key`, `value`, `serialized`) VALUES ( '0', 'fractal', 'fractal_pr_attribute_name', '{"1":"\\u0425\\u0430\\u0440\\u0430\\u043a\\u0442\\u0435\\u0440\\u0438\\u0441\\u0442\\u0438\\u043a\\u0438","2":"Attributes"}', '1');
INSERT INTO `PREFIX_DB_setting` ( `store_id`, `code`, `key`, `value`, `serialized`) VALUES ( '0', 'fractal', 'fractal_show_attribute', '0', '0');
INSERT INTO `PREFIX_DB_setting` ( `store_id`, `code`, `key`, `value`, `serialized`) VALUES ( '0', 'fractal', 'fractal_product_mpn', '{"1":"","2":""}', '1');
INSERT INTO `PREFIX_DB_setting` ( `store_id`, `code`, `key`, `value`, `serialized`) VALUES ( '0', 'fractal', 'fractal_product_show_share', '1', '0');
INSERT INTO `PREFIX_DB_setting` ( `store_id`, `code`, `key`, `value`, `serialized`) VALUES ( '0', 'fractal', 'fractal_share', '&lt;script type=&quot;text/javascript&quot; src=&quot;//yastatic.net/es5-shims/0.0.2/es5-shims.min.js&quot; charset=&quot;utf-8&quot;&gt;&lt;/script&gt;&lt;script type=&quot;text/javascript&quot; src=&quot;//yastatic.net/share2/share.js&quot; charset=&quot;utf-8&quot;&gt;&lt;/script&gt;&lt;div class=&quot;ya-share2&quot; data-services=&quot;vkontakte,facebook,odnoklassniki,moimir,gplus,twitter,viber,whatsapp&quot; data-size=&quot;s&quot;&gt;&lt;/div&gt;', '0');
INSERT INTO `PREFIX_DB_setting` ( `store_id`, `code`, `key`, `value`, `serialized`) VALUES ( '0', 'fractal', 'fractal_product_isbn', '{"1":"","2":""}', '1');
INSERT INTO `PREFIX_DB_setting` ( `store_id`, `code`, `key`, `value`, `serialized`) VALUES ( '0', 'fractal', 'fractal_product_jan', '{"1":"","2":""}', '1');
INSERT INTO `PREFIX_DB_setting` ( `store_id`, `code`, `key`, `value`, `serialized`) VALUES ( '0', 'fractal', 'fractal_product_ean', '{"1":"","2":""}', '1');
INSERT INTO `PREFIX_DB_setting` ( `store_id`, `code`, `key`, `value`, `serialized`) VALUES ( '0', 'fractal', 'fractal_product_upc', '{"1":"","2":""}', '1');
INSERT INTO `PREFIX_DB_setting` ( `store_id`, `code`, `key`, `value`, `serialized`) VALUES ( '0', 'fractal', 'fractal_product_sku', '{"1":"","2":""}', '1');
INSERT INTO `PREFIX_DB_setting` ( `store_id`, `code`, `key`, `value`, `serialized`) VALUES ( '0', 'fractal', 'fractal_product_show_mpn', '0', '0');
INSERT INTO `PREFIX_DB_setting` ( `store_id`, `code`, `key`, `value`, `serialized`) VALUES ( '0', 'fractal', 'fractal_product_show_sku', '0', '0');
INSERT INTO `PREFIX_DB_setting` ( `store_id`, `code`, `key`, `value`, `serialized`) VALUES ( '0', 'fractal', 'fractal_product_show_upc', '0', '0');
INSERT INTO `PREFIX_DB_setting` ( `store_id`, `code`, `key`, `value`, `serialized`) VALUES ( '0', 'fractal', 'fractal_product_show_ean', '0', '0');
INSERT INTO `PREFIX_DB_setting` ( `store_id`, `code`, `key`, `value`, `serialized`) VALUES ( '0', 'fractal', 'fractal_product_show_jan', '0', '0');
INSERT INTO `PREFIX_DB_setting` ( `store_id`, `code`, `key`, `value`, `serialized`) VALUES ( '0', 'fractal', 'fractal_product_show_isbn', '0', '0');
INSERT INTO `PREFIX_DB_setting` ( `store_id`, `code`, `key`, `value`, `serialized`) VALUES ( '0', 'fractal', 'fractal_product_optionimg_height', '70', '0');
INSERT INTO `PREFIX_DB_setting` ( `store_id`, `code`, `key`, `value`, `serialized`) VALUES ( '0', 'fractal', 'fractal_product_optionimg_width', '70', '0');
INSERT INTO `PREFIX_DB_setting` ( `store_id`, `code`, `key`, `value`, `serialized`) VALUES ( '0', 'fractal', 'fractal_product_man_height', '50', '0');
INSERT INTO `PREFIX_DB_setting` ( `store_id`, `code`, `key`, `value`, `serialized`) VALUES ( '0', 'fractal', 'fractal_product_man_width', '50', '0');
INSERT INTO `PREFIX_DB_setting` ( `store_id`, `code`, `key`, `value`, `serialized`) VALUES ( '0', 'fractal', 'fractal_product_sticky_menu', '0', '0');
INSERT INTO `PREFIX_DB_setting` ( `store_id`, `code`, `key`, `value`, `serialized`) VALUES ( '0', 'fractal', 'fractal_product_timer', '0', '0');
INSERT INTO `PREFIX_DB_setting` ( `store_id`, `code`, `key`, `value`, `serialized`) VALUES ( '0', 'fractal', 'fractal_product_raiting', '5', '0');
INSERT INTO `PREFIX_DB_setting` ( `store_id`, `code`, `key`, `value`, `serialized`) VALUES ( '0', 'fractal', 'fractal_product_man_img', '0', '0');
INSERT INTO `PREFIX_DB_setting` ( `store_id`, `code`, `key`, `value`, `serialized`) VALUES ( '0', 'fractal', 'fractal_product_kod_tovara', '0', '0');
INSERT INTO `PREFIX_DB_setting` ( `store_id`, `code`, `key`, `value`, `serialized`) VALUES ( '0', 'fractal', 'fractal_product_weight', '0', '0');
INSERT INTO `PREFIX_DB_setting` ( `store_id`, `code`, `key`, `value`, `serialized`) VALUES ( '0', 'fractal', 'fractal_product_size', '0', '0');
INSERT INTO `PREFIX_DB_setting` ( `store_id`, `code`, `key`, `value`, `serialized`) VALUES ( '0', 'fractal', 'fractal_elevatezoom', '0', '0');
INSERT INTO `PREFIX_DB_setting` ( `store_id`, `code`, `key`, `value`, `serialized`) VALUES ( '0', 'fractal', 'fractal_description_top_or_bot', '0', '0');
INSERT INTO `PREFIX_DB_setting` ( `store_id`, `code`, `key`, `value`, `serialized`) VALUES ( '0', 'fractal', 'fractal_sort_cat', '0', '0');
INSERT INTO `PREFIX_DB_setting` ( `store_id`, `code`, `key`, `value`, `serialized`) VALUES ( '0', 'fractal', 'fractal_count_cat', '0', '0');
INSERT INTO `PREFIX_DB_setting` ( `store_id`, `code`, `key`, `value`, `serialized`) VALUES ( '0', 'fractal', 'fractal_categories_2lv_height', '100', '0');
INSERT INTO `PREFIX_DB_setting` ( `store_id`, `code`, `key`, `value`, `serialized`) VALUES ( '0', 'fractal', 'fractal_categories_2lv', '0', '0');
INSERT INTO `PREFIX_DB_setting` ( `store_id`, `code`, `key`, `value`, `serialized`) VALUES ( '0', 'fractal', 'fractal_categories_2lv_width', '165', '0');
INSERT INTO `PREFIX_DB_setting` ( `store_id`, `code`, `key`, `value`, `serialized`) VALUES ( '0', 'fractal', 'fractal_sticker_product_top_viewed', '200', '0');
INSERT INTO `PREFIX_DB_setting` ( `store_id`, `code`, `key`, `value`, `serialized`) VALUES ( '0', 'fractal', 'fractal_sticker_product_top_rating', '0', '0');
INSERT INTO `PREFIX_DB_setting` ( `store_id`, `code`, `key`, `value`, `serialized`) VALUES ( '0', 'fractal', 'fractal_sticker_product_top_ratinr', '1', '0');
INSERT INTO `PREFIX_DB_setting` ( `store_id`, `code`, `key`, `value`, `serialized`) VALUES ( '0', 'fractal', 'fractal_sticker_product_new_day', '9000', '0');
INSERT INTO `PREFIX_DB_setting` ( `store_id`, `code`, `key`, `value`, `serialized`) VALUES ( '0', 'fractal', 'fractal_name_sticker_product_top', '{"1":"TOP","2":"TOP"}', '1');
INSERT INTO `PREFIX_DB_setting` ( `store_id`, `code`, `key`, `value`, `serialized`) VALUES ( '0', 'fractal', 'fractal_name_sticker_product_new', '{"1":"NEW","2":"NEW"}', '1');
INSERT INTO `PREFIX_DB_setting` ( `store_id`, `code`, `key`, `value`, `serialized`) VALUES ( '0', 'fractal', 'fractal_sticker_top_product_auto', '1', '0');
INSERT INTO `PREFIX_DB_setting` ( `store_id`, `code`, `key`, `value`, `serialized`) VALUES ( '0', 'fractal', 'fractal_sticker_new_product_auto', '1', '0');
INSERT INTO `PREFIX_DB_setting` ( `store_id`, `code`, `key`, `value`, `serialized`) VALUES ( '0', 'fractal', 'fractal_name_sticker_menu_top', '{"1":"TOP","2":"TOP"}', '1');
INSERT INTO `PREFIX_DB_setting` ( `store_id`, `code`, `key`, `value`, `serialized`) VALUES ( '0', 'fractal', 'fractal_name_sticker_menu_sale', '{"1":"SALE","2":"SALE"}', '1');
INSERT INTO `PREFIX_DB_setting` ( `store_id`, `code`, `key`, `value`, `serialized`) VALUES ( '0', 'fractal', 'fractal_sticker_sale_product_auto', '0', '0');
INSERT INTO `PREFIX_DB_setting` ( `store_id`, `code`, `key`, `value`, `serialized`) VALUES ( '0', 'fractal', 'fractal_name_sticker_menu_new', '{"1":"NEW","2":"NEW"}', '1');
INSERT INTO `PREFIX_DB_setting` ( `store_id`, `code`, `key`, `value`, `serialized`) VALUES ( '0', 'fractal', 'fractal_seevmenu_menu', '0', '0');
INSERT INTO `PREFIX_DB_setting` ( `store_id`, `code`, `key`, `value`, `serialized`) VALUES ( '0', 'fractal', 'fractal_seevmenuico', '0', '0');
INSERT INTO `PREFIX_DB_setting` ( `store_id`, `code`, `key`, `value`, `serialized`) VALUES ( '0', 'fractal', 'fractal_vmenu_menu', '{"1":"\\u041a\\u0410\\u0422\\u0410\\u041b\\u041e\\u0413 \\u0422\\u041e\\u0412\\u0410\\u0420\\u041e\\u0412","2":"categories"}', '1');
INSERT INTO `PREFIX_DB_setting` ( `store_id`, `code`, `key`, `value`, `serialized`) VALUES ( '0', 'fractal', 'fractal_seeall_menu', '{"1":"\\u0421\\u043c\\u043e\\u0442\\u0440\\u0435\\u0442\\u044c \\u0432\\u0441\\u0435","2":"see all"}', '1');
INSERT INTO `PREFIX_DB_setting` ( `store_id`, `code`, `key`, `value`, `serialized`) VALUES ( '0', 'fractal', 'fractal_countvmenulv', '3', '0');
INSERT INTO `PREFIX_DB_setting` ( `store_id`, `code`, `key`, `value`, `serialized`) VALUES ( '0', 'fractal', 'fractal_sticker_menu', '0', '0');
INSERT INTO `PREFIX_DB_setting` ( `store_id`, `code`, `key`, `value`, `serialized`) VALUES ( '0', 'fractal', 'fractal_top_links8', '{"1":{"title":{"1":"\\u041d\\u043e\\u0432\\u043e\\u0441\\u0442\\u0438","2":"News"},"faicons_top":"","link_top":{"1":"all-news","2":"all-news"}},"2":{"title":{"1":"FAQ","2":"FAQ"},"faicons_top":"","link_top":{"1":"faq","2":"faq"}},"3":{"title":{"1":"\\u041e\\u0442\\u0437\\u044b\\u0432\\u044b","2":"\\u041e\\u0442\\u0437\\u044b\\u0432\\u044b"},"faicons_top":"","link_top":{"1":"review","2":"review"}}}', '1');
INSERT INTO `PREFIX_DB_setting` ( `store_id`, `code`, `key`, `value`, `serialized`) VALUES ( '0', 'fractal', 'fractal_man_menu', '0', '0');
INSERT INTO `PREFIX_DB_setting` ( `store_id`, `code`, `key`, `value`, `serialized`) VALUES ( '0', 'fractal', 'fractal_info_menu', '1', '0');
INSERT INTO `PREFIX_DB_setting` ( `store_id`, `code`, `key`, `value`, `serialized`) VALUES ( '0', 'fractal', 'fractal_3lv_menu', '0', '0');
INSERT INTO `PREFIX_DB_setting` ( `store_id`, `code`, `key`, `value`, `serialized`) VALUES ( '0', 'fractal', 'fractal_photos_menuman_height', '50', '0');
INSERT INTO `PREFIX_DB_setting` ( `store_id`, `code`, `key`, `value`, `serialized`) VALUES ( '0', 'fractal', 'fractal_photos_menuman_width', '50', '0');
INSERT INTO `PREFIX_DB_setting` ( `store_id`, `code`, `key`, `value`, `serialized`) VALUES ( '0', 'fractal', 'fractal_menuman_column', '6', '0');
INSERT INTO `PREFIX_DB_setting` ( `store_id`, `code`, `key`, `value`, `serialized`) VALUES ( '0', 'fractal', 'fractal_photos_height_image_main', '230', '0');
INSERT INTO `PREFIX_DB_setting` ( `store_id`, `code`, `key`, `value`, `serialized`) VALUES ( '0', 'fractal', 'fractal_photos_width_image_main', '165', '0');
INSERT INTO `PREFIX_DB_setting` ( `store_id`, `code`, `key`, `value`, `serialized`) VALUES ( '0', 'fractal', 'fractal_photos_menu_height', '106', '0');
INSERT INTO `PREFIX_DB_setting` ( `store_id`, `code`, `key`, `value`, `serialized`) VALUES ( '0', 'fractal', 'fractal_photos_menu_width', '181', '0');
INSERT INTO `PREFIX_DB_setting` ( `store_id`, `code`, `key`, `value`, `serialized`) VALUES ( '0', 'fractal', 'fractal_main_photos_menu', '1', '0');
INSERT INTO `PREFIX_DB_setting` ( `store_id`, `code`, `key`, `value`, `serialized`) VALUES ( '0', 'fractal', 'fractal_photos_menu_manuf', '0', '0');
INSERT INTO `PREFIX_DB_setting` ( `store_id`, `code`, `key`, `value`, `serialized`) VALUES ( '0', 'fractal', 'fractal_photos_menu', '0', '0');
INSERT INTO `PREFIX_DB_setting` ( `store_id`, `code`, `key`, `value`, `serialized`) VALUES ( '0', 'aridius_popupmail', 'aridius_popupmail_placeholder', '{"1":"\\u0412\\u0432\\u0435\\u0434\\u0438\\u0442\\u0435 \\u0432\\u0430\\u0448 e-mail","2":"\\u0412\\u0432\\u0435\\u0434\\u0438\\u0442\\u0435 \\u0432\\u0430\\u0448 e-mail"}', '1');
INSERT INTO `PREFIX_DB_setting` ( `store_id`, `code`, `key`, `value`, `serialized`) VALUES ( '0', 'fractal', 'fractal_product_info_block', '{"1":"&lt;div class=&quot;product-info&quot;&gt;&lt;div class=&quot;title-product-info&quot;&gt;\\u041e\\u043f\\u043b\\u0430\\u0442\\u0430&lt;\\/div&gt;&lt;div class=&quot;text-product-info&quot;&gt;\\u041d\\u0430\\u043b\\u0438\\u0447\\u043d\\u044b\\u043c\\u0438, \\u0411\\u0435\\u0437\\u043d\\u0430\\u043b\\u0438\\u0447\\u043d\\u044b\\u043c\\u0438, \\u041a\\u0440\\u0435\\u0434\\u0438\\u0442, Visa\\/MasterCard, \\u042f\\u0434\\u0435\\u043d\\u044c\\u0433\\u0438&lt;\\/div&gt;&lt;div class=&quot;title-product-info&quot;&gt;\\u0414\\u043e\\u0441\\u0442\\u0430\\u0432\\u043a\\u0430&lt;\\/div&gt;&lt;div class=&quot;title-product-info2&quot;&gt;\\u0421\\u0430\\u043c\\u043e\\u0432\\u044b\\u0432\\u043e\\u0437&lt;\\/div&gt;&lt;div class=&quot;text-product-info&quot;&gt;\\u0412\\u044b \\u043c\\u043e\\u0436\\u0435\\u0442\\u0435 \\u0437\\u0430\\u0431\\u0440\\u0430\\u0442\\u044c \\u044d\\u0442\\u043e\\u0442 \\u0442\\u043e\\u0432\\u0430\\u0440 \\u0438\\u0437 \\u043d\\u0430\\u0448\\u0435\\u0433\\u043e \\u043c\\u0430\\u0433\\u0430\\u0437\\u0438\\u043d\\u0430 \\u0441\\u0430\\u043c\\u0438&lt;\\/div&gt;&lt;div class=&quot;title-product-info2&quot;&gt;\\u041a\\u0443\\u0440\\u044c\\u0435\\u0440&lt;\\/div&gt;&lt;div class=&quot;text-product-info&quot;&gt;\\u041c\\u044b \\u0434\\u043e\\u0441\\u0442\\u0430\\u0432\\u0438\\u043c \\u044d\\u0442\\u043e\\u0442 \\u0442\\u043e\\u0432\\u0430\\u0440 \\u043a\\u0443\\u0440\\u044c\\u0435\\u0440\\u043e\\u043c \\u0441\\u043b\\u0443\\u0436\\u0431\\u044b \\u0434\\u043e\\u0441\\u0442\\u0430\\u0432\\u043a\\u0438&lt;\\/div&gt;&lt;div class=&quot;title-product-info&quot;&gt;100% \\u0433\\u0430\\u0440\\u0430\\u043d\\u0442\\u0438\\u044f \\u0432\\u043e\\u0437\\u0432\\u0440\\u0430\\u0442\\u0430&lt;\\/div&gt;&lt;div class=&quot;text-product-info&quot;&gt;\\u0412\\u043e\\u0437\\u0432\\u0440\\u0430\\u0442 \\u0432 \\u0442\\u0435\\u0447\\u0435\\u043d\\u0438\\u0438 14 \\u0434\\u043d\\u0435\\u0439&lt;\\/div&gt;&lt;\\/div&gt;","2":"&lt;div class=&quot;product-info&quot;&gt;&lt;div class=&quot;title-product-info&quot;&gt;\\u041e\\u043f\\u043b\\u0430\\u0442\\u0430&lt;\\/div&gt;&lt;div class=&quot;text-product-info&quot;&gt;\\u041d\\u0430\\u043b\\u0438\\u0447\\u043d\\u044b\\u043c\\u0438, \\u0411\\u0435\\u0437\\u043d\\u0430\\u043b\\u0438\\u0447\\u043d\\u044b\\u043c\\u0438, \\u041a\\u0440\\u0435\\u0434\\u0438\\u0442, Visa\\/MasterCard, \\u042f\\u0434\\u0435\\u043d\\u044c\\u0433\\u0438&lt;\\/div&gt;&lt;div class=&quot;title-product-info&quot;&gt;\\u0414\\u043e\\u0441\\u0442\\u0430\\u0432\\u043a\\u0430&lt;\\/div&gt;&lt;div class=&quot;title-product-info2&quot;&gt;\\u0421\\u0430\\u043c\\u043e\\u0432\\u044b\\u0432\\u043e\\u0437&lt;\\/div&gt;&lt;div class=&quot;text-product-info&quot;&gt;\\u0412\\u044b \\u043c\\u043e\\u0436\\u0435\\u0442\\u0435 \\u0437\\u0430\\u0431\\u0440\\u0430\\u0442\\u044c \\u044d\\u0442\\u043e\\u0442 \\u0442\\u043e\\u0432\\u0430\\u0440 \\u0438\\u0437 \\u043d\\u0430\\u0448\\u0435\\u0433\\u043e \\u043c\\u0430\\u0433\\u0430\\u0437\\u0438\\u043d\\u0430 \\u0441\\u0430\\u043c\\u0438&lt;\\/div&gt;&lt;div class=&quot;title-product-info2&quot;&gt;\\u041a\\u0443\\u0440\\u044c\\u0435\\u0440&lt;\\/div&gt;&lt;div class=&quot;text-product-info&quot;&gt;\\u041c\\u044b \\u0434\\u043e\\u0441\\u0442\\u0430\\u0432\\u0438\\u043c \\u044d\\u0442\\u043e\\u0442 \\u0442\\u043e\\u0432\\u0430\\u0440 \\u043a\\u0443\\u0440\\u044c\\u0435\\u0440\\u043e\\u043c \\u0441\\u043b\\u0443\\u0436\\u0431\\u044b \\u0434\\u043e\\u0441\\u0442\\u0430\\u0432\\u043a\\u0438&lt;\\/div&gt;&lt;div class=&quot;title-product-info&quot;&gt;100% \\u0433\\u0430\\u0440\\u0430\\u043d\\u0442\\u0438\\u044f \\u0432\\u043e\\u0437\\u0432\\u0440\\u0430\\u0442\\u0430&lt;\\/div&gt;&lt;div class=&quot;text-product-info&quot;&gt;\\u0412\\u043e\\u0437\\u0432\\u0440\\u0430\\u0442 \\u0432 \\u0442\\u0435\\u0447\\u0435\\u043d\\u0438\\u0438 14 \\u0434\\u043d\\u0435\\u0439&lt;\\/div&gt;&lt;\\/div&gt;"}', '1');
INSERT INTO `PREFIX_DB_setting` ( `store_id`, `code`, `key`, `value`, `serialized`) VALUES ( '0', 'aridius_popupmail', 'aridius_popupmail_pl', '{"1":"\\u041f\\u041e\\u0414\\u041f\\u0418\\u0421\\u0410\\u0422\\u042c\\u0421\\u042f","2":"\\u041f\\u041e\\u0414\\u041f\\u0418\\u0421\\u0410\\u0422\\u042c\\u0421\\u042f"}', '1');
INSERT INTO `PREFIX_DB_setting` ( `store_id`, `code`, `key`, `value`, `serialized`) VALUES ( '0', 'fractal', 'fractal_ico_home', '0', '0');
INSERT INTO `PREFIX_DB_setting` ( `store_id`, `code`, `key`, `value`, `serialized`) VALUES ( '0', 'fractal', 'fractal_ico_home_text', '1', '0');
INSERT INTO `PREFIX_DB_setting` ( `store_id`, `code`, `key`, `value`, `serialized`) VALUES ( '0', 'fractal', 'fractal_sitemap_footer', '0', '0');
INSERT INTO `PREFIX_DB_setting` ( `store_id`, `code`, `key`, `value`, `serialized`) VALUES ( '0', 'fractal', 'fractal_manufacturer_footer', '0', '0');
INSERT INTO `PREFIX_DB_setting` ( `store_id`, `code`, `key`, `value`, `serialized`) VALUES ( '0', 'fractal', 'fractal_voucher_footer', '0', '0');
INSERT INTO `PREFIX_DB_setting` ( `store_id`, `code`, `key`, `value`, `serialized`) VALUES ( '0', 'fractal', 'fractal_affiliate_footer', '0', '0');
INSERT INTO `PREFIX_DB_setting` ( `store_id`, `code`, `key`, `value`, `serialized`) VALUES ( '0', 'fractal', 'fractal_special_footer', '0', '0');
INSERT INTO `PREFIX_DB_setting` ( `store_id`, `code`, `key`, `value`, `serialized`) VALUES ( '0', 'fractal', 'fractal_account_footer', '0', '0');
INSERT INTO `PREFIX_DB_setting` ( `store_id`, `code`, `key`, `value`, `serialized`) VALUES ( '0', 'fractal', 'fractal_order_footer', '0', '0');
INSERT INTO `PREFIX_DB_setting` ( `store_id`, `code`, `key`, `value`, `serialized`) VALUES ( '0', 'fractal', 'fractal_wishlist_footer', '0', '0');
INSERT INTO `PREFIX_DB_setting` ( `store_id`, `code`, `key`, `value`, `serialized`) VALUES ( '0', 'fractal', 'fractal_newsletter_footer', '0', '0');
INSERT INTO `PREFIX_DB_setting` ( `store_id`, `code`, `key`, `value`, `serialized`) VALUES ( '0', 'fractal', 'fractal_top_links2', '{"1":{"faicons_top":"fa fa-odnoklassniki","link_top":"https:\\/\\/ok.ru\\/","tooltipseti":"odnoklassniki"},"2":{"faicons_top":"fa fa-vk","link_top":"https:\\/\\/vk.com","tooltipseti":"vk"},"3":{"faicons_top":"fa fa-skype","link_top":"skype.com","tooltipseti":"skype"},"4":{"faicons_top":"fa fa-odnoklassniki","link_top":"https:\\/\\/ok.ru\\/","tooltipseti":"odnoklassniki"}}', '1');
INSERT INTO `PREFIX_DB_setting` ( `store_id`, `code`, `key`, `value`, `serialized`) VALUES ( '0', 'fractal', 'fractal_footer_pay', 'catalog/1_fractal/payment.png', '0');
INSERT INTO `PREFIX_DB_setting` ( `store_id`, `code`, `key`, `value`, `serialized`) VALUES ( '0', 'fractal', 'fractal_description', '{"1":"&lt;p&gt;\\u0418\\u043d\\u0442\\u0435\\u0440\\u043d\\u0435\\u0442-\\u043c\\u0430\\u0433\\u0430\\u0437\\u0438\\u043d (\\u0430\\u043d\\u0433\\u043b. online shop \\u0438\\u043b\\u0438 e-shop) \\u2014 \\u0441\\u0430\\u0439\\u0442, \\u0442\\u043e\\u0440\\u0433\\u0443\\u044e\\u0449\\u0438\\u0439 \\u0442\\u043e\\u0432\\u0430\\u0440\\u0430\\u043c\\u0438 \\u043f\\u043e\\u0441\\u0440\\u0435\\u0434\\u0441\\u0442\\u0432\\u043e\\u043c \\u0441\\u0435\\u0442\\u0438 \\u0418\\u043d\\u0442\\u0435\\u0440\\u043d\\u0435\\u0442. \\u041f\\u043e\\u0437\\u0432\\u043e\\u043b\\u044f\\u0435\\u0442 \\u043f\\u043e\\u043b\\u044c\\u0437\\u043e\\u0432\\u0430\\u0442\\u0435\\u043b\\u044f\\u043c \\u043e\\u043d\\u043b\\u0430\\u0439\\u043d, \\u0432 \\u0441\\u0432\\u043e\\u0451\\u043c \\u0431\\u0440\\u0430\\u0443\\u0437\\u0435\\u0440\\u0435 \\u0438\\u043b\\u0438 \\u0447\\u0435\\u0440\\u0435\\u0437 \\u043c\\u043e\\u0431\\u0438\\u043b\\u044c\\u043d\\u043e\\u0435 \\u043f\\u0440\\u0438\\u043b\\u043e\\u0436\\u0435\\u043d\\u0438\\u0435&lt;br&gt;&lt;\\/p&gt;","2":"&lt;p&gt;\\u0418\\u043d\\u0442\\u0435\\u0440\\u043d\\u0435\\u0442-\\u043c\\u0430\\u0433\\u0430\\u0437\\u0438\\u043d (\\u0430\\u043d\\u0433\\u043b. online shop \\u0438\\u043b\\u0438 e-shop) \\u2014 \\u0441\\u0430\\u0439\\u0442, \\u0442\\u043e\\u0440\\u0433\\u0443\\u044e\\u0449\\u0438\\u0439 \\u0442\\u043e\\u0432\\u0430\\u0440\\u0430\\u043c\\u0438 \\u043f\\u043e\\u0441\\u0440\\u0435\\u0434\\u0441\\u0442\\u0432\\u043e\\u043c \\u0441\\u0435\\u0442\\u0438 \\u0418\\u043d\\u0442\\u0435\\u0440\\u043d\\u0435\\u0442. \\u041f\\u043e\\u0437\\u0432\\u043e\\u043b\\u044f\\u0435\\u0442 \\u043f\\u043e\\u043b\\u044c\\u0437\\u043e\\u0432\\u0430\\u0442\\u0435\\u043b\\u044f\\u043c \\u043e\\u043d\\u043b\\u0430\\u0439\\u043d, \\u0432 \\u0441\\u0432\\u043e\\u0451\\u043c \\u0431\\u0440\\u0430\\u0443\\u0437\\u0435\\u0440\\u0435 \\u0438\\u043b\\u0438 \\u0447\\u0435\\u0440\\u0435\\u0437 \\u043c\\u043e\\u0431\\u0438\\u043b\\u044c\\u043d\\u043e\\u0435 \\u043f\\u0440\\u0438\\u043b\\u043e\\u0436\\u0435\\u043d\\u0438\\u0435&lt;br&gt;&lt;\\/p&gt;"}', '1');
INSERT INTO `PREFIX_DB_setting` ( `store_id`, `code`, `key`, `value`, `serialized`) VALUES ( '0', 'fractal', 'fractal_sticky_menu', '0', '0');
INSERT INTO `PREFIX_DB_setting` ( `store_id`, `code`, `key`, `value`, `serialized`) VALUES ( '0', 'fractal', 'fractal_license_text', '{"1":"\\u0420\\u0430\\u0431\\u043e\\u0442\\u0430\\u0435\\u0442 \\u043d\\u0430 &lt;a href=\'http:\\/\\/myopencart.com\\/\' target=\'_blank\'&gt;ocStore&lt;\\/a&gt; Fractal \\u00a9 2016","2":"\\u0420\\u0430\\u0431\\u043e\\u0442\\u0430\\u0435\\u0442 \\u043d\\u0430 &lt;a href=\'http:\\/\\/myopencart.com\\/\' target=\'_blank\'&gt;ocStore&lt;\\/a&gt; Fractal \\u00a9 2016"}', '1');
INSERT INTO `PREFIX_DB_setting` ( `store_id`, `code`, `key`, `value`, `serialized`) VALUES ( '0', 'fractal', 'fractal_product_show_infoblock', '0', '0');
INSERT INTO `PREFIX_DB_setting` ( `store_id`, `code`, `key`, `value`, `serialized`) VALUES ( '0', 'fractal', 'fractal_description_map_logo', '{"1":"&lt;p&gt;\\u0442\\u0440\\u0430\\u043c\\u0432\\u0430\\u0435\\u043c 1,5,12&lt;\\/p&gt;&lt;p&gt;\\u0430\\u0432\\u0442\\u043e\\u0431\\u0443\\u0441\\u043e\\u043c 32, 11&lt;br&gt;&lt;\\/p&gt;","2":"&lt;p&gt;\\u0442\\u0440\\u0430\\u043c\\u0432\\u0430\\u0435\\u043c 1,5,12&lt;\\/p&gt;&lt;p&gt;\\u0430\\u0432\\u0442\\u043e\\u0431\\u0443\\u0441\\u043e\\u043c 32, 11&lt;br&gt;&lt;\\/p&gt;"}', '1');
INSERT INTO `PREFIX_DB_setting` ( `store_id`, `code`, `key`, `value`, `serialized`) VALUES ( '0', 'fractal', 'fractal_return_footer', '0', '0');
INSERT INTO `PREFIX_DB_setting` ( `store_id`, `code`, `key`, `value`, `serialized`) VALUES ( '0', 'fractal', 'fractal_mail_footer', '{"1":"fractal@gmail.com","2":"fractal@gmail.com"}', '1');
INSERT INTO `PREFIX_DB_setting` ( `store_id`, `code`, `key`, `value`, `serialized`) VALUES ( '0', 'fractal', 'fractal_contact_footer', '0', '0');
INSERT INTO `PREFIX_DB_setting` ( `store_id`, `code`, `key`, `value`, `serialized`) VALUES ( '0', 'aridius_popupsize', 'aridius_popupsize_status', '1', '0');
INSERT INTO `PREFIX_DB_setting` ( `store_id`, `code`, `key`, `value`, `serialized`) VALUES ( '0', 'fractal', 'fractal_addres_footer', '{"1":"\\u0433. \\u041c\\u043e\\u0441\\u043a\\u0432\\u0430 \\u0443\\u043b. \\u0410\\u0437\\u043e\\u0432\\u0441\\u043a\\u0430\\u044f, 25","2":"Russian Federation"}', '1');
INSERT INTO `PREFIX_DB_setting` ( `store_id`, `code`, `key`, `value`, `serialized`) VALUES ( '0', 'fractal', 'fractal_time_footer', '{"1":"10 - 22","2":"10 - 22"}', '1');
INSERT INTO `PREFIX_DB_setting` ( `store_id`, `code`, `key`, `value`, `serialized`) VALUES ( '0', 'fractal', 'fractal_skype_footer', '{"1":"fractal","2":"fractal"}', '1');
INSERT INTO `PREFIX_DB_setting` ( `store_id`, `code`, `key`, `value`, `serialized`) VALUES ( '0', 'fractal', 'fractal_telephone2_footer', '{"1":"+7(495)66-555-65","2":"+2(495)66-555-65"}', '1');
INSERT INTO `PREFIX_DB_setting` ( `store_id`, `code`, `key`, `value`, `serialized`) VALUES ( '0', 'fractal', 'fractal_telephone1_footer', '{"1":"+7(495)66-555-55","2":"+2(495)66-555-55"}', '1');
INSERT INTO `PREFIX_DB_setting` ( `store_id`, `code`, `key`, `value`, `serialized`) VALUES ( '0', 'fractal', 'fractal_telephone_footer', '{"1":"+7(495)66-555-45","2":"+2(495)66-555-45"}', '1');
INSERT INTO `PREFIX_DB_setting` ( `store_id`, `code`, `key`, `value`, `serialized`) VALUES ( '0', 'fractal', 'fractal_latitude_fluid_map', '{"1":"59.9324357","2":"59.9324357"}', '1');
INSERT INTO `PREFIX_DB_setting` ( `store_id`, `code`, `key`, `value`, `serialized`) VALUES ( '0', 'fractal', 'fractal_show_info_marker_block', '0', '0');
INSERT INTO `PREFIX_DB_setting` ( `store_id`, `code`, `key`, `value`, `serialized`) VALUES ( '0', 'fractal', 'fractal_longitude_fluid_map', '{"1":"30.3518969","2":"30.3518969"}', '1');
INSERT INTO `PREFIX_DB_setting` ( `store_id`, `code`, `key`, `value`, `serialized`) VALUES ( '0', 'fractal', 'fractal_show_contactblock', '0', '0');
INSERT INTO `PREFIX_DB_setting` ( `store_id`, `code`, `key`, `value`, `serialized`) VALUES ( '0', 'fractal', 'fractal_show_fluid_map_footer', '0', '0');
INSERT INTO `PREFIX_DB_setting` ( `store_id`, `code`, `key`, `value`, `serialized`) VALUES ( '0', 'fractal', 'fractal_fluid_map_zoom', '14', '0');
INSERT INTO `PREFIX_DB_setting` ( `store_id`, `code`, `key`, `value`, `serialized`) VALUES ( '0', 'fractal', 'fractal_footer_imgico', 'catalog/1_fractal/marker2.png', '0');
INSERT INTO `PREFIX_DB_setting` ( `store_id`, `code`, `key`, `value`, `serialized`) VALUES ( '0', 'fractal', 'fractal_top_links5', '{"1":{"title":{"1":"fractal","2":"fractal"},"faicons_top":"fa fa-skype"}}', '1');
INSERT INTO `PREFIX_DB_setting` ( `store_id`, `code`, `key`, `value`, `serialized`) VALUES ( '0', 'fractal', 'fractal_top_links3', '{"1":{"title":{"1":"+7(495)66-555-45","2":"+5(495)66-555-45"},"faicons_top":"fa fa-phone"}}', '1');
INSERT INTO `PREFIX_DB_setting` ( `store_id`, `code`, `key`, `value`, `serialized`) VALUES ( '0', 'fractal', 'fractal_mail_header', '{"1":"fractal@gmail.com","2":"fractal@gmail.com"}', '1');
INSERT INTO `PREFIX_DB_setting` ( `store_id`, `code`, `key`, `value`, `serialized`) VALUES ( '0', 'fractal', 'fractal_compare_top', '0', '0');
INSERT INTO `PREFIX_DB_setting` ( `store_id`, `code`, `key`, `value`, `serialized`) VALUES ( '0', 'fractal', 'fractal_cart_top', '1', '0');
INSERT INTO `PREFIX_DB_setting` ( `store_id`, `code`, `key`, `value`, `serialized`) VALUES ( '0', 'fractal', 'fractal_checkout_top', '1', '0');
INSERT INTO `PREFIX_DB_setting` ( `store_id`, `code`, `key`, `value`, `serialized`) VALUES ( '0', 'fractal', 'fractal_calltop', '0', '0');
INSERT INTO `PREFIX_DB_setting` ( `store_id`, `code`, `key`, `value`, `serialized`) VALUES ( '0', 'fractal', 'fractal_top_links6', '{"1":{"title":{"1":"FAQ","2":"FAQ"},"faicons_top":"fa fa-cog","link_top":{"1":"Faq","2":"Faq"}}}', '1');
INSERT INTO `PREFIX_DB_setting` ( `store_id`, `code`, `key`, `value`, `serialized`) VALUES ( '0', 'fractal', 'fractal_telephone_mainheader', '{"1":"+7(495)66-555-55","2":"+5(495)66-555-55"}', '1');
INSERT INTO `PREFIX_DB_setting` ( `store_id`, `code`, `key`, `value`, `serialized`) VALUES ( '0', 'fractal', 'fractal_wishlist_top', '0', '0');
INSERT INTO `PREFIX_DB_setting` ( `store_id`, `code`, `key`, `value`, `serialized`) VALUES ( '0', 'fractal', 'fractal_download_top', '0', '0');
INSERT INTO `PREFIX_DB_setting` ( `store_id`, `code`, `key`, `value`, `serialized`) VALUES ( '0', 'fractal', 'fractal_transaction_top', '0', '0');
INSERT INTO `PREFIX_DB_setting` ( `store_id`, `code`, `key`, `value`, `serialized`) VALUES ( '0', 'fractal', 'fractal_order_top', '0', '0');
INSERT INTO `PREFIX_DB_setting` ( `store_id`, `code`, `key`, `value`, `serialized`) VALUES ( '0', 'fractal', 'fractal_account_top', '0', '0');
INSERT INTO `PREFIX_DB_setting` ( `store_id`, `code`, `key`, `value`, `serialized`) VALUES ( '0', 'fractal', 'fractal_image_location_height', '50', '0');
INSERT INTO `PREFIX_DB_setting` ( `store_id`, `code`, `key`, `value`, `serialized`) VALUES ( '0', 'fractal', 'fractal_image_location_width', '268', '0');
INSERT INTO `PREFIX_DB_setting` ( `store_id`, `code`, `key`, `value`, `serialized`) VALUES ( '0', 'fractal', 'fractal_image_cart_height', '47', '0');
INSERT INTO `PREFIX_DB_setting` ( `store_id`, `code`, `key`, `value`, `serialized`) VALUES ( '0', 'fractal', 'fractal_image_cart_width', '47', '0');
INSERT INTO `PREFIX_DB_setting` ( `store_id`, `code`, `key`, `value`, `serialized`) VALUES ( '0', 'fractal', 'fractal_image_wishlist_height', '47', '0');
INSERT INTO `PREFIX_DB_setting` ( `store_id`, `code`, `key`, `value`, `serialized`) VALUES ( '0', 'fractal', 'fractal_image_wishlist_width', '47', '0');
INSERT INTO `PREFIX_DB_setting` ( `store_id`, `code`, `key`, `value`, `serialized`) VALUES ( '0', 'fractal', 'fractal_image_compare_height', '90', '0');
INSERT INTO `PREFIX_DB_setting` ( `store_id`, `code`, `key`, `value`, `serialized`) VALUES ( '0', 'fractal', 'fractal_image_compare_width', '90', '0');
INSERT INTO `PREFIX_DB_setting` ( `store_id`, `code`, `key`, `value`, `serialized`) VALUES ( '0', 'fractal', 'fractal_image_related_height', '170', '0');
INSERT INTO `PREFIX_DB_setting` ( `store_id`, `code`, `key`, `value`, `serialized`) VALUES ( '0', 'fractal', 'fractal_image_related_width', '200', '0');
INSERT INTO `PREFIX_DB_setting` ( `store_id`, `code`, `key`, `value`, `serialized`) VALUES ( '0', 'fractal', 'fractal_image_additional_height', '47', '0');
INSERT INTO `PREFIX_DB_setting` ( `store_id`, `code`, `key`, `value`, `serialized`) VALUES ( '0', 'fractal', 'fractal_image_additional_width', '47', '0');
INSERT INTO `PREFIX_DB_setting` ( `store_id`, `code`, `key`, `value`, `serialized`) VALUES ( '0', 'fractal', 'fractal_image_product_width', '200', '0');
INSERT INTO `PREFIX_DB_setting` ( `store_id`, `code`, `key`, `value`, `serialized`) VALUES ( '0', 'fractal', 'fractal_image_product_height', '170', '0');
INSERT INTO `PREFIX_DB_setting` ( `store_id`, `code`, `key`, `value`, `serialized`) VALUES ( '0', 'fractal', 'fractal_image_popup_height', '500', '0');
INSERT INTO `PREFIX_DB_setting` ( `store_id`, `code`, `key`, `value`, `serialized`) VALUES ( '0', 'fractal', 'fractal_image_popup_width', '500', '0');
INSERT INTO `PREFIX_DB_setting` ( `store_id`, `code`, `key`, `value`, `serialized`) VALUES ( '0', 'fractal', 'fractal_image_thumb_height', '350', '0');
INSERT INTO `PREFIX_DB_setting` ( `store_id`, `code`, `key`, `value`, `serialized`) VALUES ( '0', 'fractal', 'fractal_image_thumb_width', '400', '0');
INSERT INTO `PREFIX_DB_setting` ( `store_id`, `code`, `key`, `value`, `serialized`) VALUES ( '0', 'fractal', 'fractal_image_category_height', '160', '0');
INSERT INTO `PREFIX_DB_setting` ( `store_id`, `code`, `key`, `value`, `serialized`) VALUES ( '0', 'fractal', 'fractal_image_category_width', '160', '0');
INSERT INTO `PREFIX_DB_setting` ( `store_id`, `code`, `key`, `value`, `serialized`) VALUES ( '0', 'fractal', 'fractal_product_description_length', '191', '0');
INSERT INTO `PREFIX_DB_setting` ( `store_id`, `code`, `key`, `value`, `serialized`) VALUES ( '0', 'fractal', 'fractal_product_limit', '11', '0');
INSERT INTO `PREFIX_DB_setting` ( `store_id`, `code`, `key`, `value`, `serialized`) VALUES ( '0', 'fractal', 'fractal_status', '1', '0');
INSERT INTO `PREFIX_DB_setting` ( `store_id`, `code`, `key`, `value`, `serialized`) VALUES ( '0', 'fractal', 'fractal_directory', 'fractal', '0');
INSERT INTO `PREFIX_DB_setting` ( `store_id`, `code`, `key`, `value`, `serialized`) VALUES ( '0', 'config', 'config_theme', 'fractal', '0');
INSERT INTO `PREFIX_DB_setting` ( `store_id`, `code`, `key`, `value`, `serialized`) VALUES ( '0', 'aridius_letters', 'aridius_lettersdes_status', '0', '0');
INSERT INTO `PREFIX_DB_setting` ( `store_id`, `code`, `key`, `value`, `serialized`) VALUES ( '0', 'aridius_letters', 'aridius_letters_description', '{"1":"&lt;span class=&quot;person_data&quot;&gt;\\u041d\\u0430\\u0436\\u0438\\u043c\\u0430\\u044f \\u043d\\u0430 \\u043a\\u043d\\u043e\\u043f\\u043a\\u0443 \\u00ab\\u041f\\u043e\\u0434\\u043f\\u0438\\u0441\\u0430\\u0442\\u044c\\u0441\\u044f\\u00bb, \\u044f \\u0434\\u0430\\u044e c\\u043e\\u0433\\u043b\\u0430\\u0441\\u0438\\u0435 \\u043d\\u0430 &lt;a href=&quot;person_danie&quot; target=&quot;_blank&quot;&gt;\\u043e\\u0431\\u0440\\u0430\\u0431\\u043e\\u0442\\u043a\\u0443 \\u043f\\u0435\\u0440\\u0441\\u043e\\u043d\\u0430\\u043b\\u044c\\u043d\\u044b\\u0445 \\u0434\\u0430\\u043d\\u043d\\u044b\\u0445.&lt;\\/a&gt;&lt;\\/span&gt;","2":""}', '1');
INSERT INTO `PREFIX_DB_setting` ( `store_id`, `code`, `key`, `value`, `serialized`) VALUES ( '0', 'aridius_popupmail', 'aridius_popupmaildes_status', '0', '0');
INSERT INTO `PREFIX_DB_setting` ( `store_id`, `code`, `key`, `value`, `serialized`) VALUES ( '0', 'aridius_popupmail', 'aridius_popupmail_description', '{"1":"&lt;span class=&quot;person_data2&quot;&gt;\\u041d\\u0430\\u0436\\u0438\\u043c\\u0430\\u044f \\u043d\\u0430 \\u043a\\u043d\\u043e\\u043f\\u043a\\u0443 \\u00ab\\u041f\\u043e\\u0434\\u043f\\u0438\\u0441\\u0430\\u0442\\u044c\\u0441\\u044f\\u00bb, \\u044f \\u0434\\u0430\\u044e c\\u043e\\u0433\\u043b\\u0430\\u0441\\u0438\\u0435 \\u043d\\u0430 &lt;a href=&quot;person_danie&quot; target=&quot;_blank&quot;&gt;\\u043e\\u0431\\u0440\\u0430\\u0431\\u043e\\u0442\\u043a\\u0443 \\u043f\\u0435\\u0440\\u0441\\u043e\\u043d\\u0430\\u043b\\u044c\\u043d\\u044b\\u0445 \\u0434\\u0430\\u043d\\u043d\\u044b\\u0445.&lt;\\/a&gt;&lt;\\/span&gt;","2":""}', '1');
REPLACE INTO `PREFIX_DB_setting` (`setting_id`, `store_id`, `code`, `key`, `value`, `serialized`) VALUES ('41123', '0', 'config', 'config_logo', 'catalog/1_fractal/logo.png', '0');
REPLACE INTO `PREFIX_DB_setting` (`setting_id`, `store_id`, `code`, `key`, `value`, `serialized`) VALUES ('196', '0', 'configcustommenu', 'configcustommenu_custommenu', '0', '0');

INSERT INTO `PREFIX_DB_url_alias` ( `query`, `keyword`, `seomanager`) VALUES ( 'information/aridius_news', 'all-news', '0');
INSERT INTO `PREFIX_DB_url_alias` ( `query`, `keyword`, `seomanager`) VALUES ( 'information/aridius_faq', 'faq', '0');
INSERT INTO `PREFIX_DB_url_alias` ( `query`, `keyword`, `seomanager`) VALUES ( 'extension/module/aridius_store_review', 'review', '0');
INSERT INTO `PREFIX_DB_url_alias` ( `query`, `keyword`, `seomanager`) VALUES ( 'aridius_news_id=1', 'novost1', '0');
INSERT INTO `PREFIX_DB_url_alias` ( `query`, `keyword`, `seomanager`) VALUES ( 'aridius_news_id=2', 'novost2', '0');
INSERT INTO `PREFIX_DB_url_alias` ( `query`, `keyword`, `seomanager`) VALUES ( 'aridius_news_id=3', 'novost3', '0');
INSERT INTO `PREFIX_DB_url_alias` ( `query`, `keyword`, `seomanager`) VALUES ( 'aridius_news_id=4', 'novost5', '0');
INSERT INTO `PREFIX_DB_url_alias` ( `query`, `keyword`, `seomanager`) VALUES ( 'aridius_news_id=5', 'novost4', '0');
INSERT INTO `PREFIX_DB_url_alias` ( `query`, `keyword`, `seomanager`) VALUES ( 'information_id=700', 'person_danie', '0');
